job_name,status,start_time,end_time,duration_min,sla_limit_min,sla_breached,error_code,run_date
NAV_CALC_BATCH,SUCCESS,2024-05-20 07:14:00,2024-05-20 07:27:00,13,50,False,,2024-05-20
TRADE_SETTLE_CHK,SUCCESS,2024-10-06 02:37:00,2024-10-06 02:55:00,18,35,False,,2024-10-06
PORTF_RPT_DAILY,SUCCESS,2024-04-21 07:32:00,2024-04-21 07:56:00,24,30,False,,2024-04-21
PORTF_RPT_DAILY,SUCCESS,2024-11-28 22:34:00,2024-11-28 22:52:00,18,30,False,,2024-11-28
CLIENT_STMT_GEN,SUCCESS,2024-05-22 00:48:00,2024-05-22 01:44:00,56,60,False,,2024-05-22
INVEST_RECON_JOB,FAILED,2024-06-23 08:09:00,2024-06-23 08:16:00,7,45,False,ABEND S0C7,2024-06-23
CASH_FLOW_EXTRACT,SUCCESS,2024-02-19 11:54:00,2024-02-19 12:04:00,10,20,False,,2024-02-19
FX_RATE_LOAD,SUCCESS,2024-01-23 23:29:00,2024-01-23 23:38:00,9,10,False,,2024-01-23
CASH_FLOW_EXTRACT,LATE,2024-07-12 02:35:00,2024-07-12 03:18:00,43,20,True,,2024-07-12
COMPLIANCE_RPT,SUCCESS,2024-07-04 18:12:00,2024-07-04 19:02:00,50,55,False,,2024-07-04
CASH_FLOW_EXTRACT,SUCCESS,2024-04-26 09:05:00,2024-04-26 09:23:00,18,20,False,,2024-04-26
CLIENT_STMT_GEN,ABENDED,2024-07-13 08:29:00,2024-07-13 08:50:00,21,60,False,ABEND S0C7,2024-07-13
INVEST_RECON_JOB,SUCCESS,2024-04-17 21:17:00,2024-04-17 21:26:00,9,45,False,,2024-04-17
FX_RATE_LOAD,SUCCESS,2024-09-30 23:15:00,2024-09-30 23:21:00,6,10,False,,2024-09-30
RISK_CALC_JOB,SUCCESS,2024-11-23 22:35:00,2024-11-23 22:54:00,19,40,False,,2024-11-23
NAV_CALC_BATCH,SUCCESS,2024-01-29 07:52:00,2024-01-29 07:59:00,7,50,False,,2024-01-29
PERF_ATTR_JOB,SUCCESS,2024-05-17 02:13:00,2024-05-17 02:54:00,41,45,False,,2024-05-17
EOD_CLOSE_PROC,FAILED,2024-04-18 20:31:00,2024-04-18 20:57:00,26,70,False,ABEND S222,2024-04-18
INVEST_RECON_JOB,SUCCESS,2024-05-06 23:35:00,2024-05-07 00:14:00,39,45,False,,2024-05-06
SLA_MONITOR_BATCH,FAILED,2024-08-07 18:25:00,2024-08-07 18:28:00,3,15,False,RC=12,2024-08-07
INVEST_RECON_JOB,SUCCESS,2024-02-16 01:55:00,2024-02-16 02:07:00,12,45,False,,2024-02-16
INVEST_RECON_JOB,SUCCESS,2024-12-14 13:38:00,2024-12-14 13:47:00,9,45,False,,2024-12-14
POSITION_SYNC,SUCCESS,2024-08-27 16:16:00,2024-08-27 16:29:00,13,20,False,,2024-08-27
COMPLIANCE_RPT,LATE,2024-12-14 23:07:00,2024-12-15 00:50:00,103,55,True,,2024-12-14
EOD_CLOSE_PROC,SUCCESS,2024-05-16 20:21:00,2024-05-16 20:40:00,19,70,False,,2024-05-16
SLA_MONITOR_BATCH,SUCCESS,2024-08-20 00:46:00,2024-08-20 00:55:00,9,15,False,,2024-08-20
DIVIDEND_PROC,FAILED,2024-09-16 03:55:00,2024-09-16 04:06:00,11,30,False,ABEND S0C7,2024-09-16
COMPLIANCE_RPT,SUCCESS,2024-11-07 06:09:00,2024-11-07 06:37:00,28,55,False,,2024-11-07
PERF_ATTR_JOB,SUCCESS,2024-09-28 00:38:00,2024-09-28 01:03:00,25,45,False,,2024-09-28
RISK_CALC_JOB,SUCCESS,2024-07-04 09:15:00,2024-07-04 09:23:00,8,40,False,,2024-07-04
CLIENT_STMT_GEN,ABENDED,2024-02-10 02:46:00,2024-02-10 03:02:00,16,60,False,RC=8,2024-02-10
PERF_ATTR_JOB,SUCCESS,2024-03-05 04:42:00,2024-03-05 05:17:00,35,45,False,,2024-03-05
DIVIDEND_PROC,SUCCESS,2024-09-27 19:27:00,2024-09-27 19:38:00,11,30,False,,2024-09-27
EOD_CLOSE_PROC,SUCCESS,2024-12-19 06:45:00,2024-12-19 07:29:00,44,70,False,,2024-12-19
POSITION_SYNC,LATE,2024-11-28 11:28:00,2024-11-28 12:26:00,58,20,True,,2024-11-28
RISK_CALC_JOB,SUCCESS,2024-04-25 02:21:00,2024-04-25 02:27:00,6,40,False,,2024-04-25
FX_RATE_LOAD,SUCCESS,2024-10-28 07:00:00,2024-10-28 07:05:00,5,10,False,,2024-10-28
TRADE_SETTLE_CHK,SUCCESS,2024-04-27 02:57:00,2024-04-27 03:03:00,6,35,False,,2024-04-27
COMPLIANCE_RPT,SUCCESS,2024-09-20 07:17:00,2024-09-20 08:04:00,47,55,False,,2024-09-20
RISK_CALC_JOB,SUCCESS,2024-03-08 23:59:00,2024-03-09 00:34:00,35,40,False,,2024-03-08
CLIENT_STMT_GEN,FAILED,2024-07-27 06:06:00,2024-07-27 06:10:00,4,60,False,ABEND S222,2024-07-27
TRANS_LOG_PARSER,SUCCESS,2024-08-27 23:03:00,2024-08-27 23:11:00,8,25,False,,2024-08-27
PORTF_RPT_DAILY,SUCCESS,2024-06-22 03:15:00,2024-06-22 03:26:00,11,30,False,,2024-06-22
CLIENT_STMT_GEN,SUCCESS,2024-03-12 13:11:00,2024-03-12 13:33:00,22,60,False,,2024-03-12
RISK_CALC_JOB,SUCCESS,2024-02-08 14:51:00,2024-02-08 15:02:00,11,40,False,,2024-02-08
PORTF_RPT_DAILY,FAILED,2024-10-03 00:05:00,2024-10-03 00:20:00,15,30,False,RC=12,2024-10-03
INVEST_RECON_JOB,SUCCESS,2024-09-03 06:55:00,2024-09-03 07:25:00,30,45,False,,2024-09-03
EOD_CLOSE_PROC,SUCCESS,2024-07-13 00:24:00,2024-07-13 01:02:00,38,70,False,,2024-07-13
EOD_CLOSE_PROC,FAILED,2024-08-20 09:27:00,2024-08-20 09:59:00,32,70,False,RC=12,2024-08-20
CLIENT_STMT_GEN,SUCCESS,2024-01-30 18:47:00,2024-01-30 19:26:00,39,60,False,,2024-01-30
PORTF_RPT_DAILY,FAILED,2024-01-30 01:37:00,2024-01-30 01:45:00,8,30,False,JCL ERROR,2024-01-30
EOD_CLOSE_PROC,ABENDED,2024-03-21 01:32:00,2024-03-21 01:38:00,6,70,False,RC=12,2024-03-21
CASH_FLOW_EXTRACT,SUCCESS,2024-12-11 07:25:00,2024-12-11 07:31:00,6,20,False,,2024-12-11
EOD_CLOSE_PROC,SUCCESS,2024-10-23 19:02:00,2024-10-23 19:17:00,15,70,False,,2024-10-23
POSITION_SYNC,FAILED,2024-10-16 16:20:00,2024-10-16 16:25:00,5,20,False,RC=12,2024-10-16
NAV_CALC_BATCH,FAILED,2024-05-02 08:25:00,2024-05-02 08:30:00,5,50,False,ABEND S0C7,2024-05-02
RISK_CALC_JOB,SUCCESS,2024-02-07 00:29:00,2024-02-07 00:40:00,11,40,False,,2024-02-07
CASH_FLOW_EXTRACT,SUCCESS,2024-09-16 08:08:00,2024-09-16 08:27:00,19,20,False,,2024-09-16
TRANS_LOG_PARSER,RUNNING,2024-05-05 11:18:00,2024-05-05 11:28:00,10,25,False,,2024-05-05
RISK_CALC_JOB,ABENDED,2024-12-26 09:39:00,2024-12-26 09:56:00,17,40,False,RC=8,2024-12-26
NAV_CALC_BATCH,ABENDED,2024-06-02 21:06:00,2024-06-02 21:11:00,5,50,False,ABEND S0C7,2024-06-02
CASH_FLOW_EXTRACT,RUNNING,2024-10-10 04:17:00,2024-10-10 04:26:00,9,20,False,,2024-10-10
FX_RATE_LOAD,SUCCESS,2024-06-24 06:43:00,2024-06-24 06:50:00,7,10,False,,2024-06-24
DIVIDEND_PROC,SUCCESS,2024-01-27 02:40:00,2024-01-27 02:58:00,18,30,False,,2024-01-27
COMPLIANCE_RPT,SUCCESS,2024-01-02 10:49:00,2024-01-02 11:02:00,13,55,False,,2024-01-02
NAV_CALC_BATCH,LATE,2024-03-23 23:28:00,2024-03-24 00:58:00,90,50,True,,2024-03-23
TRADE_SETTLE_CHK,SUCCESS,2024-01-05 03:04:00,2024-01-05 03:37:00,33,35,False,,2024-01-05
TRADE_SETTLE_CHK,RUNNING,2024-10-06 01:53:00,2024-10-06 02:09:00,16,35,False,,2024-10-06
FX_RATE_LOAD,SUCCESS,2024-08-08 04:02:00,2024-08-08 04:09:00,7,10,False,,2024-08-08
TRANS_LOG_PARSER,RUNNING,2024-01-21 11:13:00,2024-01-21 11:25:00,12,25,False,,2024-01-21
NAV_CALC_BATCH,SUCCESS,2024-10-13 13:39:00,2024-10-13 13:53:00,14,50,False,,2024-10-13
EOD_CLOSE_PROC,RUNNING,2024-03-24 05:56:00,2024-03-24 06:53:00,57,70,False,,2024-03-24
PORTF_RPT_DAILY,SUCCESS,2024-06-19 13:51:00,2024-06-19 14:17:00,26,30,False,,2024-06-19
COMPLIANCE_RPT,FAILED,2024-05-07 08:10:00,2024-05-07 08:36:00,26,55,False,RC=8,2024-05-07
POSITION_SYNC,ABENDED,2024-08-28 07:12:00,2024-08-28 07:20:00,8,20,False,ABEND S0C7,2024-08-28
SLA_MONITOR_BATCH,ABENDED,2024-04-26 07:01:00,2024-04-26 07:07:00,6,15,False,RC=12,2024-04-26
POSITION_SYNC,SUCCESS,2024-02-05 08:22:00,2024-02-05 08:37:00,15,20,False,,2024-02-05
DIVIDEND_PROC,SUCCESS,2024-10-01 10:01:00,2024-10-01 10:09:00,8,30,False,,2024-10-01
EOD_CLOSE_PROC,LATE,2024-04-01 18:16:00,2024-04-01 19:33:00,77,70,True,,2024-04-01
CASH_FLOW_EXTRACT,SUCCESS,2024-06-25 23:50:00,2024-06-26 00:00:00,10,20,False,,2024-06-25
POSITION_SYNC,SUCCESS,2024-09-18 03:24:00,2024-09-18 03:43:00,19,20,False,,2024-09-18
FX_RATE_LOAD,SUCCESS,2024-01-23 22:27:00,2024-01-23 22:32:00,5,10,False,,2024-01-23
DIVIDEND_PROC,RUNNING,2024-10-02 21:46:00,2024-10-02 22:14:00,28,30,False,,2024-10-02
TRADE_SETTLE_CHK,FAILED,2024-07-05 13:04:00,2024-07-05 13:15:00,11,35,False,JCL ERROR,2024-07-05
TRANS_LOG_PARSER,FAILED,2024-03-04 23:57:00,2024-03-05 00:02:00,5,25,False,JCL ERROR,2024-03-04
SLA_MONITOR_BATCH,FAILED,2024-06-16 12:44:00,2024-06-16 12:47:00,3,15,False,JCL ERROR,2024-06-16
INVEST_RECON_JOB,SUCCESS,2024-12-06 12:43:00,2024-12-06 12:59:00,16,45,False,,2024-12-06
FX_RATE_LOAD,SUCCESS,2024-07-26 17:53:00,2024-07-26 17:58:00,5,10,False,,2024-07-26
SLA_MONITOR_BATCH,SUCCESS,2024-08-08 18:38:00,2024-08-08 18:48:00,10,15,False,,2024-08-08
RISK_CALC_JOB,SUCCESS,2024-12-11 06:32:00,2024-12-11 07:07:00,35,40,False,,2024-12-11
PERF_ATTR_JOB,RUNNING,2024-03-27 21:05:00,2024-03-27 21:28:00,23,45,False,,2024-03-27
DIVIDEND_PROC,FAILED,2024-11-13 10:05:00,2024-11-13 10:19:00,14,30,False,RC=12,2024-11-13
NAV_CALC_BATCH,SUCCESS,2024-04-11 04:01:00,2024-04-11 04:08:00,7,50,False,,2024-04-11
CLIENT_STMT_GEN,LATE,2024-11-08 02:29:00,2024-11-08 04:00:00,91,60,True,,2024-11-08
EOD_CLOSE_PROC,SUCCESS,2024-04-09 22:44:00,2024-04-09 23:38:00,54,70,False,,2024-04-09
RISK_CALC_JOB,SUCCESS,2024-03-16 20:44:00,2024-03-16 20:49:00,5,40,False,,2024-03-16
EOD_CLOSE_PROC,FAILED,2024-02-24 13:14:00,2024-02-24 13:26:00,12,70,False,JCL ERROR,2024-02-24
RISK_CALC_JOB,SUCCESS,2024-05-07 03:29:00,2024-05-07 03:42:00,13,40,False,,2024-05-07
PERF_ATTR_JOB,SUCCESS,2024-09-28 17:38:00,2024-09-28 18:03:00,25,45,False,,2024-09-28
PERF_ATTR_JOB,RUNNING,2024-11-09 23:57:00,2024-11-10 00:34:00,37,45,False,,2024-11-09
POSITION_SYNC,ABENDED,2024-10-07 14:57:00,2024-10-07 15:00:00,3,20,False,ABEND S222,2024-10-07
RISK_CALC_JOB,SUCCESS,2024-05-06 20:17:00,2024-05-06 20:55:00,38,40,False,,2024-05-06
RISK_CALC_JOB,SUCCESS,2024-05-20 14:04:00,2024-05-20 14:27:00,23,40,False,,2024-05-20
CLIENT_STMT_GEN,SUCCESS,2024-06-12 17:05:00,2024-06-12 17:18:00,13,60,False,,2024-06-12
INVEST_RECON_JOB,SUCCESS,2024-12-21 04:45:00,2024-12-21 05:03:00,18,45,False,,2024-12-21
CASH_FLOW_EXTRACT,SUCCESS,2024-06-18 17:29:00,2024-06-18 17:40:00,11,20,False,,2024-06-18
PORTF_RPT_DAILY,SUCCESS,2024-08-03 12:57:00,2024-08-03 13:26:00,29,30,False,,2024-08-03
FX_RATE_LOAD,LATE,2024-01-11 18:24:00,2024-01-11 19:09:00,45,10,True,,2024-01-11
PORTF_RPT_DAILY,LATE,2024-06-01 12:54:00,2024-06-01 14:22:00,88,30,True,,2024-06-01
POSITION_SYNC,SUCCESS,2024-10-06 19:57:00,2024-10-06 20:05:00,8,20,False,,2024-10-06
RISK_CALC_JOB,SUCCESS,2024-08-11 15:01:00,2024-08-11 15:30:00,29,40,False,,2024-08-11
TRANS_LOG_PARSER,FAILED,2024-07-26 23:10:00,2024-07-26 23:18:00,8,25,False,RC=12,2024-07-26
FX_RATE_LOAD,SUCCESS,2024-07-20 18:36:00,2024-07-20 18:41:00,5,10,False,,2024-07-20
CASH_FLOW_EXTRACT,SUCCESS,2024-03-10 14:11:00,2024-03-10 14:16:00,5,20,False,,2024-03-10
SLA_MONITOR_BATCH,SUCCESS,2024-04-18 14:20:00,2024-04-18 14:30:00,10,15,False,,2024-04-18
PERF_ATTR_JOB,ABENDED,2024-05-22 13:16:00,2024-05-22 13:19:00,3,45,False,ABEND S222,2024-05-22
PORTF_RPT_DAILY,FAILED,2024-01-27 11:14:00,2024-01-27 11:25:00,11,30,False,RC=8,2024-01-27
PERF_ATTR_JOB,LATE,2024-01-21 00:15:00,2024-01-21 01:17:00,62,45,True,,2024-01-21
COMPLIANCE_RPT,SUCCESS,2024-03-19 07:08:00,2024-03-19 07:43:00,35,55,False,,2024-03-19
NAV_CALC_BATCH,SUCCESS,2024-04-21 14:44:00,2024-04-21 15:05:00,21,50,False,,2024-04-21
PERF_ATTR_JOB,SUCCESS,2024-11-06 19:47:00,2024-11-06 19:59:00,12,45,False,,2024-11-06
PERF_ATTR_JOB,ABENDED,2024-06-08 03:37:00,2024-06-08 03:38:00,1,45,False,ABEND S0C7,2024-06-08
FX_RATE_LOAD,FAILED,2024-07-11 12:45:00,2024-07-11 12:47:00,2,10,False,RC=8,2024-07-11
FX_RATE_LOAD,FAILED,2024-11-17 07:06:00,2024-11-17 07:09:00,3,10,False,JCL ERROR,2024-11-17
PERF_ATTR_JOB,SUCCESS,2024-10-16 01:22:00,2024-10-16 02:01:00,39,45,False,,2024-10-16
POSITION_SYNC,FAILED,2024-02-05 16:41:00,2024-02-05 16:47:00,6,20,False,RC=8,2024-02-05
COMPLIANCE_RPT,SUCCESS,2024-09-07 03:27:00,2024-09-07 03:55:00,28,55,False,,2024-09-07
NAV_CALC_BATCH,RUNNING,2024-08-23 22:09:00,2024-08-23 22:41:00,32,50,False,,2024-08-23
INVEST_RECON_JOB,FAILED,2024-11-29 08:39:00,2024-11-29 08:57:00,18,45,False,ABEND S222,2024-11-29
RISK_CALC_JOB,SUCCESS,2024-10-30 08:20:00,2024-10-30 08:40:00,20,40,False,,2024-10-30
COMPLIANCE_RPT,LATE,2024-05-22 14:15:00,2024-05-22 16:03:00,108,55,True,,2024-05-22
RISK_CALC_JOB,SUCCESS,2024-12-08 12:21:00,2024-12-08 12:27:00,6,40,False,,2024-12-08
RISK_CALC_JOB,ABENDED,2024-04-03 15:13:00,2024-04-03 15:25:00,12,40,False,ABEND S0C7,2024-04-03
TRANS_LOG_PARSER,SUCCESS,2024-11-01 22:56:00,2024-11-01 23:09:00,13,25,False,,2024-11-01
DIVIDEND_PROC,SUCCESS,2024-04-07 02:15:00,2024-04-07 02:43:00,28,30,False,,2024-04-07
POSITION_SYNC,SUCCESS,2024-05-03 22:30:00,2024-05-03 22:45:00,15,20,False,,2024-05-03
TRADE_SETTLE_CHK,SUCCESS,2024-01-09 02:18:00,2024-01-09 02:30:00,12,35,False,,2024-01-09
POSITION_SYNC,FAILED,2024-06-05 21:37:00,2024-06-05 21:43:00,6,20,False,ABEND S222,2024-06-05
DIVIDEND_PROC,SUCCESS,2024-08-05 23:35:00,2024-08-05 23:50:00,15,30,False,,2024-08-05
TRANS_LOG_PARSER,FAILED,2024-05-18 09:16:00,2024-05-18 09:20:00,4,25,False,RC=8,2024-05-18
TRADE_SETTLE_CHK,SUCCESS,2024-03-02 23:34:00,2024-03-03 00:03:00,29,35,False,,2024-03-02
TRADE_SETTLE_CHK,SUCCESS,2024-04-20 23:30:00,2024-04-20 23:43:00,13,35,False,,2024-04-20
TRADE_SETTLE_CHK,SUCCESS,2024-09-25 19:18:00,2024-09-25 19:26:00,8,35,False,,2024-09-25
COMPLIANCE_RPT,SUCCESS,2024-04-26 11:11:00,2024-04-26 11:35:00,24,55,False,,2024-04-26
PORTF_RPT_DAILY,FAILED,2024-03-05 08:02:00,2024-03-05 08:03:00,1,30,False,JCL ERROR,2024-03-05
SLA_MONITOR_BATCH,FAILED,2024-03-05 20:55:00,2024-03-05 21:02:00,7,15,False,ABEND S222,2024-03-05
CASH_FLOW_EXTRACT,ABENDED,2024-10-20 09:30:00,2024-10-20 09:38:00,8,20,False,ABEND S222,2024-10-20
TRANS_LOG_PARSER,SUCCESS,2024-01-27 08:55:00,2024-01-27 09:15:00,20,25,False,,2024-01-27
CASH_FLOW_EXTRACT,ABENDED,2024-07-24 15:04:00,2024-07-24 15:14:00,10,20,False,RC=8,2024-07-24
INVEST_RECON_JOB,SUCCESS,2024-10-15 09:05:00,2024-10-15 09:25:00,20,45,False,,2024-10-15
CASH_FLOW_EXTRACT,SUCCESS,2024-08-01 19:38:00,2024-08-01 19:55:00,17,20,False,,2024-08-01
FX_RATE_LOAD,SUCCESS,2024-09-24 12:28:00,2024-09-24 12:36:00,8,10,False,,2024-09-24
SLA_MONITOR_BATCH,ABENDED,2024-08-07 09:36:00,2024-08-07 09:41:00,5,15,False,RC=8,2024-08-07
FX_RATE_LOAD,LATE,2024-02-20 06:40:00,2024-02-20 07:08:00,28,10,True,,2024-02-20
SLA_MONITOR_BATCH,FAILED,2024-03-21 07:11:00,2024-03-21 07:16:00,5,15,False,RC=8,2024-03-21
INVEST_RECON_JOB,SUCCESS,2024-08-18 22:38:00,2024-08-18 23:13:00,35,45,False,,2024-08-18
SLA_MONITOR_BATCH,SUCCESS,2024-05-27 22:18:00,2024-05-27 22:30:00,12,15,False,,2024-05-27
CASH_FLOW_EXTRACT,FAILED,2024-05-15 20:37:00,2024-05-15 20:41:00,4,20,False,ABEND S222,2024-05-15
CASH_FLOW_EXTRACT,SUCCESS,2024-11-27 04:58:00,2024-11-27 05:07:00,9,20,False,,2024-11-27
COMPLIANCE_RPT,SUCCESS,2024-01-31 05:50:00,2024-01-31 06:14:00,24,55,False,,2024-01-31
FX_RATE_LOAD,FAILED,2024-10-18 09:28:00,2024-10-18 09:29:00,1,10,False,ABEND S222,2024-10-18
TRADE_SETTLE_CHK,SUCCESS,2024-07-25 08:32:00,2024-07-25 08:54:00,22,35,False,,2024-07-25
RISK_CALC_JOB,SUCCESS,2024-11-02 01:56:00,2024-11-02 02:28:00,32,40,False,,2024-11-02
TRADE_SETTLE_CHK,SUCCESS,2024-05-08 00:05:00,2024-05-08 00:17:00,12,35,False,,2024-05-08
NAV_CALC_BATCH,ABENDED,2024-10-21 18:01:00,2024-10-21 18:26:00,25,50,False,ABEND S0C7,2024-10-21
FX_RATE_LOAD,SUCCESS,2024-03-30 15:33:00,2024-03-30 15:41:00,8,10,False,,2024-03-30
EOD_CLOSE_PROC,SUCCESS,2024-10-26 13:40:00,2024-10-26 14:47:00,67,70,False,,2024-10-26
CASH_FLOW_EXTRACT,SUCCESS,2024-07-28 10:20:00,2024-07-28 10:35:00,15,20,False,,2024-07-28
CASH_FLOW_EXTRACT,ABENDED,2024-06-17 13:44:00,2024-06-17 13:52:00,8,20,False,ABEND S0C7,2024-06-17
NAV_CALC_BATCH,LATE,2024-10-08 01:29:00,2024-10-08 02:29:00,60,50,True,,2024-10-08
TRANS_LOG_PARSER,SUCCESS,2024-02-29 12:55:00,2024-02-29 13:16:00,21,25,False,,2024-02-29
COMPLIANCE_RPT,LATE,2024-12-02 17:29:00,2024-12-02 18:55:00,86,55,True,,2024-12-02
PORTF_RPT_DAILY,SUCCESS,2024-07-04 19:48:00,2024-07-04 20:08:00,20,30,False,,2024-07-04
NAV_CALC_BATCH,SUCCESS,2024-01-27 06:17:00,2024-01-27 06:57:00,40,50,False,,2024-01-27
INVEST_RECON_JOB,RUNNING,2024-08-12 22:31:00,2024-08-12 22:43:00,12,45,False,,2024-08-12
PORTF_RPT_DAILY,LATE,2024-11-07 07:45:00,2024-11-07 08:30:00,45,30,True,,2024-11-07
SLA_MONITOR_BATCH,SUCCESS,2024-10-09 13:05:00,2024-10-09 13:13:00,8,15,False,,2024-10-09
COMPLIANCE_RPT,RUNNING,2024-08-24 03:41:00,2024-08-24 03:55:00,14,55,False,,2024-08-24
RISK_CALC_JOB,LATE,2024-05-29 16:45:00,2024-05-29 17:47:00,62,40,True,,2024-05-29
POSITION_SYNC,ABENDED,2024-08-29 07:29:00,2024-08-29 07:38:00,9,20,False,RC=12,2024-08-29
POSITION_SYNC,SUCCESS,2024-11-02 16:47:00,2024-11-02 17:06:00,19,20,False,,2024-11-02
INVEST_RECON_JOB,ABENDED,2024-05-21 13:21:00,2024-05-21 13:38:00,17,45,False,ABEND S0C7,2024-05-21
COMPLIANCE_RPT,SUCCESS,2024-06-01 18:37:00,2024-06-01 19:24:00,47,55,False,,2024-06-01
RISK_CALC_JOB,ABENDED,2024-08-16 17:30:00,2024-08-16 17:42:00,12,40,False,ABEND S0C7,2024-08-16
DIVIDEND_PROC,FAILED,2024-07-12 14:59:00,2024-07-12 15:05:00,6,30,False,RC=12,2024-07-12
TRADE_SETTLE_CHK,SUCCESS,2024-07-15 07:54:00,2024-07-15 08:23:00,29,35,False,,2024-07-15
POSITION_SYNC,SUCCESS,2024-08-30 22:58:00,2024-08-30 23:15:00,17,20,False,,2024-08-30
POSITION_SYNC,SUCCESS,2024-12-05 20:09:00,2024-12-05 20:21:00,12,20,False,,2024-12-05
PORTF_RPT_DAILY,SUCCESS,2024-10-29 10:55:00,2024-10-29 11:03:00,8,30,False,,2024-10-29
COMPLIANCE_RPT,ABENDED,2024-02-21 16:58:00,2024-02-21 17:13:00,15,55,False,RC=8,2024-02-21
TRADE_SETTLE_CHK,SUCCESS,2024-12-01 04:04:00,2024-12-01 04:24:00,20,35,False,,2024-12-01
PERF_ATTR_JOB,LATE,2024-06-22 19:44:00,2024-06-22 20:59:00,75,45,True,,2024-06-22
NAV_CALC_BATCH,SUCCESS,2024-06-17 21:54:00,2024-06-17 22:33:00,39,50,False,,2024-06-17
POSITION_SYNC,LATE,2024-11-16 22:56:00,2024-11-17 00:09:00,73,20,True,,2024-11-16
RISK_CALC_JOB,ABENDED,2024-01-19 19:04:00,2024-01-19 19:12:00,8,40,False,ABEND S0C7,2024-01-19
CLIENT_STMT_GEN,FAILED,2024-08-10 03:48:00,2024-08-10 04:09:00,21,60,False,RC=8,2024-08-10
RISK_CALC_JOB,SUCCESS,2024-06-02 00:02:00,2024-06-02 00:27:00,25,40,False,,2024-06-02
PERF_ATTR_JOB,SUCCESS,2024-07-02 11:27:00,2024-07-02 11:41:00,14,45,False,,2024-07-02
CLIENT_STMT_GEN,SUCCESS,2024-10-16 21:50:00,2024-10-16 22:06:00,16,60,False,,2024-10-16
INVEST_RECON_JOB,SUCCESS,2024-11-08 12:39:00,2024-11-08 12:59:00,20,45,False,,2024-11-08
RISK_CALC_JOB,RUNNING,2024-03-14 07:29:00,2024-03-14 07:50:00,21,40,False,,2024-03-14
RISK_CALC_JOB,SUCCESS,2024-01-05 14:57:00,2024-01-05 15:20:00,23,40,False,,2024-01-05
NAV_CALC_BATCH,SUCCESS,2024-02-07 14:22:00,2024-02-07 15:04:00,42,50,False,,2024-02-07
SLA_MONITOR_BATCH,SUCCESS,2024-08-05 22:16:00,2024-08-05 22:28:00,12,15,False,,2024-08-05
COMPLIANCE_RPT,SUCCESS,2024-07-15 15:06:00,2024-07-15 15:26:00,20,55,False,,2024-07-15
POSITION_SYNC,SUCCESS,2024-10-21 09:44:00,2024-10-21 09:53:00,9,20,False,,2024-10-21
PORTF_RPT_DAILY,LATE,2024-12-03 12:17:00,2024-12-03 12:52:00,35,30,True,,2024-12-03
FX_RATE_LOAD,ABENDED,2024-01-26 19:47:00,2024-01-26 19:51:00,4,10,False,ABEND S0C7,2024-01-26
PERF_ATTR_JOB,FAILED,2024-11-06 11:14:00,2024-11-06 11:35:00,21,45,False,RC=12,2024-11-06
FX_RATE_LOAD,SUCCESS,2024-12-03 21:53:00,2024-12-03 21:59:00,6,10,False,,2024-12-03
NAV_CALC_BATCH,SUCCESS,2024-11-17 20:02:00,2024-11-17 20:26:00,24,50,False,,2024-11-17
PERF_ATTR_JOB,SUCCESS,2024-10-23 11:46:00,2024-10-23 11:59:00,13,45,False,,2024-10-23
CASH_FLOW_EXTRACT,RUNNING,2024-06-16 23:26:00,2024-06-16 23:33:00,7,20,False,,2024-06-16
CLIENT_STMT_GEN,SUCCESS,2024-10-03 11:33:00,2024-10-03 12:10:00,37,60,False,,2024-10-03
EOD_CLOSE_PROC,SUCCESS,2024-03-25 08:58:00,2024-03-25 10:04:00,66,70,False,,2024-03-25
PERF_ATTR_JOB,SUCCESS,2024-06-22 03:29:00,2024-06-22 03:38:00,9,45,False,,2024-06-22
INVEST_RECON_JOB,FAILED,2024-04-25 21:46:00,2024-04-25 22:08:00,22,45,False,ABEND S222,2024-04-25
COMPLIANCE_RPT,ABENDED,2024-07-06 02:50:00,2024-07-06 03:03:00,13,55,False,RC=8,2024-07-06
SLA_MONITOR_BATCH,SUCCESS,2024-08-20 11:43:00,2024-08-20 11:52:00,9,15,False,,2024-08-20
FX_RATE_LOAD,SUCCESS,2024-11-22 11:06:00,2024-11-22 11:12:00,6,10,False,,2024-11-22
RISK_CALC_JOB,SUCCESS,2024-10-14 10:58:00,2024-10-14 11:17:00,19,40,False,,2024-10-14
NAV_CALC_BATCH,SUCCESS,2024-08-25 22:19:00,2024-08-25 23:05:00,46,50,False,,2024-08-25
POSITION_SYNC,SUCCESS,2024-01-24 01:19:00,2024-01-24 01:31:00,12,20,False,,2024-01-24
CASH_FLOW_EXTRACT,SUCCESS,2024-10-02 04:24:00,2024-10-02 04:36:00,12,20,False,,2024-10-02
TRANS_LOG_PARSER,FAILED,2024-12-22 17:26:00,2024-12-22 17:36:00,10,25,False,RC=12,2024-12-22
EOD_CLOSE_PROC,SUCCESS,2024-02-20 15:39:00,2024-02-20 16:36:00,57,70,False,,2024-02-20
SLA_MONITOR_BATCH,SUCCESS,2024-07-08 06:28:00,2024-07-08 06:40:00,12,15,False,,2024-07-08
CLIENT_STMT_GEN,ABENDED,2024-02-20 21:23:00,2024-02-20 21:41:00,18,60,False,ABEND S0C7,2024-02-20
PORTF_RPT_DAILY,SUCCESS,2024-04-07 03:54:00,2024-04-07 04:13:00,19,30,False,,2024-04-07
CASH_FLOW_EXTRACT,FAILED,2024-11-24 20:38:00,2024-11-24 20:39:00,1,20,False,RC=8,2024-11-24
PERF_ATTR_JOB,SUCCESS,2024-03-05 18:13:00,2024-03-05 18:22:00,9,45,False,,2024-03-05
COMPLIANCE_RPT,FAILED,2024-04-16 18:13:00,2024-04-16 18:40:00,27,55,False,RC=12,2024-04-16
TRANS_LOG_PARSER,FAILED,2024-11-01 00:17:00,2024-11-01 00:20:00,3,25,False,RC=12,2024-11-01
DIVIDEND_PROC,SUCCESS,2024-03-30 03:42:00,2024-03-30 03:47:00,5,30,False,,2024-03-30
INVEST_RECON_JOB,SUCCESS,2024-05-01 18:20:00,2024-05-01 18:26:00,6,45,False,,2024-05-01
INVEST_RECON_JOB,SUCCESS,2024-03-05 23:26:00,2024-03-06 00:04:00,38,45,False,,2024-03-05
CASH_FLOW_EXTRACT,FAILED,2024-08-31 14:49:00,2024-08-31 14:55:00,6,20,False,JCL ERROR,2024-08-31
FX_RATE_LOAD,SUCCESS,2024-09-14 07:39:00,2024-09-14 07:44:00,5,10,False,,2024-09-14
TRADE_SETTLE_CHK,FAILED,2024-12-03 16:19:00,2024-12-03 16:34:00,15,35,False,RC=8,2024-12-03
PORTF_RPT_DAILY,LATE,2024-07-24 13:43:00,2024-07-24 14:24:00,41,30,True,,2024-07-24
RISK_CALC_JOB,FAILED,2024-08-15 02:57:00,2024-08-15 03:00:00,3,40,False,ABEND S0C7,2024-08-15
FX_RATE_LOAD,SUCCESS,2024-03-05 08:39:00,2024-03-05 08:48:00,9,10,False,,2024-03-05
DIVIDEND_PROC,FAILED,2024-07-14 19:33:00,2024-07-14 19:38:00,5,30,False,ABEND S222,2024-07-14
DIVIDEND_PROC,SUCCESS,2024-02-20 22:07:00,2024-02-20 22:32:00,25,30,False,,2024-02-20
NAV_CALC_BATCH,ABENDED,2024-10-09 23:55:00,2024-10-10 00:02:00,7,50,False,ABEND S222,2024-10-09
RISK_CALC_JOB,RUNNING,2024-07-30 10:52:00,2024-07-30 11:26:00,34,40,False,,2024-07-30
POSITION_SYNC,SUCCESS,2024-02-18 10:27:00,2024-02-18 10:37:00,10,20,False,,2024-02-18
NAV_CALC_BATCH,SUCCESS,2024-03-19 21:59:00,2024-03-19 22:34:00,35,50,False,,2024-03-19
CASH_FLOW_EXTRACT,SUCCESS,2024-02-13 02:27:00,2024-02-13 02:33:00,6,20,False,,2024-02-13
TRADE_SETTLE_CHK,FAILED,2024-03-07 17:03:00,2024-03-07 17:14:00,11,35,False,RC=8,2024-03-07
POSITION_SYNC,SUCCESS,2024-12-06 13:55:00,2024-12-06 14:14:00,19,20,False,,2024-12-06
TRADE_SETTLE_CHK,SUCCESS,2024-05-27 19:19:00,2024-05-27 19:35:00,16,35,False,,2024-05-27
CASH_FLOW_EXTRACT,SUCCESS,2024-04-18 04:42:00,2024-04-18 04:54:00,12,20,False,,2024-04-18
CLIENT_STMT_GEN,ABENDED,2024-06-28 17:23:00,2024-06-28 17:27:00,4,60,False,ABEND S0C7,2024-06-28
FX_RATE_LOAD,SUCCESS,2024-08-07 17:49:00,2024-08-07 17:58:00,9,10,False,,2024-08-07
FX_RATE_LOAD,FAILED,2024-10-12 00:38:00,2024-10-12 00:41:00,3,10,False,RC=8,2024-10-12
INVEST_RECON_JOB,SUCCESS,2024-06-07 10:22:00,2024-06-07 10:27:00,5,45,False,,2024-06-07
INVEST_RECON_JOB,ABENDED,2024-10-16 21:25:00,2024-10-16 21:28:00,3,45,False,RC=12,2024-10-16
TRADE_SETTLE_CHK,SUCCESS,2024-01-16 02:47:00,2024-01-16 03:08:00,21,35,False,,2024-01-16
CLIENT_STMT_GEN,SUCCESS,2024-08-20 10:10:00,2024-08-20 10:38:00,28,60,False,,2024-08-20
SLA_MONITOR_BATCH,FAILED,2024-10-17 19:05:00,2024-10-17 19:06:00,1,15,False,RC=12,2024-10-17
INVEST_RECON_JOB,FAILED,2024-01-26 21:05:00,2024-01-26 21:14:00,9,45,False,ABEND S222,2024-01-26
NAV_CALC_BATCH,SUCCESS,2024-11-06 14:26:00,2024-11-06 14:48:00,22,50,False,,2024-11-06
CLIENT_STMT_GEN,FAILED,2024-02-28 11:27:00,2024-02-28 11:31:00,4,60,False,ABEND S0C7,2024-02-28
NAV_CALC_BATCH,FAILED,2024-09-06 16:42:00,2024-09-06 16:52:00,10,50,False,RC=8,2024-09-06
CLIENT_STMT_GEN,SUCCESS,2024-11-02 01:00:00,2024-11-02 01:18:00,18,60,False,,2024-11-02
SLA_MONITOR_BATCH,LATE,2024-03-11 08:18:00,2024-03-11 08:58:00,40,15,True,,2024-03-11
CASH_FLOW_EXTRACT,SUCCESS,2024-08-08 05:08:00,2024-08-08 05:19:00,11,20,False,,2024-08-08
DIVIDEND_PROC,FAILED,2024-09-13 17:53:00,2024-09-13 18:04:00,11,30,False,ABEND S0C7,2024-09-13
CASH_FLOW_EXTRACT,SUCCESS,2024-01-22 13:01:00,2024-01-22 13:13:00,12,20,False,,2024-01-22
EOD_CLOSE_PROC,SUCCESS,2024-06-09 18:27:00,2024-06-09 19:23:00,56,70,False,,2024-06-09
TRADE_SETTLE_CHK,SUCCESS,2024-05-28 03:25:00,2024-05-28 03:30:00,5,35,False,,2024-05-28
TRANS_LOG_PARSER,SUCCESS,2024-11-12 14:53:00,2024-11-12 15:09:00,16,25,False,,2024-11-12
CASH_FLOW_EXTRACT,SUCCESS,2024-02-24 07:27:00,2024-02-24 07:41:00,14,20,False,,2024-02-24
POSITION_SYNC,SUCCESS,2024-07-21 09:47:00,2024-07-21 09:57:00,10,20,False,,2024-07-21
CLIENT_STMT_GEN,SUCCESS,2024-03-27 02:32:00,2024-03-27 03:17:00,45,60,False,,2024-03-27
CASH_FLOW_EXTRACT,SUCCESS,2024-04-09 11:22:00,2024-04-09 11:38:00,16,20,False,,2024-04-09
COMPLIANCE_RPT,SUCCESS,2024-03-16 07:06:00,2024-03-16 07:20:00,14,55,False,,2024-03-16
SLA_MONITOR_BATCH,SUCCESS,2024-11-04 04:48:00,2024-11-04 04:54:00,6,15,False,,2024-11-04
INVEST_RECON_JOB,LATE,2024-11-17 15:29:00,2024-11-17 17:07:00,98,45,True,,2024-11-17
FX_RATE_LOAD,FAILED,2024-08-17 21:59:00,2024-08-17 22:04:00,5,10,False,JCL ERROR,2024-08-17
TRANS_LOG_PARSER,ABENDED,2024-11-17 10:09:00,2024-11-17 10:17:00,8,25,False,RC=8,2024-11-17
RISK_CALC_JOB,SUCCESS,2024-06-04 08:37:00,2024-06-04 08:45:00,8,40,False,,2024-06-04
TRANS_LOG_PARSER,SUCCESS,2024-06-07 14:28:00,2024-06-07 14:34:00,6,25,False,,2024-06-07
PORTF_RPT_DAILY,SUCCESS,2024-05-26 02:41:00,2024-05-26 02:48:00,7,30,False,,2024-05-26
FX_RATE_LOAD,SUCCESS,2024-07-15 14:37:00,2024-07-15 14:46:00,9,10,False,,2024-07-15
PERF_ATTR_JOB,FAILED,2024-01-22 14:58:00,2024-01-22 15:17:00,19,45,False,RC=12,2024-01-22
TRANS_LOG_PARSER,SUCCESS,2024-09-13 04:03:00,2024-09-13 04:22:00,19,25,False,,2024-09-13
CASH_FLOW_EXTRACT,ABENDED,2024-06-24 22:05:00,2024-06-24 22:14:00,9,20,False,RC=12,2024-06-24
PORTF_RPT_DAILY,SUCCESS,2024-08-12 14:33:00,2024-08-12 14:54:00,21,30,False,,2024-08-12
FX_RATE_LOAD,SUCCESS,2024-07-09 09:24:00,2024-07-09 09:32:00,8,10,False,,2024-07-09
PERF_ATTR_JOB,SUCCESS,2024-11-02 01:50:00,2024-11-02 02:16:00,26,45,False,,2024-11-02
CASH_FLOW_EXTRACT,SUCCESS,2024-10-12 21:24:00,2024-10-12 21:33:00,9,20,False,,2024-10-12
SLA_MONITOR_BATCH,FAILED,2024-12-02 19:55:00,2024-12-02 19:57:00,2,15,False,ABEND S0C7,2024-12-02
CASH_FLOW_EXTRACT,SUCCESS,2024-03-13 11:19:00,2024-03-13 11:34:00,15,20,False,,2024-03-13
TRADE_SETTLE_CHK,FAILED,2024-03-07 19:45:00,2024-03-07 19:48:00,3,35,False,ABEND S0C7,2024-03-07
DIVIDEND_PROC,SUCCESS,2024-06-17 04:42:00,2024-06-17 05:09:00,27,30,False,,2024-06-17
COMPLIANCE_RPT,LATE,2024-12-16 16:05:00,2024-12-16 17:46:00,101,55,True,,2024-12-16
NAV_CALC_BATCH,SUCCESS,2024-07-04 00:23:00,2024-07-04 00:47:00,24,50,False,,2024-07-04
INVEST_RECON_JOB,LATE,2024-06-23 15:12:00,2024-06-23 16:16:00,64,45,True,,2024-06-23
INVEST_RECON_JOB,SUCCESS,2024-05-31 03:32:00,2024-05-31 04:11:00,39,45,False,,2024-05-31
COMPLIANCE_RPT,FAILED,2024-09-26 01:42:00,2024-09-26 01:53:00,11,55,False,JCL ERROR,2024-09-26
INVEST_RECON_JOB,SUCCESS,2024-03-19 05:11:00,2024-03-19 05:55:00,44,45,False,,2024-03-19
PERF_ATTR_JOB,RUNNING,2024-08-12 01:26:00,2024-08-12 01:54:00,28,45,False,,2024-08-12
NAV_CALC_BATCH,FAILED,2024-08-15 19:18:00,2024-08-15 19:43:00,25,50,False,ABEND S222,2024-08-15
CLIENT_STMT_GEN,SUCCESS,2024-06-07 15:57:00,2024-06-07 16:55:00,58,60,False,,2024-06-07
CLIENT_STMT_GEN,SUCCESS,2024-10-19 14:29:00,2024-10-19 15:23:00,54,60,False,,2024-10-19
SLA_MONITOR_BATCH,FAILED,2024-09-14 16:26:00,2024-09-14 16:28:00,2,15,False,RC=12,2024-09-14
PERF_ATTR_JOB,SUCCESS,2024-05-08 01:41:00,2024-05-08 02:16:00,35,45,False,,2024-05-08
COMPLIANCE_RPT,SUCCESS,2024-02-22 22:54:00,2024-02-22 23:32:00,38,55,False,,2024-02-22
COMPLIANCE_RPT,SUCCESS,2024-02-12 05:17:00,2024-02-12 05:50:00,33,55,False,,2024-02-12
EOD_CLOSE_PROC,SUCCESS,2024-08-11 02:58:00,2024-08-11 03:31:00,33,70,False,,2024-08-11
COMPLIANCE_RPT,SUCCESS,2024-06-27 00:26:00,2024-06-27 00:34:00,8,55,False,,2024-06-27
POSITION_SYNC,SUCCESS,2024-04-30 12:05:00,2024-04-30 12:15:00,10,20,False,,2024-04-30
CLIENT_STMT_GEN,SUCCESS,2024-02-20 22:41:00,2024-02-20 23:07:00,26,60,False,,2024-02-20
PERF_ATTR_JOB,SUCCESS,2024-01-20 09:58:00,2024-01-20 10:33:00,35,45,False,,2024-01-20
TRADE_SETTLE_CHK,ABENDED,2024-12-27 15:28:00,2024-12-27 15:29:00,1,35,False,RC=8,2024-12-27
PORTF_RPT_DAILY,SUCCESS,2024-03-17 17:46:00,2024-03-17 18:10:00,24,30,False,,2024-03-17
DIVIDEND_PROC,SUCCESS,2024-05-27 07:19:00,2024-05-27 07:27:00,8,30,False,,2024-05-27
PORTF_RPT_DAILY,SUCCESS,2024-11-23 19:29:00,2024-11-23 19:36:00,7,30,False,,2024-11-23
CASH_FLOW_EXTRACT,ABENDED,2024-09-12 19:34:00,2024-09-12 19:35:00,1,20,False,JCL ERROR,2024-09-12
FX_RATE_LOAD,SUCCESS,2024-03-14 09:27:00,2024-03-14 09:32:00,5,10,False,,2024-03-14
FX_RATE_LOAD,SUCCESS,2024-10-19 13:11:00,2024-10-19 13:16:00,5,10,False,,2024-10-19
DIVIDEND_PROC,LATE,2024-02-04 16:34:00,2024-02-04 17:41:00,67,30,True,,2024-02-04
PERF_ATTR_JOB,LATE,2024-10-10 00:24:00,2024-10-10 02:09:00,105,45,True,,2024-10-10
RISK_CALC_JOB,SUCCESS,2024-07-17 11:16:00,2024-07-17 11:22:00,6,40,False,,2024-07-17
TRANS_LOG_PARSER,FAILED,2024-06-25 07:46:00,2024-06-25 07:57:00,11,25,False,RC=8,2024-06-25
PERF_ATTR_JOB,SUCCESS,2024-06-19 04:02:00,2024-06-19 04:29:00,27,45,False,,2024-06-19
DIVIDEND_PROC,SUCCESS,2024-11-25 05:53:00,2024-11-25 06:22:00,29,30,False,,2024-11-25
NAV_CALC_BATCH,SUCCESS,2024-12-22 15:40:00,2024-12-22 15:56:00,16,50,False,,2024-12-22
PERF_ATTR_JOB,SUCCESS,2024-08-22 01:18:00,2024-08-22 01:35:00,17,45,False,,2024-08-22
PORTF_RPT_DAILY,FAILED,2024-01-22 10:59:00,2024-01-22 11:04:00,5,30,False,JCL ERROR,2024-01-22
POSITION_SYNC,LATE,2024-10-05 15:16:00,2024-10-05 15:43:00,27,20,True,,2024-10-05
PERF_ATTR_JOB,SUCCESS,2024-05-26 11:55:00,2024-05-26 12:03:00,8,45,False,,2024-05-26
COMPLIANCE_RPT,FAILED,2024-05-19 03:51:00,2024-05-19 04:03:00,12,55,False,ABEND S222,2024-05-19
EOD_CLOSE_PROC,SUCCESS,2024-08-13 12:21:00,2024-08-13 12:49:00,28,70,False,,2024-08-13
RISK_CALC_JOB,FAILED,2024-07-07 16:17:00,2024-07-07 16:20:00,3,40,False,ABEND S222,2024-07-07
CASH_FLOW_EXTRACT,SUCCESS,2024-04-02 17:18:00,2024-04-02 17:28:00,10,20,False,,2024-04-02
CASH_FLOW_EXTRACT,SUCCESS,2024-12-04 09:19:00,2024-12-04 09:31:00,12,20,False,,2024-12-04
FX_RATE_LOAD,FAILED,2024-03-26 22:28:00,2024-03-26 22:31:00,3,10,False,ABEND S222,2024-03-26
PORTF_RPT_DAILY,FAILED,2024-06-29 19:27:00,2024-06-29 19:32:00,5,30,False,RC=8,2024-06-29
CASH_FLOW_EXTRACT,FAILED,2024-07-26 11:32:00,2024-07-26 11:35:00,3,20,False,RC=8,2024-07-26
INVEST_RECON_JOB,ABENDED,2024-12-13 14:02:00,2024-12-13 14:07:00,5,45,False,RC=8,2024-12-13
CLIENT_STMT_GEN,FAILED,2024-07-06 11:24:00,2024-07-06 11:43:00,19,60,False,RC=8,2024-07-06
FX_RATE_LOAD,SUCCESS,2024-08-18 11:23:00,2024-08-18 11:31:00,8,10,False,,2024-08-18
PERF_ATTR_JOB,SUCCESS,2024-03-11 16:23:00,2024-03-11 16:53:00,30,45,False,,2024-03-11
TRANS_LOG_PARSER,SUCCESS,2024-05-07 03:01:00,2024-05-07 03:11:00,10,25,False,,2024-05-07
RISK_CALC_JOB,SUCCESS,2024-10-14 03:16:00,2024-10-14 03:37:00,21,40,False,,2024-10-14
TRADE_SETTLE_CHK,SUCCESS,2024-11-09 09:44:00,2024-11-09 10:18:00,34,35,False,,2024-11-09
RISK_CALC_JOB,SUCCESS,2024-03-10 02:28:00,2024-03-10 02:44:00,16,40,False,,2024-03-10
EOD_CLOSE_PROC,FAILED,2024-02-14 21:54:00,2024-02-14 22:15:00,21,70,False,ABEND S0C7,2024-02-14
TRADE_SETTLE_CHK,SUCCESS,2024-10-04 09:57:00,2024-10-04 10:11:00,14,35,False,,2024-10-04
COMPLIANCE_RPT,SUCCESS,2024-12-29 22:40:00,2024-12-29 22:56:00,16,55,False,,2024-12-29
PERF_ATTR_JOB,SUCCESS,2024-04-24 03:12:00,2024-04-24 03:25:00,13,45,False,,2024-04-24
CLIENT_STMT_GEN,FAILED,2024-01-14 11:35:00,2024-01-14 11:54:00,19,60,False,ABEND S0C7,2024-01-14
RISK_CALC_JOB,ABENDED,2024-10-09 04:39:00,2024-10-09 04:42:00,3,40,False,RC=8,2024-10-09
SLA_MONITOR_BATCH,SUCCESS,2024-09-02 16:26:00,2024-09-02 16:37:00,11,15,False,,2024-09-02
COMPLIANCE_RPT,SUCCESS,2024-03-05 10:41:00,2024-03-05 10:50:00,9,55,False,,2024-03-05
RISK_CALC_JOB,SUCCESS,2024-09-21 11:08:00,2024-09-21 11:24:00,16,40,False,,2024-09-21
PERF_ATTR_JOB,LATE,2024-08-09 16:58:00,2024-08-09 18:43:00,105,45,True,,2024-08-09
PORTF_RPT_DAILY,ABENDED,2024-09-22 04:19:00,2024-09-22 04:22:00,3,30,False,RC=12,2024-09-22
TRANS_LOG_PARSER,LATE,2024-04-25 11:33:00,2024-04-25 12:21:00,48,25,True,,2024-04-25
COMPLIANCE_RPT,SUCCESS,2024-04-10 20:35:00,2024-04-10 20:57:00,22,55,False,,2024-04-10
INVEST_RECON_JOB,SUCCESS,2024-11-10 17:05:00,2024-11-10 17:42:00,37,45,False,,2024-11-10
NAV_CALC_BATCH,SUCCESS,2024-10-24 04:10:00,2024-10-24 04:57:00,47,50,False,,2024-10-24
FX_RATE_LOAD,FAILED,2024-11-05 10:53:00,2024-11-05 10:58:00,5,10,False,RC=8,2024-11-05
COMPLIANCE_RPT,ABENDED,2024-02-11 01:41:00,2024-02-11 02:06:00,25,55,False,JCL ERROR,2024-02-11
SLA_MONITOR_BATCH,FAILED,2024-10-19 13:39:00,2024-10-19 13:45:00,6,15,False,RC=8,2024-10-19
RISK_CALC_JOB,RUNNING,2024-10-06 09:41:00,2024-10-06 10:05:00,24,40,False,,2024-10-06
RISK_CALC_JOB,SUCCESS,2024-12-16 12:19:00,2024-12-16 12:53:00,34,40,False,,2024-12-16
CASH_FLOW_EXTRACT,FAILED,2024-03-21 14:26:00,2024-03-21 14:34:00,8,20,False,ABEND S222,2024-03-21
CLIENT_STMT_GEN,SUCCESS,2024-03-14 10:55:00,2024-03-14 11:45:00,50,60,False,,2024-03-14
TRANS_LOG_PARSER,FAILED,2024-06-25 12:08:00,2024-06-25 12:14:00,6,25,False,JCL ERROR,2024-06-25
DIVIDEND_PROC,SUCCESS,2024-05-03 14:07:00,2024-05-03 14:20:00,13,30,False,,2024-05-03
RISK_CALC_JOB,SUCCESS,2024-02-19 01:18:00,2024-02-19 01:47:00,29,40,False,,2024-02-19
COMPLIANCE_RPT,SUCCESS,2024-05-07 05:52:00,2024-05-07 06:17:00,25,55,False,,2024-05-07
EOD_CLOSE_PROC,SUCCESS,2024-06-09 06:48:00,2024-06-09 07:13:00,25,70,False,,2024-06-09
RISK_CALC_JOB,LATE,2024-08-27 15:56:00,2024-08-27 17:00:00,64,40,True,,2024-08-27
RISK_CALC_JOB,SUCCESS,2024-07-20 16:29:00,2024-07-20 16:49:00,20,40,False,,2024-07-20
CLIENT_STMT_GEN,SUCCESS,2024-01-25 01:18:00,2024-01-25 01:54:00,36,60,False,,2024-01-25
FX_RATE_LOAD,RUNNING,2024-11-30 21:30:00,2024-11-30 21:37:00,7,10,False,,2024-11-30
DIVIDEND_PROC,SUCCESS,2024-02-25 13:08:00,2024-02-25 13:21:00,13,30,False,,2024-02-25
TRADE_SETTLE_CHK,SUCCESS,2024-07-25 11:02:00,2024-07-25 11:19:00,17,35,False,,2024-07-25
PORTF_RPT_DAILY,SUCCESS,2024-04-09 11:35:00,2024-04-09 11:49:00,14,30,False,,2024-04-09
CASH_FLOW_EXTRACT,SUCCESS,2024-08-18 17:17:00,2024-08-18 17:35:00,18,20,False,,2024-08-18
FX_RATE_LOAD,FAILED,2024-03-01 04:06:00,2024-03-01 04:10:00,4,10,False,ABEND S0C7,2024-03-01
PERF_ATTR_JOB,LATE,2024-10-12 11:48:00,2024-10-12 12:47:00,59,45,True,,2024-10-12
CLIENT_STMT_GEN,SUCCESS,2024-07-24 16:02:00,2024-07-24 16:09:00,7,60,False,,2024-07-24
PORTF_RPT_DAILY,SUCCESS,2024-06-19 15:33:00,2024-06-19 15:52:00,19,30,False,,2024-06-19
INVEST_RECON_JOB,SUCCESS,2024-09-20 04:20:00,2024-09-20 05:04:00,44,45,False,,2024-09-20
TRANS_LOG_PARSER,SUCCESS,2024-11-11 23:53:00,2024-11-12 00:07:00,14,25,False,,2024-11-11
FX_RATE_LOAD,SUCCESS,2024-09-17 17:31:00,2024-09-17 17:40:00,9,10,False,,2024-09-17
SLA_MONITOR_BATCH,SUCCESS,2024-01-09 11:21:00,2024-01-09 11:27:00,6,15,False,,2024-01-09
POSITION_SYNC,SUCCESS,2024-12-18 20:01:00,2024-12-18 20:15:00,14,20,False,,2024-12-18
RISK_CALC_JOB,SUCCESS,2024-12-01 18:36:00,2024-12-01 18:55:00,19,40,False,,2024-12-01
TRADE_SETTLE_CHK,SUCCESS,2024-09-02 05:33:00,2024-09-02 05:58:00,25,35,False,,2024-09-02
TRADE_SETTLE_CHK,SUCCESS,2024-07-13 04:52:00,2024-07-13 05:18:00,26,35,False,,2024-07-13
CLIENT_STMT_GEN,SUCCESS,2024-12-24 03:12:00,2024-12-24 03:18:00,6,60,False,,2024-12-24
RISK_CALC_JOB,SUCCESS,2024-03-18 13:44:00,2024-03-18 14:02:00,18,40,False,,2024-03-18
POSITION_SYNC,SUCCESS,2024-11-09 15:55:00,2024-11-09 16:13:00,18,20,False,,2024-11-09
TRADE_SETTLE_CHK,FAILED,2024-12-27 04:33:00,2024-12-27 04:40:00,7,35,False,JCL ERROR,2024-12-27
TRANS_LOG_PARSER,LATE,2024-09-01 16:24:00,2024-09-01 17:14:00,50,25,True,,2024-09-01
INVEST_RECON_JOB,SUCCESS,2024-09-29 10:34:00,2024-09-29 11:01:00,27,45,False,,2024-09-29
NAV_CALC_BATCH,FAILED,2024-12-14 20:51:00,2024-12-14 21:14:00,23,50,False,ABEND S0C7,2024-12-14
FX_RATE_LOAD,SUCCESS,2024-05-06 08:35:00,2024-05-06 08:42:00,7,10,False,,2024-05-06
CLIENT_STMT_GEN,LATE,2024-06-01 09:45:00,2024-06-01 11:03:00,78,60,True,,2024-06-01
TRADE_SETTLE_CHK,FAILED,2024-06-11 15:22:00,2024-06-11 15:31:00,9,35,False,ABEND S0C7,2024-06-11
CASH_FLOW_EXTRACT,SUCCESS,2024-10-05 12:57:00,2024-10-05 13:08:00,11,20,False,,2024-10-05
COMPLIANCE_RPT,SUCCESS,2024-03-15 09:02:00,2024-03-15 09:25:00,23,55,False,,2024-03-15
TRADE_SETTLE_CHK,SUCCESS,2024-08-14 20:16:00,2024-08-14 20:44:00,28,35,False,,2024-08-14
RISK_CALC_JOB,SUCCESS,2024-10-02 08:59:00,2024-10-02 09:21:00,22,40,False,,2024-10-02
INVEST_RECON_JOB,SUCCESS,2024-10-27 07:15:00,2024-10-27 07:23:00,8,45,False,,2024-10-27
NAV_CALC_BATCH,RUNNING,2024-04-25 20:14:00,2024-04-25 20:22:00,8,50,False,,2024-04-25
CASH_FLOW_EXTRACT,SUCCESS,2024-08-29 03:43:00,2024-08-29 04:00:00,17,20,False,,2024-08-29
INVEST_RECON_JOB,SUCCESS,2024-10-08 05:26:00,2024-10-08 06:01:00,35,45,False,,2024-10-08
RISK_CALC_JOB,FAILED,2024-05-27 10:18:00,2024-05-27 10:20:00,2,40,False,RC=8,2024-05-27
NAV_CALC_BATCH,SUCCESS,2024-09-30 23:46:00,2024-09-30 23:53:00,7,50,False,,2024-09-30
EOD_CLOSE_PROC,RUNNING,2024-08-01 05:59:00,2024-08-01 06:08:00,9,70,False,,2024-08-01
COMPLIANCE_RPT,SUCCESS,2024-09-10 05:59:00,2024-09-10 06:51:00,52,55,False,,2024-09-10
COMPLIANCE_RPT,RUNNING,2024-01-20 00:19:00,2024-01-20 01:00:00,41,55,False,,2024-01-20
FX_RATE_LOAD,SUCCESS,2024-06-20 09:29:00,2024-06-20 09:38:00,9,10,False,,2024-06-20
DIVIDEND_PROC,SUCCESS,2024-03-09 16:29:00,2024-03-09 16:42:00,13,30,False,,2024-03-09
CLIENT_STMT_GEN,ABENDED,2024-06-18 05:46:00,2024-06-18 06:01:00,15,60,False,ABEND S0C7,2024-06-18
TRADE_SETTLE_CHK,SUCCESS,2024-06-21 09:36:00,2024-06-21 10:02:00,26,35,False,,2024-06-21
PERF_ATTR_JOB,SUCCESS,2024-11-08 20:57:00,2024-11-08 21:27:00,30,45,False,,2024-11-08
COMPLIANCE_RPT,SUCCESS,2024-06-16 02:25:00,2024-06-16 03:12:00,47,55,False,,2024-06-16
CASH_FLOW_EXTRACT,SUCCESS,2024-03-12 15:20:00,2024-03-12 15:39:00,19,20,False,,2024-03-12
CLIENT_STMT_GEN,SUCCESS,2024-07-15 07:28:00,2024-07-15 08:21:00,53,60,False,,2024-07-15
SLA_MONITOR_BATCH,LATE,2024-06-03 18:46:00,2024-06-03 19:42:00,56,15,True,,2024-06-03
PORTF_RPT_DAILY,SUCCESS,2024-07-03 22:15:00,2024-07-03 22:21:00,6,30,False,,2024-07-03
NAV_CALC_BATCH,SUCCESS,2024-06-06 05:25:00,2024-06-06 06:13:00,48,50,False,,2024-06-06
DIVIDEND_PROC,RUNNING,2024-12-26 09:44:00,2024-12-26 09:52:00,8,30,False,,2024-12-26
NAV_CALC_BATCH,RUNNING,2024-05-31 11:39:00,2024-05-31 11:58:00,19,50,False,,2024-05-31
CLIENT_STMT_GEN,LATE,2024-09-01 04:29:00,2024-09-01 06:21:00,112,60,True,,2024-09-01
FX_RATE_LOAD,SUCCESS,2024-12-25 17:58:00,2024-12-25 18:06:00,8,10,False,,2024-12-25
PERF_ATTR_JOB,SUCCESS,2024-12-06 06:48:00,2024-12-06 07:08:00,20,45,False,,2024-12-06
NAV_CALC_BATCH,FAILED,2024-02-11 16:28:00,2024-02-11 16:45:00,17,50,False,ABEND S0C7,2024-02-11
CASH_FLOW_EXTRACT,RUNNING,2024-02-27 01:53:00,2024-02-27 02:06:00,13,20,False,,2024-02-27
EOD_CLOSE_PROC,SUCCESS,2024-10-20 17:09:00,2024-10-20 17:35:00,26,70,False,,2024-10-20
TRANS_LOG_PARSER,ABENDED,2024-08-14 03:43:00,2024-08-14 03:47:00,4,25,False,JCL ERROR,2024-08-14
RISK_CALC_JOB,SUCCESS,2024-09-18 14:51:00,2024-09-18 14:59:00,8,40,False,,2024-09-18
RISK_CALC_JOB,SUCCESS,2024-07-31 14:36:00,2024-07-31 14:44:00,8,40,False,,2024-07-31
DIVIDEND_PROC,SUCCESS,2024-06-06 23:01:00,2024-06-06 23:18:00,17,30,False,,2024-06-06
SLA_MONITOR_BATCH,ABENDED,2024-04-21 18:04:00,2024-04-21 18:05:00,1,15,False,ABEND S222,2024-04-21
TRANS_LOG_PARSER,FAILED,2024-10-04 01:59:00,2024-10-04 02:01:00,2,25,False,ABEND S222,2024-10-04
PORTF_RPT_DAILY,SUCCESS,2024-04-02 04:49:00,2024-04-02 05:14:00,25,30,False,,2024-04-02
TRADE_SETTLE_CHK,SUCCESS,2024-08-03 11:57:00,2024-08-03 12:14:00,17,35,False,,2024-08-03
RISK_CALC_JOB,ABENDED,2024-07-12 12:05:00,2024-07-12 12:23:00,18,40,False,RC=12,2024-07-12
NAV_CALC_BATCH,ABENDED,2024-03-01 05:34:00,2024-03-01 05:47:00,13,50,False,JCL ERROR,2024-03-01
INVEST_RECON_JOB,FAILED,2024-04-24 00:48:00,2024-04-24 00:49:00,1,45,False,ABEND S0C7,2024-04-24
RISK_CALC_JOB,FAILED,2024-10-05 13:34:00,2024-10-05 13:47:00,13,40,False,RC=12,2024-10-05
CLIENT_STMT_GEN,SUCCESS,2024-03-20 08:12:00,2024-03-20 09:03:00,51,60,False,,2024-03-20
PERF_ATTR_JOB,SUCCESS,2024-12-04 13:39:00,2024-12-04 13:45:00,6,45,False,,2024-12-04
CLIENT_STMT_GEN,SUCCESS,2024-02-21 19:02:00,2024-02-21 19:35:00,33,60,False,,2024-02-21
FX_RATE_LOAD,FAILED,2024-01-25 07:47:00,2024-01-25 07:48:00,1,10,False,ABEND S222,2024-01-25
RISK_CALC_JOB,SUCCESS,2024-04-21 01:08:00,2024-04-21 01:45:00,37,40,False,,2024-04-21
SLA_MONITOR_BATCH,SUCCESS,2024-10-21 10:36:00,2024-10-21 10:50:00,14,15,False,,2024-10-21
PERF_ATTR_JOB,FAILED,2024-06-13 07:19:00,2024-06-13 07:24:00,5,45,False,JCL ERROR,2024-06-13
CLIENT_STMT_GEN,SUCCESS,2024-05-20 01:35:00,2024-05-20 02:17:00,42,60,False,,2024-05-20
EOD_CLOSE_PROC,FAILED,2024-03-30 20:43:00,2024-03-30 21:11:00,28,70,False,JCL ERROR,2024-03-30
RISK_CALC_JOB,SUCCESS,2024-06-25 20:42:00,2024-06-25 21:11:00,29,40,False,,2024-06-25
PERF_ATTR_JOB,SUCCESS,2024-12-22 13:26:00,2024-12-22 13:40:00,14,45,False,,2024-12-22
SLA_MONITOR_BATCH,SUCCESS,2024-10-02 15:15:00,2024-10-02 15:23:00,8,15,False,,2024-10-02
SLA_MONITOR_BATCH,ABENDED,2024-03-14 14:58:00,2024-03-14 14:59:00,1,15,False,JCL ERROR,2024-03-14
POSITION_SYNC,LATE,2024-10-12 16:08:00,2024-10-12 16:57:00,49,20,True,,2024-10-12
CLIENT_STMT_GEN,SUCCESS,2024-06-18 20:05:00,2024-06-18 20:38:00,33,60,False,,2024-06-18
COMPLIANCE_RPT,SUCCESS,2024-10-01 23:53:00,2024-10-02 00:10:00,17,55,False,,2024-10-01
PORTF_RPT_DAILY,SUCCESS,2024-12-10 19:38:00,2024-12-10 19:44:00,6,30,False,,2024-12-10
COMPLIANCE_RPT,SUCCESS,2024-10-27 23:42:00,2024-10-28 00:22:00,40,55,False,,2024-10-27
CLIENT_STMT_GEN,SUCCESS,2024-06-19 09:58:00,2024-06-19 10:03:00,5,60,False,,2024-06-19
CLIENT_STMT_GEN,LATE,2024-03-01 23:48:00,2024-03-02 01:23:00,95,60,True,,2024-03-01
EOD_CLOSE_PROC,SUCCESS,2024-11-05 22:13:00,2024-11-05 23:08:00,55,70,False,,2024-11-05
EOD_CLOSE_PROC,SUCCESS,2024-06-13 09:24:00,2024-06-13 10:28:00,64,70,False,,2024-06-13
DIVIDEND_PROC,SUCCESS,2024-06-06 08:23:00,2024-06-06 08:44:00,21,30,False,,2024-06-06
EOD_CLOSE_PROC,SUCCESS,2024-02-20 23:30:00,2024-02-21 00:15:00,45,70,False,,2024-02-20
EOD_CLOSE_PROC,SUCCESS,2024-06-09 13:02:00,2024-06-09 13:35:00,33,70,False,,2024-06-09
TRADE_SETTLE_CHK,SUCCESS,2024-05-13 17:59:00,2024-05-13 18:22:00,23,35,False,,2024-05-13
FX_RATE_LOAD,FAILED,2024-05-31 04:12:00,2024-05-31 04:15:00,3,10,False,RC=12,2024-05-31
POSITION_SYNC,SUCCESS,2024-05-05 15:35:00,2024-05-05 15:50:00,15,20,False,,2024-05-05
NAV_CALC_BATCH,SUCCESS,2024-09-07 23:41:00,2024-09-08 00:17:00,36,50,False,,2024-09-07
RISK_CALC_JOB,SUCCESS,2024-06-29 05:08:00,2024-06-29 05:47:00,39,40,False,,2024-06-29
RISK_CALC_JOB,SUCCESS,2024-10-04 20:03:00,2024-10-04 20:41:00,38,40,False,,2024-10-04
PORTF_RPT_DAILY,ABENDED,2024-02-08 21:03:00,2024-02-08 21:16:00,13,30,False,RC=8,2024-02-08
POSITION_SYNC,SUCCESS,2024-11-18 07:04:00,2024-11-18 07:20:00,16,20,False,,2024-11-18
INVEST_RECON_JOB,SUCCESS,2024-09-15 14:23:00,2024-09-15 14:31:00,8,45,False,,2024-09-15
FX_RATE_LOAD,SUCCESS,2024-11-11 15:42:00,2024-11-11 15:50:00,8,10,False,,2024-11-11
PORTF_RPT_DAILY,SUCCESS,2024-10-09 13:00:00,2024-10-09 13:05:00,5,30,False,,2024-10-09
DIVIDEND_PROC,FAILED,2024-10-01 09:01:00,2024-10-01 09:10:00,9,30,False,ABEND S222,2024-10-01
PERF_ATTR_JOB,LATE,2024-04-01 03:58:00,2024-04-01 04:54:00,56,45,True,,2024-04-01
DIVIDEND_PROC,SUCCESS,2024-04-08 19:33:00,2024-04-08 19:46:00,13,30,False,,2024-04-08
COMPLIANCE_RPT,SUCCESS,2024-07-22 02:23:00,2024-07-22 02:53:00,30,55,False,,2024-07-22
RISK_CALC_JOB,SUCCESS,2024-12-22 07:19:00,2024-12-22 07:29:00,10,40,False,,2024-12-22
NAV_CALC_BATCH,LATE,2024-11-28 01:05:00,2024-11-28 02:25:00,80,50,True,,2024-11-28
POSITION_SYNC,SUCCESS,2024-08-31 01:40:00,2024-08-31 01:45:00,5,20,False,,2024-08-31
TRADE_SETTLE_CHK,SUCCESS,2024-09-12 13:41:00,2024-09-12 14:11:00,30,35,False,,2024-09-12
TRANS_LOG_PARSER,SUCCESS,2024-02-18 16:58:00,2024-02-18 17:04:00,6,25,False,,2024-02-18
CLIENT_STMT_GEN,SUCCESS,2024-12-20 18:30:00,2024-12-20 18:52:00,22,60,False,,2024-12-20
PORTF_RPT_DAILY,RUNNING,2024-12-16 08:57:00,2024-12-16 09:19:00,22,30,False,,2024-12-16
FX_RATE_LOAD,FAILED,2024-04-01 10:01:00,2024-04-01 10:03:00,2,10,False,JCL ERROR,2024-04-01
INVEST_RECON_JOB,FAILED,2024-12-30 12:59:00,2024-12-30 13:02:00,3,45,False,ABEND S0C7,2024-12-30
INVEST_RECON_JOB,SUCCESS,2024-10-17 12:43:00,2024-10-17 13:22:00,39,45,False,,2024-10-17
TRANS_LOG_PARSER,SUCCESS,2024-03-12 22:46:00,2024-03-12 22:53:00,7,25,False,,2024-03-12
DIVIDEND_PROC,FAILED,2024-06-26 01:06:00,2024-06-26 01:13:00,7,30,False,RC=12,2024-06-26
COMPLIANCE_RPT,SUCCESS,2024-11-05 19:38:00,2024-11-05 20:08:00,30,55,False,,2024-11-05
PERF_ATTR_JOB,SUCCESS,2024-11-20 08:50:00,2024-11-20 09:23:00,33,45,False,,2024-11-20
RISK_CALC_JOB,SUCCESS,2024-10-10 12:27:00,2024-10-10 12:43:00,16,40,False,,2024-10-10
NAV_CALC_BATCH,SUCCESS,2024-07-13 02:49:00,2024-07-13 03:33:00,44,50,False,,2024-07-13
SLA_MONITOR_BATCH,FAILED,2024-02-07 02:17:00,2024-02-07 02:19:00,2,15,False,ABEND S222,2024-02-07
TRADE_SETTLE_CHK,FAILED,2024-03-19 23:24:00,2024-03-19 23:35:00,11,35,False,ABEND S0C7,2024-03-19
CASH_FLOW_EXTRACT,SUCCESS,2024-06-06 14:23:00,2024-06-06 14:40:00,17,20,False,,2024-06-06
SLA_MONITOR_BATCH,SUCCESS,2024-02-14 05:27:00,2024-02-14 05:39:00,12,15,False,,2024-02-14
DIVIDEND_PROC,SUCCESS,2024-07-27 03:01:00,2024-07-27 03:08:00,7,30,False,,2024-07-27
TRANS_LOG_PARSER,SUCCESS,2024-11-01 19:50:00,2024-11-01 20:05:00,15,25,False,,2024-11-01
COMPLIANCE_RPT,SUCCESS,2024-05-29 13:24:00,2024-05-29 14:18:00,54,55,False,,2024-05-29
CASH_FLOW_EXTRACT,FAILED,2024-10-13 07:36:00,2024-10-13 07:45:00,9,20,False,RC=12,2024-10-13
NAV_CALC_BATCH,SUCCESS,2024-03-12 08:19:00,2024-03-12 08:41:00,22,50,False,,2024-03-12
RISK_CALC_JOB,SUCCESS,2024-03-26 13:17:00,2024-03-26 13:48:00,31,40,False,,2024-03-26
SLA_MONITOR_BATCH,SUCCESS,2024-02-09 11:16:00,2024-02-09 11:24:00,8,15,False,,2024-02-09
TRADE_SETTLE_CHK,SUCCESS,2024-10-31 19:12:00,2024-10-31 19:31:00,19,35,False,,2024-10-31
CASH_FLOW_EXTRACT,SUCCESS,2024-01-04 12:21:00,2024-01-04 12:39:00,18,20,False,,2024-01-04
FX_RATE_LOAD,SUCCESS,2024-06-17 14:21:00,2024-06-17 14:29:00,8,10,False,,2024-06-17
COMPLIANCE_RPT,ABENDED,2024-11-29 19:08:00,2024-11-29 19:18:00,10,55,False,ABEND S0C7,2024-11-29
FX_RATE_LOAD,LATE,2024-04-12 15:20:00,2024-04-12 15:46:00,26,10,True,,2024-04-12
POSITION_SYNC,LATE,2024-05-29 23:44:00,2024-05-30 00:49:00,65,20,True,,2024-05-29
RISK_CALC_JOB,LATE,2024-05-04 10:24:00,2024-05-04 11:26:00,62,40,True,,2024-05-04
COMPLIANCE_RPT,FAILED,2024-07-05 03:59:00,2024-07-05 04:18:00,19,55,False,RC=12,2024-07-05
FX_RATE_LOAD,LATE,2024-04-02 21:49:00,2024-04-02 22:39:00,50,10,True,,2024-04-02
PORTF_RPT_DAILY,LATE,2024-08-24 22:13:00,2024-08-24 23:16:00,63,30,True,,2024-08-24
PERF_ATTR_JOB,SUCCESS,2024-12-20 02:52:00,2024-12-20 03:23:00,31,45,False,,2024-12-20
NAV_CALC_BATCH,SUCCESS,2024-11-20 09:15:00,2024-11-20 09:36:00,21,50,False,,2024-11-20
NAV_CALC_BATCH,SUCCESS,2024-08-04 12:04:00,2024-08-04 12:37:00,33,50,False,,2024-08-04
FX_RATE_LOAD,SUCCESS,2024-07-24 17:32:00,2024-07-24 17:40:00,8,10,False,,2024-07-24
DIVIDEND_PROC,SUCCESS,2024-07-03 22:57:00,2024-07-03 23:19:00,22,30,False,,2024-07-03
FX_RATE_LOAD,SUCCESS,2024-02-13 03:49:00,2024-02-13 03:55:00,6,10,False,,2024-02-13
NAV_CALC_BATCH,FAILED,2024-03-26 20:39:00,2024-03-26 20:41:00,2,50,False,JCL ERROR,2024-03-26
NAV_CALC_BATCH,FAILED,2024-07-23 10:50:00,2024-07-23 11:04:00,14,50,False,RC=8,2024-07-23
PORTF_RPT_DAILY,SUCCESS,2024-04-23 16:47:00,2024-04-23 17:08:00,21,30,False,,2024-04-23
DIVIDEND_PROC,SUCCESS,2024-10-21 07:28:00,2024-10-21 07:44:00,16,30,False,,2024-10-21
POSITION_SYNC,SUCCESS,2024-12-13 18:44:00,2024-12-13 18:57:00,13,20,False,,2024-12-13
INVEST_RECON_JOB,SUCCESS,2024-01-13 15:06:00,2024-01-13 15:29:00,23,45,False,,2024-01-13
POSITION_SYNC,RUNNING,2024-02-13 03:53:00,2024-02-13 04:09:00,16,20,False,,2024-02-13
INVEST_RECON_JOB,SUCCESS,2024-06-24 14:50:00,2024-06-24 15:08:00,18,45,False,,2024-06-24
DIVIDEND_PROC,SUCCESS,2024-08-31 03:28:00,2024-08-31 03:56:00,28,30,False,,2024-08-31
TRADE_SETTLE_CHK,SUCCESS,2024-02-04 09:02:00,2024-02-04 09:32:00,30,35,False,,2024-02-04
TRADE_SETTLE_CHK,SUCCESS,2024-06-24 20:06:00,2024-06-24 20:32:00,26,35,False,,2024-06-24
PERF_ATTR_JOB,SUCCESS,2024-05-04 16:11:00,2024-05-04 16:51:00,40,45,False,,2024-05-04
INVEST_RECON_JOB,SUCCESS,2024-08-06 14:14:00,2024-08-06 14:44:00,30,45,False,,2024-08-06
NAV_CALC_BATCH,SUCCESS,2024-11-23 21:27:00,2024-11-23 21:57:00,30,50,False,,2024-11-23
PORTF_RPT_DAILY,FAILED,2024-04-11 14:37:00,2024-04-11 14:44:00,7,30,False,ABEND S222,2024-04-11
PORTF_RPT_DAILY,FAILED,2024-04-15 08:48:00,2024-04-15 09:00:00,12,30,False,RC=8,2024-04-15
FX_RATE_LOAD,SUCCESS,2024-10-01 05:23:00,2024-10-01 05:30:00,7,10,False,,2024-10-01
CLIENT_STMT_GEN,SUCCESS,2024-05-14 21:55:00,2024-05-14 22:31:00,36,60,False,,2024-05-14
DIVIDEND_PROC,LATE,2024-06-09 19:24:00,2024-06-09 20:38:00,74,30,True,,2024-06-09
POSITION_SYNC,SUCCESS,2024-06-27 11:54:00,2024-06-27 12:06:00,12,20,False,,2024-06-27
FX_RATE_LOAD,SUCCESS,2024-12-10 22:51:00,2024-12-10 22:58:00,7,10,False,,2024-12-10
EOD_CLOSE_PROC,SUCCESS,2024-02-13 21:08:00,2024-02-13 21:53:00,45,70,False,,2024-02-13
CASH_FLOW_EXTRACT,SUCCESS,2024-02-29 05:23:00,2024-02-29 05:39:00,16,20,False,,2024-02-29
INVEST_RECON_JOB,SUCCESS,2024-08-02 19:08:00,2024-08-02 19:49:00,41,45,False,,2024-08-02
POSITION_SYNC,SUCCESS,2024-09-06 20:34:00,2024-09-06 20:50:00,16,20,False,,2024-09-06
EOD_CLOSE_PROC,SUCCESS,2024-03-29 17:10:00,2024-03-29 18:17:00,67,70,False,,2024-03-29
SLA_MONITOR_BATCH,SUCCESS,2024-06-10 14:39:00,2024-06-10 14:44:00,5,15,False,,2024-06-10
COMPLIANCE_RPT,SUCCESS,2024-01-05 15:08:00,2024-01-05 15:25:00,17,55,False,,2024-01-05
COMPLIANCE_RPT,SUCCESS,2024-10-14 16:41:00,2024-10-14 17:17:00,36,55,False,,2024-10-14
POSITION_SYNC,FAILED,2024-07-31 22:53:00,2024-07-31 23:01:00,8,20,False,ABEND S222,2024-07-31
INVEST_RECON_JOB,SUCCESS,2024-01-16 07:18:00,2024-01-16 07:25:00,7,45,False,,2024-01-16
SLA_MONITOR_BATCH,SUCCESS,2024-05-27 05:49:00,2024-05-27 06:01:00,12,15,False,,2024-05-27
FX_RATE_LOAD,FAILED,2024-09-10 17:32:00,2024-09-10 17:33:00,1,10,False,JCL ERROR,2024-09-10
CASH_FLOW_EXTRACT,SUCCESS,2024-10-05 11:34:00,2024-10-05 11:52:00,18,20,False,,2024-10-05
PERF_ATTR_JOB,SUCCESS,2024-08-13 17:13:00,2024-08-13 17:45:00,32,45,False,,2024-08-13
CASH_FLOW_EXTRACT,FAILED,2024-11-30 07:19:00,2024-11-30 07:20:00,1,20,False,ABEND S222,2024-11-30
SLA_MONITOR_BATCH,SUCCESS,2024-02-14 14:55:00,2024-02-14 15:01:00,6,15,False,,2024-02-14
PERF_ATTR_JOB,ABENDED,2024-04-17 23:37:00,2024-04-17 23:49:00,12,45,False,JCL ERROR,2024-04-17
NAV_CALC_BATCH,SUCCESS,2024-11-11 04:50:00,2024-11-11 05:08:00,18,50,False,,2024-11-11
COMPLIANCE_RPT,SUCCESS,2024-01-31 18:22:00,2024-01-31 19:01:00,39,55,False,,2024-01-31
SLA_MONITOR_BATCH,SUCCESS,2024-03-27 10:45:00,2024-03-27 10:54:00,9,15,False,,2024-03-27
SLA_MONITOR_BATCH,SUCCESS,2024-09-20 21:52:00,2024-09-20 21:58:00,6,15,False,,2024-09-20
INVEST_RECON_JOB,LATE,2024-07-29 01:17:00,2024-07-29 03:02:00,105,45,True,,2024-07-29
NAV_CALC_BATCH,SUCCESS,2024-03-08 07:09:00,2024-03-08 07:34:00,25,50,False,,2024-03-08
COMPLIANCE_RPT,SUCCESS,2024-12-12 12:31:00,2024-12-12 12:45:00,14,55,False,,2024-12-12
FX_RATE_LOAD,SUCCESS,2024-11-17 13:24:00,2024-11-17 13:32:00,8,10,False,,2024-11-17
CASH_FLOW_EXTRACT,SUCCESS,2024-02-17 12:32:00,2024-02-17 12:48:00,16,20,False,,2024-02-17
SLA_MONITOR_BATCH,FAILED,2024-07-07 14:31:00,2024-07-07 14:34:00,3,15,False,JCL ERROR,2024-07-07
PORTF_RPT_DAILY,ABENDED,2024-02-17 23:29:00,2024-02-17 23:40:00,11,30,False,ABEND S0C7,2024-02-17
COMPLIANCE_RPT,SUCCESS,2024-09-30 12:13:00,2024-09-30 12:45:00,32,55,False,,2024-09-30
COMPLIANCE_RPT,SUCCESS,2024-05-17 10:53:00,2024-05-17 11:16:00,23,55,False,,2024-05-17
TRANS_LOG_PARSER,SUCCESS,2024-03-07 18:54:00,2024-03-07 19:14:00,20,25,False,,2024-03-07
PERF_ATTR_JOB,SUCCESS,2024-12-15 01:02:00,2024-12-15 01:13:00,11,45,False,,2024-12-15
NAV_CALC_BATCH,FAILED,2024-08-23 00:07:00,2024-08-23 00:13:00,6,50,False,ABEND S222,2024-08-23
RISK_CALC_JOB,SUCCESS,2024-08-07 06:44:00,2024-08-07 06:57:00,13,40,False,,2024-08-07
EOD_CLOSE_PROC,SUCCESS,2024-03-22 08:05:00,2024-03-22 08:56:00,51,70,False,,2024-03-22
SLA_MONITOR_BATCH,SUCCESS,2024-12-06 20:10:00,2024-12-06 20:15:00,5,15,False,,2024-12-06
POSITION_SYNC,SUCCESS,2024-12-24 07:27:00,2024-12-24 07:42:00,15,20,False,,2024-12-24
CASH_FLOW_EXTRACT,FAILED,2024-01-01 06:30:00,2024-01-01 06:32:00,2,20,False,RC=12,2024-01-01
FX_RATE_LOAD,SUCCESS,2024-12-14 14:00:00,2024-12-14 14:05:00,5,10,False,,2024-12-14
TRADE_SETTLE_CHK,SUCCESS,2024-03-02 13:44:00,2024-03-02 13:53:00,9,35,False,,2024-03-02
RISK_CALC_JOB,SUCCESS,2024-07-15 02:46:00,2024-07-15 02:57:00,11,40,False,,2024-07-15
CASH_FLOW_EXTRACT,SUCCESS,2024-06-02 04:24:00,2024-06-02 04:41:00,17,20,False,,2024-06-02
COMPLIANCE_RPT,FAILED,2024-03-09 20:43:00,2024-03-09 20:48:00,5,55,False,RC=8,2024-03-09
DIVIDEND_PROC,SUCCESS,2024-11-08 20:10:00,2024-11-08 20:29:00,19,30,False,,2024-11-08
TRANS_LOG_PARSER,FAILED,2024-11-17 23:09:00,2024-11-17 23:16:00,7,25,False,JCL ERROR,2024-11-17
NAV_CALC_BATCH,SUCCESS,2024-04-21 02:57:00,2024-04-21 03:08:00,11,50,False,,2024-04-21
INVEST_RECON_JOB,FAILED,2024-10-28 23:24:00,2024-10-28 23:36:00,12,45,False,ABEND S222,2024-10-28
TRANS_LOG_PARSER,FAILED,2024-05-06 08:41:00,2024-05-06 08:43:00,2,25,False,RC=12,2024-05-06
DIVIDEND_PROC,SUCCESS,2024-11-07 09:49:00,2024-11-07 10:16:00,27,30,False,,2024-11-07
PORTF_RPT_DAILY,ABENDED,2024-12-03 09:13:00,2024-12-03 09:22:00,9,30,False,JCL ERROR,2024-12-03
DIVIDEND_PROC,SUCCESS,2024-07-19 09:41:00,2024-07-19 09:47:00,6,30,False,,2024-07-19
PERF_ATTR_JOB,RUNNING,2024-05-02 15:24:00,2024-05-02 15:36:00,12,45,False,,2024-05-02
CLIENT_STMT_GEN,SUCCESS,2024-10-31 02:33:00,2024-10-31 02:38:00,5,60,False,,2024-10-31
TRANS_LOG_PARSER,LATE,2024-03-08 12:55:00,2024-03-08 14:18:00,83,25,True,,2024-03-08
FX_RATE_LOAD,SUCCESS,2024-10-06 21:11:00,2024-10-06 21:19:00,8,10,False,,2024-10-06
PERF_ATTR_JOB,SUCCESS,2024-10-27 02:00:00,2024-10-27 02:21:00,21,45,False,,2024-10-27
CLIENT_STMT_GEN,SUCCESS,2024-01-31 12:32:00,2024-01-31 12:55:00,23,60,False,,2024-01-31
NAV_CALC_BATCH,FAILED,2024-07-31 13:44:00,2024-07-31 13:57:00,13,50,False,RC=8,2024-07-31
NAV_CALC_BATCH,SUCCESS,2024-11-11 04:17:00,2024-11-11 04:27:00,10,50,False,,2024-11-11
SLA_MONITOR_BATCH,SUCCESS,2024-04-14 04:34:00,2024-04-14 04:44:00,10,15,False,,2024-04-14
POSITION_SYNC,SUCCESS,2024-11-28 21:41:00,2024-11-28 21:47:00,6,20,False,,2024-11-28
SLA_MONITOR_BATCH,FAILED,2024-05-02 01:15:00,2024-05-02 01:16:00,1,15,False,ABEND S222,2024-05-02
CASH_FLOW_EXTRACT,SUCCESS,2024-11-07 01:19:00,2024-11-07 01:34:00,15,20,False,,2024-11-07
TRADE_SETTLE_CHK,FAILED,2024-03-30 03:00:00,2024-03-30 03:05:00,5,35,False,RC=8,2024-03-30
INVEST_RECON_JOB,SUCCESS,2024-06-26 16:33:00,2024-06-26 16:54:00,21,45,False,,2024-06-26
INVEST_RECON_JOB,SUCCESS,2024-05-17 23:56:00,2024-05-18 00:08:00,12,45,False,,2024-05-17
PERF_ATTR_JOB,RUNNING,2024-06-20 13:17:00,2024-06-20 13:55:00,38,45,False,,2024-06-20
CASH_FLOW_EXTRACT,SUCCESS,2024-10-22 20:04:00,2024-10-22 20:16:00,12,20,False,,2024-10-22
RISK_CALC_JOB,SUCCESS,2024-01-29 15:54:00,2024-01-29 16:09:00,15,40,False,,2024-01-29
TRANS_LOG_PARSER,SUCCESS,2024-02-22 18:43:00,2024-02-22 18:51:00,8,25,False,,2024-02-22
CLIENT_STMT_GEN,FAILED,2024-01-02 01:54:00,2024-01-02 02:22:00,28,60,False,RC=8,2024-01-02
CLIENT_STMT_GEN,SUCCESS,2024-07-05 12:58:00,2024-07-05 13:12:00,14,60,False,,2024-07-05
INVEST_RECON_JOB,LATE,2024-01-19 17:51:00,2024-01-19 19:26:00,95,45,True,,2024-01-19
TRADE_SETTLE_CHK,FAILED,2024-04-24 10:15:00,2024-04-24 10:29:00,14,35,False,ABEND S0C7,2024-04-24
SLA_MONITOR_BATCH,ABENDED,2024-10-19 11:07:00,2024-10-19 11:12:00,5,15,False,RC=8,2024-10-19
INVEST_RECON_JOB,SUCCESS,2024-09-21 01:25:00,2024-09-21 01:34:00,9,45,False,,2024-09-21
EOD_CLOSE_PROC,SUCCESS,2024-05-24 09:20:00,2024-05-24 09:36:00,16,70,False,,2024-05-24
DIVIDEND_PROC,SUCCESS,2024-07-07 06:18:00,2024-07-07 06:41:00,23,30,False,,2024-07-07
PERF_ATTR_JOB,SUCCESS,2024-11-14 07:29:00,2024-11-14 07:57:00,28,45,False,,2024-11-14
FX_RATE_LOAD,LATE,2024-04-10 23:57:00,2024-04-11 00:46:00,49,10,True,,2024-04-10
PERF_ATTR_JOB,FAILED,2024-03-18 00:59:00,2024-03-18 01:13:00,14,45,False,RC=8,2024-03-18
CLIENT_STMT_GEN,SUCCESS,2024-11-21 22:56:00,2024-11-21 23:01:00,5,60,False,,2024-11-21
TRANS_LOG_PARSER,SUCCESS,2024-12-02 12:54:00,2024-12-02 13:08:00,14,25,False,,2024-12-02
CASH_FLOW_EXTRACT,SUCCESS,2024-05-01 13:31:00,2024-05-01 13:36:00,5,20,False,,2024-05-01
INVEST_RECON_JOB,FAILED,2024-02-17 01:58:00,2024-02-17 02:06:00,8,45,False,JCL ERROR,2024-02-17
POSITION_SYNC,FAILED,2024-07-09 14:47:00,2024-07-09 14:49:00,2,20,False,JCL ERROR,2024-07-09
CASH_FLOW_EXTRACT,SUCCESS,2024-11-22 12:04:00,2024-11-22 12:18:00,14,20,False,,2024-11-22
FX_RATE_LOAD,SUCCESS,2024-12-05 04:15:00,2024-12-05 04:22:00,7,10,False,,2024-12-05
SLA_MONITOR_BATCH,ABENDED,2024-07-20 22:53:00,2024-07-20 22:59:00,6,15,False,ABEND S0C7,2024-07-20
TRANS_LOG_PARSER,SUCCESS,2024-04-29 02:12:00,2024-04-29 02:21:00,9,25,False,,2024-04-29
PERF_ATTR_JOB,FAILED,2024-02-25 04:06:00,2024-02-25 04:12:00,6,45,False,ABEND S222,2024-02-25
RISK_CALC_JOB,SUCCESS,2024-03-02 17:22:00,2024-03-02 17:40:00,18,40,False,,2024-03-02
RISK_CALC_JOB,SUCCESS,2024-05-15 03:05:00,2024-05-15 03:20:00,15,40,False,,2024-05-15
PERF_ATTR_JOB,FAILED,2024-12-26 22:38:00,2024-12-26 22:40:00,2,45,False,RC=12,2024-12-26
COMPLIANCE_RPT,ABENDED,2024-03-16 02:45:00,2024-03-16 02:53:00,8,55,False,ABEND S0C7,2024-03-16
POSITION_SYNC,SUCCESS,2024-12-12 09:16:00,2024-12-12 09:34:00,18,20,False,,2024-12-12
INVEST_RECON_JOB,SUCCESS,2024-07-26 14:35:00,2024-07-26 15:15:00,40,45,False,,2024-07-26
CLIENT_STMT_GEN,SUCCESS,2024-02-22 04:07:00,2024-02-22 04:12:00,5,60,False,,2024-02-22
PORTF_RPT_DAILY,ABENDED,2024-04-23 04:12:00,2024-04-23 04:26:00,14,30,False,ABEND S222,2024-04-23
TRANS_LOG_PARSER,FAILED,2024-11-26 02:37:00,2024-11-26 02:47:00,10,25,False,ABEND S0C7,2024-11-26
EOD_CLOSE_PROC,ABENDED,2024-01-12 02:12:00,2024-01-12 02:41:00,29,70,False,RC=12,2024-01-12
CASH_FLOW_EXTRACT,RUNNING,2024-06-18 03:02:00,2024-06-18 03:14:00,12,20,False,,2024-06-18
PORTF_RPT_DAILY,SUCCESS,2024-10-20 13:52:00,2024-10-20 14:20:00,28,30,False,,2024-10-20
POSITION_SYNC,SUCCESS,2024-07-14 21:27:00,2024-07-14 21:34:00,7,20,False,,2024-07-14
TRANS_LOG_PARSER,SUCCESS,2024-04-05 08:17:00,2024-04-05 08:36:00,19,25,False,,2024-04-05
EOD_CLOSE_PROC,SUCCESS,2024-11-10 19:39:00,2024-11-10 20:15:00,36,70,False,,2024-11-10
NAV_CALC_BATCH,SUCCESS,2024-07-29 17:30:00,2024-07-29 17:38:00,8,50,False,,2024-07-29
CASH_FLOW_EXTRACT,SUCCESS,2024-03-11 13:12:00,2024-03-11 13:27:00,15,20,False,,2024-03-11
EOD_CLOSE_PROC,FAILED,2024-05-07 20:51:00,2024-05-07 21:26:00,35,70,False,RC=8,2024-05-07
POSITION_SYNC,FAILED,2024-07-02 15:34:00,2024-07-02 15:42:00,8,20,False,ABEND S0C7,2024-07-02
EOD_CLOSE_PROC,SUCCESS,2024-06-13 12:17:00,2024-06-13 12:45:00,28,70,False,,2024-06-13
PORTF_RPT_DAILY,SUCCESS,2024-04-22 00:57:00,2024-04-22 01:26:00,29,30,False,,2024-04-22
SLA_MONITOR_BATCH,SUCCESS,2024-08-29 16:22:00,2024-08-29 16:36:00,14,15,False,,2024-08-29
CLIENT_STMT_GEN,LATE,2024-02-21 07:42:00,2024-02-21 09:02:00,80,60,True,,2024-02-21
SLA_MONITOR_BATCH,SUCCESS,2024-01-29 07:36:00,2024-01-29 07:47:00,11,15,False,,2024-01-29
TRANS_LOG_PARSER,LATE,2024-03-29 05:15:00,2024-03-29 06:22:00,67,25,True,,2024-03-29
TRANS_LOG_PARSER,ABENDED,2024-12-23 11:58:00,2024-12-23 12:08:00,10,25,False,RC=8,2024-12-23
TRADE_SETTLE_CHK,FAILED,2024-10-17 18:09:00,2024-10-17 18:16:00,7,35,False,ABEND S222,2024-10-17
DIVIDEND_PROC,SUCCESS,2024-09-08 01:05:00,2024-09-08 01:11:00,6,30,False,,2024-09-08
CLIENT_STMT_GEN,SUCCESS,2024-01-11 16:30:00,2024-01-11 16:35:00,5,60,False,,2024-01-11
TRANS_LOG_PARSER,RUNNING,2024-04-13 04:21:00,2024-04-13 04:31:00,10,25,False,,2024-04-13
EOD_CLOSE_PROC,ABENDED,2024-06-14 01:01:00,2024-06-14 01:11:00,10,70,False,JCL ERROR,2024-06-14
TRADE_SETTLE_CHK,RUNNING,2024-02-26 16:55:00,2024-02-26 17:11:00,16,35,False,,2024-02-26
CASH_FLOW_EXTRACT,SUCCESS,2024-12-05 12:37:00,2024-12-05 12:43:00,6,20,False,,2024-12-05
TRANS_LOG_PARSER,SUCCESS,2024-03-10 05:46:00,2024-03-10 06:04:00,18,25,False,,2024-03-10
PERF_ATTR_JOB,SUCCESS,2024-09-06 20:20:00,2024-09-06 20:36:00,16,45,False,,2024-09-06
TRADE_SETTLE_CHK,LATE,2024-12-21 19:50:00,2024-12-21 20:52:00,62,35,True,,2024-12-21
CLIENT_STMT_GEN,FAILED,2024-03-30 12:19:00,2024-03-30 12:43:00,24,60,False,ABEND S0C7,2024-03-30
INVEST_RECON_JOB,SUCCESS,2024-01-01 22:36:00,2024-01-01 23:06:00,30,45,False,,2024-01-01
COMPLIANCE_RPT,LATE,2024-10-17 01:11:00,2024-10-17 02:49:00,98,55,True,,2024-10-17
TRANS_LOG_PARSER,RUNNING,2024-11-09 07:40:00,2024-11-09 08:03:00,23,25,False,,2024-11-09
CASH_FLOW_EXTRACT,LATE,2024-03-13 10:47:00,2024-03-13 11:16:00,29,20,True,,2024-03-13
CLIENT_STMT_GEN,SUCCESS,2024-06-12 05:40:00,2024-06-12 05:50:00,10,60,False,,2024-06-12
COMPLIANCE_RPT,FAILED,2024-11-23 23:56:00,2024-11-24 00:07:00,11,55,False,ABEND S222,2024-11-23
PORTF_RPT_DAILY,SUCCESS,2024-05-07 22:04:00,2024-05-07 22:20:00,16,30,False,,2024-05-07
SLA_MONITOR_BATCH,FAILED,2024-01-01 01:24:00,2024-01-01 01:28:00,4,15,False,ABEND S222,2024-01-01
INVEST_RECON_JOB,RUNNING,2024-09-09 12:22:00,2024-09-09 13:01:00,39,45,False,,2024-09-09
POSITION_SYNC,SUCCESS,2024-09-02 18:41:00,2024-09-02 18:58:00,17,20,False,,2024-09-02
NAV_CALC_BATCH,SUCCESS,2024-08-19 02:51:00,2024-08-19 02:58:00,7,50,False,,2024-08-19
SLA_MONITOR_BATCH,SUCCESS,2024-05-13 03:04:00,2024-05-13 03:14:00,10,15,False,,2024-05-13
INVEST_RECON_JOB,RUNNING,2024-03-23 23:04:00,2024-03-23 23:44:00,40,45,False,,2024-03-23
EOD_CLOSE_PROC,LATE,2024-06-22 19:39:00,2024-06-22 21:24:00,105,70,True,,2024-06-22
TRADE_SETTLE_CHK,SUCCESS,2024-11-30 05:38:00,2024-11-30 06:11:00,33,35,False,,2024-11-30
POSITION_SYNC,SUCCESS,2024-02-21 10:13:00,2024-02-21 10:21:00,8,20,False,,2024-02-21
POSITION_SYNC,FAILED,2024-10-03 08:42:00,2024-10-03 08:47:00,5,20,False,ABEND S0C7,2024-10-03
CLIENT_STMT_GEN,SUCCESS,2024-07-20 18:35:00,2024-07-20 19:33:00,58,60,False,,2024-07-20
RISK_CALC_JOB,SUCCESS,2024-07-03 00:27:00,2024-07-03 00:37:00,10,40,False,,2024-07-03
SLA_MONITOR_BATCH,ABENDED,2024-11-16 19:30:00,2024-11-16 19:32:00,2,15,False,RC=8,2024-11-16
PORTF_RPT_DAILY,SUCCESS,2024-11-22 09:05:00,2024-11-22 09:25:00,20,30,False,,2024-11-22
COMPLIANCE_RPT,SUCCESS,2024-07-22 15:31:00,2024-07-22 16:18:00,47,55,False,,2024-07-22
SLA_MONITOR_BATCH,SUCCESS,2024-10-05 12:11:00,2024-10-05 12:21:00,10,15,False,,2024-10-05
EOD_CLOSE_PROC,SUCCESS,2024-04-05 14:02:00,2024-04-05 14:40:00,38,70,False,,2024-04-05
RISK_CALC_JOB,SUCCESS,2024-04-25 08:36:00,2024-04-25 08:44:00,8,40,False,,2024-04-25
INVEST_RECON_JOB,FAILED,2024-12-07 03:05:00,2024-12-07 03:27:00,22,45,False,ABEND S0C7,2024-12-07
PERF_ATTR_JOB,SUCCESS,2024-10-28 07:35:00,2024-10-28 07:43:00,8,45,False,,2024-10-28
COMPLIANCE_RPT,SUCCESS,2024-09-24 13:34:00,2024-09-24 14:22:00,48,55,False,,2024-09-24
COMPLIANCE_RPT,LATE,2024-10-20 07:30:00,2024-10-20 08:49:00,79,55,True,,2024-10-20
CASH_FLOW_EXTRACT,SUCCESS,2024-01-18 16:36:00,2024-01-18 16:55:00,19,20,False,,2024-01-18
DIVIDEND_PROC,ABENDED,2024-12-12 19:09:00,2024-12-12 19:11:00,2,30,False,ABEND S222,2024-12-12
INVEST_RECON_JOB,LATE,2024-03-26 06:51:00,2024-03-26 07:53:00,62,45,True,,2024-03-26
INVEST_RECON_JOB,SUCCESS,2024-02-10 21:27:00,2024-02-10 21:44:00,17,45,False,,2024-02-10
COMPLIANCE_RPT,SUCCESS,2024-10-31 08:20:00,2024-10-31 09:11:00,51,55,False,,2024-10-31
EOD_CLOSE_PROC,ABENDED,2024-02-14 12:35:00,2024-02-14 13:01:00,26,70,False,JCL ERROR,2024-02-14
TRANS_LOG_PARSER,ABENDED,2024-09-23 14:58:00,2024-09-23 14:59:00,1,25,False,JCL ERROR,2024-09-23
FX_RATE_LOAD,SUCCESS,2024-08-02 03:26:00,2024-08-02 03:32:00,6,10,False,,2024-08-02
INVEST_RECON_JOB,SUCCESS,2024-10-25 03:59:00,2024-10-25 04:10:00,11,45,False,,2024-10-25
FX_RATE_LOAD,FAILED,2024-05-26 17:56:00,2024-05-26 17:59:00,3,10,False,ABEND S222,2024-05-26
SLA_MONITOR_BATCH,SUCCESS,2024-09-05 18:38:00,2024-09-05 18:50:00,12,15,False,,2024-09-05
PORTF_RPT_DAILY,SUCCESS,2024-07-25 04:39:00,2024-07-25 05:03:00,24,30,False,,2024-07-25
NAV_CALC_BATCH,FAILED,2024-01-20 12:56:00,2024-01-20 13:07:00,11,50,False,RC=12,2024-01-20
PORTF_RPT_DAILY,FAILED,2024-05-17 11:01:00,2024-05-17 11:07:00,6,30,False,ABEND S0C7,2024-05-17
SLA_MONITOR_BATCH,SUCCESS,2024-09-08 22:43:00,2024-09-08 22:49:00,6,15,False,,2024-09-08
COMPLIANCE_RPT,SUCCESS,2024-06-02 23:28:00,2024-06-03 00:22:00,54,55,False,,2024-06-02
COMPLIANCE_RPT,SUCCESS,2024-08-01 19:41:00,2024-08-01 19:51:00,10,55,False,,2024-08-01
CLIENT_STMT_GEN,SUCCESS,2024-07-27 23:31:00,2024-07-28 00:24:00,53,60,False,,2024-07-27
DIVIDEND_PROC,ABENDED,2024-01-29 16:50:00,2024-01-29 16:53:00,3,30,False,RC=8,2024-01-29
SLA_MONITOR_BATCH,FAILED,2024-07-25 04:49:00,2024-07-25 04:56:00,7,15,False,JCL ERROR,2024-07-25
EOD_CLOSE_PROC,SUCCESS,2024-03-29 06:56:00,2024-03-29 07:26:00,30,70,False,,2024-03-29
COMPLIANCE_RPT,SUCCESS,2024-01-17 14:03:00,2024-01-17 14:31:00,28,55,False,,2024-01-17
TRADE_SETTLE_CHK,SUCCESS,2024-07-07 14:32:00,2024-07-07 14:49:00,17,35,False,,2024-07-07
NAV_CALC_BATCH,RUNNING,2024-12-14 00:15:00,2024-12-14 00:43:00,28,50,False,,2024-12-14
RISK_CALC_JOB,SUCCESS,2024-03-31 15:37:00,2024-03-31 16:04:00,27,40,False,,2024-03-31
TRANS_LOG_PARSER,SUCCESS,2024-05-12 23:53:00,2024-05-13 00:00:00,7,25,False,,2024-05-12
SLA_MONITOR_BATCH,SUCCESS,2024-01-26 05:54:00,2024-01-26 06:08:00,14,15,False,,2024-01-26
PERF_ATTR_JOB,LATE,2024-04-23 20:14:00,2024-04-23 21:47:00,93,45,True,,2024-04-23
CLIENT_STMT_GEN,SUCCESS,2024-07-28 16:01:00,2024-07-28 16:55:00,54,60,False,,2024-07-28
PERF_ATTR_JOB,FAILED,2024-08-30 04:41:00,2024-08-30 04:47:00,6,45,False,JCL ERROR,2024-08-30
PERF_ATTR_JOB,SUCCESS,2024-05-09 19:51:00,2024-05-09 20:15:00,24,45,False,,2024-05-09
TRADE_SETTLE_CHK,LATE,2024-11-25 08:27:00,2024-11-25 09:31:00,64,35,True,,2024-11-25
COMPLIANCE_RPT,SUCCESS,2024-05-09 06:29:00,2024-05-09 06:53:00,24,55,False,,2024-05-09
NAV_CALC_BATCH,SUCCESS,2024-11-15 12:37:00,2024-11-15 12:48:00,11,50,False,,2024-11-15
PORTF_RPT_DAILY,SUCCESS,2024-12-05 11:35:00,2024-12-05 12:00:00,25,30,False,,2024-12-05
FX_RATE_LOAD,SUCCESS,2024-06-01 21:06:00,2024-06-01 21:14:00,8,10,False,,2024-06-01
CASH_FLOW_EXTRACT,SUCCESS,2024-05-21 20:20:00,2024-05-21 20:38:00,18,20,False,,2024-05-21
SLA_MONITOR_BATCH,SUCCESS,2024-12-30 20:19:00,2024-12-30 20:27:00,8,15,False,,2024-12-30
INVEST_RECON_JOB,SUCCESS,2024-05-03 01:51:00,2024-05-03 02:34:00,43,45,False,,2024-05-03
POSITION_SYNC,FAILED,2024-12-14 04:46:00,2024-12-14 04:47:00,1,20,False,ABEND S222,2024-12-14
SLA_MONITOR_BATCH,SUCCESS,2024-08-02 12:24:00,2024-08-02 12:29:00,5,15,False,,2024-08-02
FX_RATE_LOAD,FAILED,2024-10-19 06:21:00,2024-10-19 06:23:00,2,10,False,JCL ERROR,2024-10-19
NAV_CALC_BATCH,FAILED,2024-12-09 11:32:00,2024-12-09 11:42:00,10,50,False,RC=12,2024-12-09
COMPLIANCE_RPT,FAILED,2024-10-12 05:18:00,2024-10-12 05:22:00,4,55,False,ABEND S222,2024-10-12
INVEST_RECON_JOB,FAILED,2024-10-13 05:43:00,2024-10-13 05:54:00,11,45,False,RC=8,2024-10-13
CLIENT_STMT_GEN,SUCCESS,2024-06-06 13:50:00,2024-06-06 14:16:00,26,60,False,,2024-06-06
TRANS_LOG_PARSER,SUCCESS,2024-05-30 14:54:00,2024-05-30 15:02:00,8,25,False,,2024-05-30
RISK_CALC_JOB,SUCCESS,2024-11-20 18:37:00,2024-11-20 18:46:00,9,40,False,,2024-11-20
RISK_CALC_JOB,RUNNING,2024-09-13 03:55:00,2024-09-13 04:24:00,29,40,False,,2024-09-13
DIVIDEND_PROC,SUCCESS,2024-01-28 04:08:00,2024-01-28 04:19:00,11,30,False,,2024-01-28
TRANS_LOG_PARSER,SUCCESS,2024-10-18 14:09:00,2024-10-18 14:24:00,15,25,False,,2024-10-18
COMPLIANCE_RPT,FAILED,2024-02-11 15:21:00,2024-02-11 15:42:00,21,55,False,RC=12,2024-02-11
TRANS_LOG_PARSER,SUCCESS,2024-01-03 14:17:00,2024-01-03 14:28:00,11,25,False,,2024-01-03
PERF_ATTR_JOB,FAILED,2024-10-22 05:31:00,2024-10-22 05:34:00,3,45,False,RC=12,2024-10-22
FX_RATE_LOAD,SUCCESS,2024-08-07 12:27:00,2024-08-07 12:35:00,8,10,False,,2024-08-07
POSITION_SYNC,SUCCESS,2024-09-30 06:46:00,2024-09-30 06:56:00,10,20,False,,2024-09-30
PORTF_RPT_DAILY,RUNNING,2024-09-28 06:01:00,2024-09-28 06:27:00,26,30,False,,2024-09-28
PORTF_RPT_DAILY,SUCCESS,2024-05-07 07:44:00,2024-05-07 08:00:00,16,30,False,,2024-05-07
SLA_MONITOR_BATCH,SUCCESS,2024-07-15 16:37:00,2024-07-15 16:46:00,9,15,False,,2024-07-15
INVEST_RECON_JOB,SUCCESS,2024-01-24 09:18:00,2024-01-24 09:52:00,34,45,False,,2024-01-24
TRADE_SETTLE_CHK,SUCCESS,2024-09-25 10:27:00,2024-09-25 11:00:00,33,35,False,,2024-09-25
NAV_CALC_BATCH,LATE,2024-06-24 15:22:00,2024-06-24 17:05:00,103,50,True,,2024-06-24
CLIENT_STMT_GEN,SUCCESS,2024-07-25 00:14:00,2024-07-25 00:33:00,19,60,False,,2024-07-25
TRADE_SETTLE_CHK,LATE,2024-04-18 23:01:00,2024-04-19 00:18:00,77,35,True,,2024-04-18
DIVIDEND_PROC,SUCCESS,2024-07-06 22:41:00,2024-07-06 22:47:00,6,30,False,,2024-07-06
POSITION_SYNC,ABENDED,2024-05-10 17:39:00,2024-05-10 17:40:00,1,20,False,JCL ERROR,2024-05-10
PORTF_RPT_DAILY,FAILED,2024-11-30 00:03:00,2024-11-30 00:15:00,12,30,False,RC=8,2024-11-30
POSITION_SYNC,SUCCESS,2024-03-04 17:16:00,2024-03-04 17:28:00,12,20,False,,2024-03-04
TRADE_SETTLE_CHK,SUCCESS,2024-12-21 21:40:00,2024-12-21 21:45:00,5,35,False,,2024-12-21
SLA_MONITOR_BATCH,SUCCESS,2024-02-21 21:33:00,2024-02-21 21:42:00,9,15,False,,2024-02-21
FX_RATE_LOAD,SUCCESS,2024-03-11 13:53:00,2024-03-11 13:58:00,5,10,False,,2024-03-11
DIVIDEND_PROC,FAILED,2024-03-01 09:07:00,2024-03-01 09:20:00,13,30,False,RC=8,2024-03-01
RISK_CALC_JOB,SUCCESS,2024-04-12 08:53:00,2024-04-12 09:31:00,38,40,False,,2024-04-12
CLIENT_STMT_GEN,SUCCESS,2024-07-28 09:10:00,2024-07-28 09:17:00,7,60,False,,2024-07-28
DIVIDEND_PROC,SUCCESS,2024-04-16 22:59:00,2024-04-16 23:19:00,20,30,False,,2024-04-16
TRANS_LOG_PARSER,SUCCESS,2024-01-07 21:05:00,2024-01-07 21:13:00,8,25,False,,2024-01-07
COMPLIANCE_RPT,SUCCESS,2024-09-09 04:05:00,2024-09-09 04:59:00,54,55,False,,2024-09-09
DIVIDEND_PROC,SUCCESS,2024-02-21 08:41:00,2024-02-21 08:53:00,12,30,False,,2024-02-21
RISK_CALC_JOB,LATE,2024-05-31 08:29:00,2024-05-31 09:17:00,48,40,True,,2024-05-31
CASH_FLOW_EXTRACT,ABENDED,2024-01-21 09:23:00,2024-01-21 09:29:00,6,20,False,ABEND S222,2024-01-21
TRADE_SETTLE_CHK,SUCCESS,2024-01-24 00:54:00,2024-01-24 01:03:00,9,35,False,,2024-01-24
NAV_CALC_BATCH,SUCCESS,2024-06-17 11:57:00,2024-06-17 12:30:00,33,50,False,,2024-06-17
FX_RATE_LOAD,SUCCESS,2024-02-17 11:52:00,2024-02-17 11:59:00,7,10,False,,2024-02-17
INVEST_RECON_JOB,SUCCESS,2024-07-23 14:17:00,2024-07-23 14:46:00,29,45,False,,2024-07-23
TRADE_SETTLE_CHK,ABENDED,2024-08-03 20:56:00,2024-08-03 21:02:00,6,35,False,RC=8,2024-08-03
INVEST_RECON_JOB,FAILED,2024-01-31 05:06:00,2024-01-31 05:20:00,14,45,False,JCL ERROR,2024-01-31
RISK_CALC_JOB,ABENDED,2024-12-13 14:11:00,2024-12-13 14:31:00,20,40,False,ABEND S222,2024-12-13
PERF_ATTR_JOB,SUCCESS,2024-01-15 21:56:00,2024-01-15 22:09:00,13,45,False,,2024-01-15
RISK_CALC_JOB,RUNNING,2024-02-27 13:28:00,2024-02-27 13:35:00,7,40,False,,2024-02-27
CASH_FLOW_EXTRACT,SUCCESS,2024-06-09 00:45:00,2024-06-09 01:03:00,18,20,False,,2024-06-09
NAV_CALC_BATCH,SUCCESS,2024-10-22 23:36:00,2024-10-22 23:55:00,19,50,False,,2024-10-22
NAV_CALC_BATCH,ABENDED,2024-09-22 16:44:00,2024-09-22 17:07:00,23,50,False,JCL ERROR,2024-09-22
CASH_FLOW_EXTRACT,SUCCESS,2024-05-07 15:22:00,2024-05-07 15:37:00,15,20,False,,2024-05-07
NAV_CALC_BATCH,SUCCESS,2024-03-17 17:57:00,2024-03-17 18:41:00,44,50,False,,2024-03-17
PORTF_RPT_DAILY,SUCCESS,2024-03-21 16:54:00,2024-03-21 17:14:00,20,30,False,,2024-03-21
COMPLIANCE_RPT,SUCCESS,2024-03-25 02:48:00,2024-03-25 03:24:00,36,55,False,,2024-03-25
TRANS_LOG_PARSER,SUCCESS,2024-05-22 01:32:00,2024-05-22 01:44:00,12,25,False,,2024-05-22
DIVIDEND_PROC,SUCCESS,2024-07-25 07:05:00,2024-07-25 07:24:00,19,30,False,,2024-07-25
RISK_CALC_JOB,ABENDED,2024-08-17 02:54:00,2024-08-17 03:10:00,16,40,False,ABEND S222,2024-08-17
TRANS_LOG_PARSER,SUCCESS,2024-09-11 23:41:00,2024-09-11 23:46:00,5,25,False,,2024-09-11
CASH_FLOW_EXTRACT,SUCCESS,2024-01-19 17:35:00,2024-01-19 17:40:00,5,20,False,,2024-01-19
COMPLIANCE_RPT,SUCCESS,2024-11-05 19:40:00,2024-11-05 20:04:00,24,55,False,,2024-11-05
EOD_CLOSE_PROC,SUCCESS,2024-04-15 20:42:00,2024-04-15 21:45:00,63,70,False,,2024-04-15
TRANS_LOG_PARSER,SUCCESS,2024-01-28 07:54:00,2024-01-28 08:13:00,19,25,False,,2024-01-28
TRANS_LOG_PARSER,SUCCESS,2024-11-13 19:30:00,2024-11-13 19:46:00,16,25,False,,2024-11-13
TRADE_SETTLE_CHK,SUCCESS,2024-02-19 21:14:00,2024-02-19 21:19:00,5,35,False,,2024-02-19
TRANS_LOG_PARSER,SUCCESS,2024-11-20 09:35:00,2024-11-20 09:56:00,21,25,False,,2024-11-20
TRANS_LOG_PARSER,FAILED,2024-01-24 05:31:00,2024-01-24 05:34:00,3,25,False,ABEND S222,2024-01-24
CASH_FLOW_EXTRACT,SUCCESS,2024-04-10 06:07:00,2024-04-10 06:26:00,19,20,False,,2024-04-10
COMPLIANCE_RPT,SUCCESS,2024-08-22 06:45:00,2024-08-22 07:11:00,26,55,False,,2024-08-22
CASH_FLOW_EXTRACT,FAILED,2024-01-24 20:53:00,2024-01-24 21:03:00,10,20,False,RC=8,2024-01-24
PERF_ATTR_JOB,RUNNING,2024-08-22 21:37:00,2024-08-22 22:14:00,37,45,False,,2024-08-22
INVEST_RECON_JOB,LATE,2024-01-03 16:47:00,2024-01-03 17:40:00,53,45,True,,2024-01-03
DIVIDEND_PROC,LATE,2024-10-26 15:59:00,2024-10-26 17:06:00,67,30,True,,2024-10-26
PERF_ATTR_JOB,RUNNING,2024-03-31 22:37:00,2024-03-31 22:53:00,16,45,False,,2024-03-31
TRADE_SETTLE_CHK,ABENDED,2024-02-23 12:42:00,2024-02-23 12:53:00,11,35,False,JCL ERROR,2024-02-23
EOD_CLOSE_PROC,SUCCESS,2024-11-07 22:48:00,2024-11-07 23:24:00,36,70,False,,2024-11-07
SLA_MONITOR_BATCH,SUCCESS,2024-06-24 09:28:00,2024-06-24 09:35:00,7,15,False,,2024-06-24
INVEST_RECON_JOB,SUCCESS,2024-12-24 23:32:00,2024-12-24 23:56:00,24,45,False,,2024-12-24
COMPLIANCE_RPT,FAILED,2024-06-09 22:47:00,2024-06-09 23:05:00,18,55,False,RC=12,2024-06-09
CLIENT_STMT_GEN,SUCCESS,2024-05-28 21:22:00,2024-05-28 22:10:00,48,60,False,,2024-05-28
INVEST_RECON_JOB,LATE,2024-11-28 05:32:00,2024-11-28 06:56:00,84,45,True,,2024-11-28
TRADE_SETTLE_CHK,SUCCESS,2024-12-29 03:48:00,2024-12-29 04:04:00,16,35,False,,2024-12-29
DIVIDEND_PROC,SUCCESS,2024-10-19 21:45:00,2024-10-19 22:03:00,18,30,False,,2024-10-19
NAV_CALC_BATCH,FAILED,2024-09-30 09:56:00,2024-09-30 10:10:00,14,50,False,RC=8,2024-09-30
DIVIDEND_PROC,SUCCESS,2024-07-14 04:03:00,2024-07-14 04:29:00,26,30,False,,2024-07-14
PORTF_RPT_DAILY,SUCCESS,2024-03-23 09:43:00,2024-03-23 09:56:00,13,30,False,,2024-03-23
INVEST_RECON_JOB,ABENDED,2024-12-19 09:13:00,2024-12-19 09:31:00,18,45,False,RC=8,2024-12-19
TRANS_LOG_PARSER,ABENDED,2024-02-22 19:55:00,2024-02-22 20:06:00,11,25,False,JCL ERROR,2024-02-22
COMPLIANCE_RPT,SUCCESS,2024-11-27 17:24:00,2024-11-27 17:44:00,20,55,False,,2024-11-27
DIVIDEND_PROC,FAILED,2024-12-22 09:44:00,2024-12-22 09:55:00,11,30,False,RC=8,2024-12-22
EOD_CLOSE_PROC,SUCCESS,2024-08-01 21:20:00,2024-08-01 21:31:00,11,70,False,,2024-08-01
PORTF_RPT_DAILY,FAILED,2024-04-13 19:55:00,2024-04-13 20:08:00,13,30,False,ABEND S222,2024-04-13
COMPLIANCE_RPT,SUCCESS,2024-11-20 22:45:00,2024-11-20 23:31:00,46,55,False,,2024-11-20
TRANS_LOG_PARSER,FAILED,2024-10-06 23:38:00,2024-10-06 23:42:00,4,25,False,RC=12,2024-10-06
SLA_MONITOR_BATCH,SUCCESS,2024-12-15 02:11:00,2024-12-15 02:18:00,7,15,False,,2024-12-15
TRADE_SETTLE_CHK,SUCCESS,2024-07-12 01:27:00,2024-07-12 01:40:00,13,35,False,,2024-07-12
DIVIDEND_PROC,SUCCESS,2024-03-23 18:54:00,2024-03-23 19:07:00,13,30,False,,2024-03-23
PORTF_RPT_DAILY,SUCCESS,2024-12-29 04:02:00,2024-12-29 04:11:00,9,30,False,,2024-12-29
EOD_CLOSE_PROC,SUCCESS,2024-01-27 20:39:00,2024-01-27 21:22:00,43,70,False,,2024-01-27
RISK_CALC_JOB,FAILED,2024-10-08 11:04:00,2024-10-08 11:15:00,11,40,False,JCL ERROR,2024-10-08
CLIENT_STMT_GEN,LATE,2024-09-23 02:50:00,2024-09-23 04:27:00,97,60,True,,2024-09-23
INVEST_RECON_JOB,SUCCESS,2024-10-01 12:05:00,2024-10-01 12:32:00,27,45,False,,2024-10-01
CLIENT_STMT_GEN,RUNNING,2024-12-05 10:21:00,2024-12-05 10:49:00,28,60,False,,2024-12-05
SLA_MONITOR_BATCH,SUCCESS,2024-11-12 16:30:00,2024-11-12 16:43:00,13,15,False,,2024-11-12
COMPLIANCE_RPT,FAILED,2024-11-28 00:07:00,2024-11-28 00:29:00,22,55,False,ABEND S0C7,2024-11-28
RISK_CALC_JOB,SUCCESS,2024-11-24 19:58:00,2024-11-24 20:18:00,20,40,False,,2024-11-24
PORTF_RPT_DAILY,FAILED,2024-06-13 12:58:00,2024-06-13 13:11:00,13,30,False,RC=8,2024-06-13
POSITION_SYNC,SUCCESS,2024-05-24 00:58:00,2024-05-24 01:11:00,13,20,False,,2024-05-24
COMPLIANCE_RPT,FAILED,2024-09-20 16:28:00,2024-09-20 16:44:00,16,55,False,RC=8,2024-09-20
SLA_MONITOR_BATCH,RUNNING,2024-04-08 10:32:00,2024-04-08 10:38:00,6,15,False,,2024-04-08
CASH_FLOW_EXTRACT,SUCCESS,2024-10-02 17:00:00,2024-10-02 17:15:00,15,20,False,,2024-10-02
CASH_FLOW_EXTRACT,SUCCESS,2024-11-18 06:55:00,2024-11-18 07:10:00,15,20,False,,2024-11-18
POSITION_SYNC,ABENDED,2024-04-15 17:53:00,2024-04-15 18:00:00,7,20,False,RC=8,2024-04-15
TRADE_SETTLE_CHK,FAILED,2024-01-13 14:45:00,2024-01-13 14:56:00,11,35,False,RC=8,2024-01-13
CASH_FLOW_EXTRACT,SUCCESS,2024-04-01 08:35:00,2024-04-01 08:41:00,6,20,False,,2024-04-01
FX_RATE_LOAD,ABENDED,2024-05-12 13:24:00,2024-05-12 13:28:00,4,10,False,ABEND S222,2024-05-12
POSITION_SYNC,SUCCESS,2024-07-18 21:07:00,2024-07-18 21:20:00,13,20,False,,2024-07-18
PORTF_RPT_DAILY,SUCCESS,2024-11-12 02:48:00,2024-11-12 03:16:00,28,30,False,,2024-11-12
FX_RATE_LOAD,SUCCESS,2024-02-07 11:59:00,2024-02-07 12:08:00,9,10,False,,2024-02-07
CASH_FLOW_EXTRACT,SUCCESS,2024-12-17 09:38:00,2024-12-17 09:44:00,6,20,False,,2024-12-17
SLA_MONITOR_BATCH,FAILED,2024-08-12 12:25:00,2024-08-12 12:32:00,7,15,False,RC=8,2024-08-12
RISK_CALC_JOB,SUCCESS,2024-04-22 04:47:00,2024-04-22 05:17:00,30,40,False,,2024-04-22
PERF_ATTR_JOB,FAILED,2024-10-06 09:40:00,2024-10-06 09:45:00,5,45,False,ABEND S0C7,2024-10-06
NAV_CALC_BATCH,RUNNING,2024-11-27 11:00:00,2024-11-27 11:40:00,40,50,False,,2024-11-27
COMPLIANCE_RPT,SUCCESS,2024-03-04 01:00:00,2024-03-04 01:41:00,41,55,False,,2024-03-04
FX_RATE_LOAD,SUCCESS,2024-10-07 02:19:00,2024-10-07 02:25:00,6,10,False,,2024-10-07
TRADE_SETTLE_CHK,FAILED,2024-06-25 06:26:00,2024-06-25 06:43:00,17,35,False,RC=12,2024-06-25
INVEST_RECON_JOB,SUCCESS,2024-11-11 08:12:00,2024-11-11 08:24:00,12,45,False,,2024-11-11
INVEST_RECON_JOB,FAILED,2024-10-17 01:54:00,2024-10-17 02:12:00,18,45,False,ABEND S222,2024-10-17
NAV_CALC_BATCH,SUCCESS,2024-05-28 21:04:00,2024-05-28 21:25:00,21,50,False,,2024-05-28
CASH_FLOW_EXTRACT,SUCCESS,2024-10-24 15:21:00,2024-10-24 15:31:00,10,20,False,,2024-10-24
INVEST_RECON_JOB,FAILED,2024-04-30 03:18:00,2024-04-30 03:38:00,20,45,False,RC=8,2024-04-30
EOD_CLOSE_PROC,SUCCESS,2024-09-05 14:21:00,2024-09-05 15:05:00,44,70,False,,2024-09-05
TRADE_SETTLE_CHK,SUCCESS,2024-10-16 18:23:00,2024-10-16 18:53:00,30,35,False,,2024-10-16
TRANS_LOG_PARSER,LATE,2024-03-27 00:20:00,2024-03-27 01:05:00,45,25,True,,2024-03-27
PERF_ATTR_JOB,SUCCESS,2024-11-24 13:17:00,2024-11-24 13:45:00,28,45,False,,2024-11-24
INVEST_RECON_JOB,FAILED,2024-06-18 15:29:00,2024-06-18 15:44:00,15,45,False,ABEND S0C7,2024-06-18
PERF_ATTR_JOB,SUCCESS,2024-10-09 03:11:00,2024-10-09 03:54:00,43,45,False,,2024-10-09
CASH_FLOW_EXTRACT,ABENDED,2024-03-12 17:12:00,2024-03-12 17:17:00,5,20,False,RC=8,2024-03-12
TRADE_SETTLE_CHK,SUCCESS,2024-01-10 16:40:00,2024-01-10 16:45:00,5,35,False,,2024-01-10
COMPLIANCE_RPT,SUCCESS,2024-07-26 18:13:00,2024-07-26 18:20:00,7,55,False,,2024-07-26
DIVIDEND_PROC,SUCCESS,2024-10-03 15:41:00,2024-10-03 16:10:00,29,30,False,,2024-10-03
INVEST_RECON_JOB,SUCCESS,2024-04-24 18:46:00,2024-04-24 19:09:00,23,45,False,,2024-04-24
INVEST_RECON_JOB,SUCCESS,2024-09-18 02:25:00,2024-09-18 02:53:00,28,45,False,,2024-09-18
DIVIDEND_PROC,SUCCESS,2024-05-02 19:43:00,2024-05-02 19:53:00,10,30,False,,2024-05-02
PERF_ATTR_JOB,SUCCESS,2024-08-16 05:11:00,2024-08-16 05:52:00,41,45,False,,2024-08-16
FX_RATE_LOAD,FAILED,2024-03-15 23:46:00,2024-03-15 23:50:00,4,10,False,ABEND S0C7,2024-03-15
PORTF_RPT_DAILY,SUCCESS,2024-09-06 07:04:00,2024-09-06 07:17:00,13,30,False,,2024-09-06
TRANS_LOG_PARSER,SUCCESS,2024-12-08 06:33:00,2024-12-08 06:49:00,16,25,False,,2024-12-08
POSITION_SYNC,SUCCESS,2024-08-20 01:02:00,2024-08-20 01:17:00,15,20,False,,2024-08-20
TRANS_LOG_PARSER,SUCCESS,2024-09-23 20:53:00,2024-09-23 21:06:00,13,25,False,,2024-09-23
COMPLIANCE_RPT,FAILED,2024-10-23 17:36:00,2024-10-23 17:42:00,6,55,False,ABEND S222,2024-10-23
NAV_CALC_BATCH,SUCCESS,2024-10-27 20:57:00,2024-10-27 21:06:00,9,50,False,,2024-10-27
DIVIDEND_PROC,SUCCESS,2024-04-24 16:25:00,2024-04-24 16:41:00,16,30,False,,2024-04-24
COMPLIANCE_RPT,ABENDED,2024-09-06 15:56:00,2024-09-06 16:16:00,20,55,False,RC=8,2024-09-06
DIVIDEND_PROC,RUNNING,2024-08-13 05:14:00,2024-08-13 05:21:00,7,30,False,,2024-08-13
DIVIDEND_PROC,SUCCESS,2024-04-18 04:11:00,2024-04-18 04:21:00,10,30,False,,2024-04-18
TRANS_LOG_PARSER,SUCCESS,2024-03-01 21:14:00,2024-03-01 21:32:00,18,25,False,,2024-03-01
PERF_ATTR_JOB,SUCCESS,2024-02-28 15:43:00,2024-02-28 16:18:00,35,45,False,,2024-02-28
RISK_CALC_JOB,SUCCESS,2024-03-23 20:53:00,2024-03-23 21:24:00,31,40,False,,2024-03-23
PORTF_RPT_DAILY,SUCCESS,2024-03-06 18:37:00,2024-03-06 18:47:00,10,30,False,,2024-03-06
INVEST_RECON_JOB,SUCCESS,2024-01-21 18:09:00,2024-01-21 18:17:00,8,45,False,,2024-01-21
INVEST_RECON_JOB,SUCCESS,2024-04-02 16:25:00,2024-04-02 17:08:00,43,45,False,,2024-04-02
FX_RATE_LOAD,SUCCESS,2024-12-04 09:05:00,2024-12-04 09:11:00,6,10,False,,2024-12-04
RISK_CALC_JOB,SUCCESS,2024-08-29 15:10:00,2024-08-29 15:29:00,19,40,False,,2024-08-29
COMPLIANCE_RPT,SUCCESS,2024-03-14 18:52:00,2024-03-14 19:46:00,54,55,False,,2024-03-14
INVEST_RECON_JOB,SUCCESS,2024-09-18 08:10:00,2024-09-18 08:36:00,26,45,False,,2024-09-18
EOD_CLOSE_PROC,SUCCESS,2024-10-29 02:14:00,2024-10-29 03:07:00,53,70,False,,2024-10-29
POSITION_SYNC,SUCCESS,2024-01-09 06:33:00,2024-01-09 06:51:00,18,20,False,,2024-01-09
EOD_CLOSE_PROC,SUCCESS,2024-08-02 04:38:00,2024-08-02 04:55:00,17,70,False,,2024-08-02
INVEST_RECON_JOB,SUCCESS,2024-11-10 19:02:00,2024-11-10 19:41:00,39,45,False,,2024-11-10
DIVIDEND_PROC,FAILED,2024-02-17 15:42:00,2024-02-17 15:45:00,3,30,False,JCL ERROR,2024-02-17
DIVIDEND_PROC,ABENDED,2024-12-13 20:27:00,2024-12-13 20:36:00,9,30,False,ABEND S222,2024-12-13
TRANS_LOG_PARSER,ABENDED,2024-12-23 16:27:00,2024-12-23 16:31:00,4,25,False,ABEND S222,2024-12-23
PERF_ATTR_JOB,FAILED,2024-06-28 18:51:00,2024-06-28 19:10:00,19,45,False,RC=8,2024-06-28
POSITION_SYNC,SUCCESS,2024-09-01 07:58:00,2024-09-01 08:16:00,18,20,False,,2024-09-01
CASH_FLOW_EXTRACT,SUCCESS,2024-10-05 13:16:00,2024-10-05 13:24:00,8,20,False,,2024-10-05
PORTF_RPT_DAILY,FAILED,2024-01-04 18:33:00,2024-01-04 18:35:00,2,30,False,JCL ERROR,2024-01-04
PORTF_RPT_DAILY,SUCCESS,2024-04-15 22:51:00,2024-04-15 23:06:00,15,30,False,,2024-04-15
POSITION_SYNC,SUCCESS,2024-03-20 13:41:00,2024-03-20 13:55:00,14,20,False,,2024-03-20
SLA_MONITOR_BATCH,SUCCESS,2024-10-01 13:36:00,2024-10-01 13:46:00,10,15,False,,2024-10-01
FX_RATE_LOAD,SUCCESS,2024-12-14 12:48:00,2024-12-14 12:54:00,6,10,False,,2024-12-14
POSITION_SYNC,SUCCESS,2024-10-12 15:11:00,2024-10-12 15:21:00,10,20,False,,2024-10-12
DIVIDEND_PROC,SUCCESS,2024-05-09 09:36:00,2024-05-09 09:52:00,16,30,False,,2024-05-09
PERF_ATTR_JOB,FAILED,2024-03-11 21:07:00,2024-03-11 21:15:00,8,45,False,ABEND S222,2024-03-11
PERF_ATTR_JOB,FAILED,2024-03-23 03:13:00,2024-03-23 03:30:00,17,45,False,ABEND S222,2024-03-23
PERF_ATTR_JOB,SUCCESS,2024-10-08 19:44:00,2024-10-08 19:52:00,8,45,False,,2024-10-08
INVEST_RECON_JOB,SUCCESS,2024-11-21 00:51:00,2024-11-21 01:01:00,10,45,False,,2024-11-21
COMPLIANCE_RPT,SUCCESS,2024-11-03 13:05:00,2024-11-03 13:14:00,9,55,False,,2024-11-03
SLA_MONITOR_BATCH,SUCCESS,2024-02-10 19:02:00,2024-02-10 19:13:00,11,15,False,,2024-02-10
EOD_CLOSE_PROC,LATE,2024-11-10 20:33:00,2024-11-10 22:06:00,93,70,True,,2024-11-10
TRADE_SETTLE_CHK,LATE,2024-01-30 05:40:00,2024-01-30 06:51:00,71,35,True,,2024-01-30
RISK_CALC_JOB,SUCCESS,2024-12-02 16:18:00,2024-12-02 16:35:00,17,40,False,,2024-12-02
PORTF_RPT_DAILY,FAILED,2024-09-18 16:44:00,2024-09-18 16:48:00,4,30,False,JCL ERROR,2024-09-18
INVEST_RECON_JOB,FAILED,2024-07-03 07:41:00,2024-07-03 07:42:00,1,45,False,RC=12,2024-07-03
CASH_FLOW_EXTRACT,LATE,2024-07-23 11:42:00,2024-07-23 12:32:00,50,20,True,,2024-07-23
POSITION_SYNC,SUCCESS,2024-09-22 00:47:00,2024-09-22 01:03:00,16,20,False,,2024-09-22
CASH_FLOW_EXTRACT,RUNNING,2024-10-08 09:46:00,2024-10-08 10:04:00,18,20,False,,2024-10-08
DIVIDEND_PROC,RUNNING,2024-06-27 11:52:00,2024-06-27 12:05:00,13,30,False,,2024-06-27
CLIENT_STMT_GEN,SUCCESS,2024-04-09 14:59:00,2024-04-09 15:29:00,30,60,False,,2024-04-09
FX_RATE_LOAD,SUCCESS,2024-03-30 13:32:00,2024-03-30 13:37:00,5,10,False,,2024-03-30
DIVIDEND_PROC,SUCCESS,2024-05-30 10:07:00,2024-05-30 10:28:00,21,30,False,,2024-05-30
SLA_MONITOR_BATCH,ABENDED,2024-10-21 08:44:00,2024-10-21 08:48:00,4,15,False,ABEND S222,2024-10-21
FX_RATE_LOAD,SUCCESS,2024-05-04 10:49:00,2024-05-04 10:57:00,8,10,False,,2024-05-04
NAV_CALC_BATCH,SUCCESS,2024-10-27 00:30:00,2024-10-27 00:42:00,12,50,False,,2024-10-27
SLA_MONITOR_BATCH,SUCCESS,2024-11-20 07:43:00,2024-11-20 07:51:00,8,15,False,,2024-11-20
PERF_ATTR_JOB,SUCCESS,2024-06-29 16:34:00,2024-06-29 16:39:00,5,45,False,,2024-06-29
TRADE_SETTLE_CHK,ABENDED,2024-05-07 09:05:00,2024-05-07 09:18:00,13,35,False,ABEND S0C7,2024-05-07
CASH_FLOW_EXTRACT,SUCCESS,2024-04-01 15:20:00,2024-04-01 15:30:00,10,20,False,,2024-04-01
CLIENT_STMT_GEN,RUNNING,2024-05-17 05:47:00,2024-05-17 06:35:00,48,60,False,,2024-05-17
EOD_CLOSE_PROC,RUNNING,2024-09-12 23:12:00,2024-09-12 23:47:00,35,70,False,,2024-09-12
TRADE_SETTLE_CHK,SUCCESS,2024-05-15 06:14:00,2024-05-15 06:25:00,11,35,False,,2024-05-15
COMPLIANCE_RPT,SUCCESS,2024-11-12 11:09:00,2024-11-12 12:03:00,54,55,False,,2024-11-12
CASH_FLOW_EXTRACT,SUCCESS,2024-02-10 21:42:00,2024-02-10 21:54:00,12,20,False,,2024-02-10
FX_RATE_LOAD,SUCCESS,2024-10-04 01:54:00,2024-10-04 02:02:00,8,10,False,,2024-10-04
TRANS_LOG_PARSER,SUCCESS,2024-09-09 18:55:00,2024-09-09 19:08:00,13,25,False,,2024-09-09
RISK_CALC_JOB,SUCCESS,2024-09-18 08:25:00,2024-09-18 08:44:00,19,40,False,,2024-09-18
PERF_ATTR_JOB,SUCCESS,2024-01-28 16:51:00,2024-01-28 17:23:00,32,45,False,,2024-01-28
RISK_CALC_JOB,LATE,2024-01-17 16:22:00,2024-01-17 17:32:00,70,40,True,,2024-01-17
COMPLIANCE_RPT,FAILED,2024-03-30 14:07:00,2024-03-30 14:30:00,23,55,False,JCL ERROR,2024-03-30
RISK_CALC_JOB,SUCCESS,2024-01-05 00:43:00,2024-01-05 01:01:00,18,40,False,,2024-01-05
POSITION_SYNC,SUCCESS,2024-06-15 11:39:00,2024-06-15 11:57:00,18,20,False,,2024-06-15
SLA_MONITOR_BATCH,SUCCESS,2024-05-14 07:17:00,2024-05-14 07:29:00,12,15,False,,2024-05-14
FX_RATE_LOAD,SUCCESS,2024-04-04 15:27:00,2024-04-04 15:33:00,6,10,False,,2024-04-04
POSITION_SYNC,FAILED,2024-07-09 11:54:00,2024-07-09 12:01:00,7,20,False,ABEND S0C7,2024-07-09
RISK_CALC_JOB,SUCCESS,2024-03-08 18:43:00,2024-03-08 19:02:00,19,40,False,,2024-03-08
COMPLIANCE_RPT,SUCCESS,2024-05-18 07:35:00,2024-05-18 08:07:00,32,55,False,,2024-05-18
COMPLIANCE_RPT,SUCCESS,2024-03-15 23:09:00,2024-03-15 23:44:00,35,55,False,,2024-03-15
PERF_ATTR_JOB,SUCCESS,2024-08-03 15:08:00,2024-08-03 15:46:00,38,45,False,,2024-08-03
DIVIDEND_PROC,FAILED,2024-09-06 09:16:00,2024-09-06 09:25:00,9,30,False,JCL ERROR,2024-09-06
PORTF_RPT_DAILY,SUCCESS,2024-12-19 05:03:00,2024-12-19 05:14:00,11,30,False,,2024-12-19
COMPLIANCE_RPT,SUCCESS,2024-11-18 03:28:00,2024-11-18 04:20:00,52,55,False,,2024-11-18
TRANS_LOG_PARSER,SUCCESS,2024-07-03 17:35:00,2024-07-03 17:48:00,13,25,False,,2024-07-03
TRANS_LOG_PARSER,SUCCESS,2024-03-03 11:55:00,2024-03-03 12:19:00,24,25,False,,2024-03-03
CLIENT_STMT_GEN,SUCCESS,2024-11-28 20:34:00,2024-11-28 20:50:00,16,60,False,,2024-11-28
PERF_ATTR_JOB,SUCCESS,2024-06-15 21:32:00,2024-06-15 22:08:00,36,45,False,,2024-06-15
PERF_ATTR_JOB,FAILED,2024-02-10 12:39:00,2024-02-10 12:49:00,10,45,False,ABEND S222,2024-02-10
NAV_CALC_BATCH,LATE,2024-03-26 20:51:00,2024-03-26 22:07:00,76,50,True,,2024-03-26
POSITION_SYNC,SUCCESS,2024-10-19 12:54:00,2024-10-19 13:13:00,19,20,False,,2024-10-19
CASH_FLOW_EXTRACT,SUCCESS,2024-06-24 07:20:00,2024-06-24 07:30:00,10,20,False,,2024-06-24
NAV_CALC_BATCH,SUCCESS,2024-05-16 19:41:00,2024-05-16 20:11:00,30,50,False,,2024-05-16
SLA_MONITOR_BATCH,RUNNING,2024-07-04 23:37:00,2024-07-04 23:50:00,13,15,False,,2024-07-04
RISK_CALC_JOB,SUCCESS,2024-04-04 00:08:00,2024-04-04 00:28:00,20,40,False,,2024-04-04
NAV_CALC_BATCH,SUCCESS,2024-12-24 23:05:00,2024-12-24 23:23:00,18,50,False,,2024-12-24
INVEST_RECON_JOB,SUCCESS,2024-02-18 02:59:00,2024-02-18 03:34:00,35,45,False,,2024-02-18
DIVIDEND_PROC,SUCCESS,2024-07-22 16:48:00,2024-07-22 16:55:00,7,30,False,,2024-07-22
CASH_FLOW_EXTRACT,SUCCESS,2024-03-20 02:41:00,2024-03-20 03:00:00,19,20,False,,2024-03-20
EOD_CLOSE_PROC,SUCCESS,2024-04-27 07:47:00,2024-04-27 08:28:00,41,70,False,,2024-04-27
RISK_CALC_JOB,SUCCESS,2024-03-08 16:53:00,2024-03-08 17:08:00,15,40,False,,2024-03-08
PORTF_RPT_DAILY,SUCCESS,2024-07-01 10:55:00,2024-07-01 11:15:00,20,30,False,,2024-07-01
RISK_CALC_JOB,LATE,2024-10-03 08:35:00,2024-10-03 09:48:00,73,40,True,,2024-10-03
INVEST_RECON_JOB,LATE,2024-12-23 17:11:00,2024-12-23 18:38:00,87,45,True,,2024-12-23
FX_RATE_LOAD,SUCCESS,2024-11-21 18:27:00,2024-11-21 18:36:00,9,10,False,,2024-11-21
NAV_CALC_BATCH,SUCCESS,2024-06-07 11:30:00,2024-06-07 12:09:00,39,50,False,,2024-06-07
CLIENT_STMT_GEN,ABENDED,2024-08-14 09:23:00,2024-08-14 09:37:00,14,60,False,ABEND S0C7,2024-08-14
INVEST_RECON_JOB,SUCCESS,2024-01-01 16:52:00,2024-01-01 17:05:00,13,45,False,,2024-01-01
TRANS_LOG_PARSER,SUCCESS,2024-09-30 00:44:00,2024-09-30 01:04:00,20,25,False,,2024-09-30
PERF_ATTR_JOB,SUCCESS,2024-01-05 13:51:00,2024-01-05 14:14:00,23,45,False,,2024-01-05
FX_RATE_LOAD,SUCCESS,2024-01-04 17:23:00,2024-01-04 17:29:00,6,10,False,,2024-01-04
POSITION_SYNC,RUNNING,2024-08-11 12:15:00,2024-08-11 12:22:00,7,20,False,,2024-08-11
TRADE_SETTLE_CHK,FAILED,2024-07-18 12:14:00,2024-07-18 12:23:00,9,35,False,RC=8,2024-07-18
POSITION_SYNC,SUCCESS,2024-09-21 19:51:00,2024-09-21 20:07:00,16,20,False,,2024-09-21
NAV_CALC_BATCH,SUCCESS,2024-11-28 23:34:00,2024-11-28 23:56:00,22,50,False,,2024-11-28
POSITION_SYNC,SUCCESS,2024-02-05 05:08:00,2024-02-05 05:17:00,9,20,False,,2024-02-05
CASH_FLOW_EXTRACT,SUCCESS,2024-11-12 14:17:00,2024-11-12 14:33:00,16,20,False,,2024-11-12
FX_RATE_LOAD,SUCCESS,2024-06-13 00:09:00,2024-06-13 00:14:00,5,10,False,,2024-06-13
DIVIDEND_PROC,SUCCESS,2024-02-22 09:17:00,2024-02-22 09:26:00,9,30,False,,2024-02-22
TRADE_SETTLE_CHK,SUCCESS,2024-01-05 07:05:00,2024-01-05 07:14:00,9,35,False,,2024-01-05
PORTF_RPT_DAILY,SUCCESS,2024-06-24 13:19:00,2024-06-24 13:39:00,20,30,False,,2024-06-24
TRANS_LOG_PARSER,SUCCESS,2024-01-17 10:05:00,2024-01-17 10:14:00,9,25,False,,2024-01-17
PORTF_RPT_DAILY,SUCCESS,2024-07-19 02:34:00,2024-07-19 02:54:00,20,30,False,,2024-07-19
INVEST_RECON_JOB,SUCCESS,2024-05-08 12:53:00,2024-05-08 12:58:00,5,45,False,,2024-05-08
CASH_FLOW_EXTRACT,LATE,2024-05-07 12:49:00,2024-05-07 13:42:00,53,20,True,,2024-05-07
CLIENT_STMT_GEN,FAILED,2024-01-18 06:29:00,2024-01-18 06:53:00,24,60,False,RC=8,2024-01-18
DIVIDEND_PROC,FAILED,2024-04-16 15:24:00,2024-04-16 15:35:00,11,30,False,ABEND S0C7,2024-04-16
EOD_CLOSE_PROC,SUCCESS,2024-11-18 23:02:00,2024-11-18 23:22:00,20,70,False,,2024-11-18
SLA_MONITOR_BATCH,SUCCESS,2024-06-01 06:23:00,2024-06-01 06:28:00,5,15,False,,2024-06-01
COMPLIANCE_RPT,FAILED,2024-02-27 07:40:00,2024-02-27 07:54:00,14,55,False,ABEND S0C7,2024-02-27
PORTF_RPT_DAILY,SUCCESS,2024-05-21 18:07:00,2024-05-21 18:24:00,17,30,False,,2024-05-21
PERF_ATTR_JOB,SUCCESS,2024-01-22 18:50:00,2024-01-22 19:25:00,35,45,False,,2024-01-22
TRADE_SETTLE_CHK,SUCCESS,2024-07-09 02:15:00,2024-07-09 02:25:00,10,35,False,,2024-07-09
RISK_CALC_JOB,SUCCESS,2024-11-12 10:59:00,2024-11-12 11:07:00,8,40,False,,2024-11-12
PORTF_RPT_DAILY,SUCCESS,2024-03-19 22:34:00,2024-03-19 22:42:00,8,30,False,,2024-03-19
INVEST_RECON_JOB,SUCCESS,2024-06-11 17:50:00,2024-06-11 18:17:00,27,45,False,,2024-06-11
PERF_ATTR_JOB,RUNNING,2024-04-08 00:44:00,2024-04-08 01:13:00,29,45,False,,2024-04-08
TRANS_LOG_PARSER,FAILED,2024-05-08 01:31:00,2024-05-08 01:43:00,12,25,False,ABEND S222,2024-05-08
DIVIDEND_PROC,SUCCESS,2024-12-22 15:12:00,2024-12-22 15:35:00,23,30,False,,2024-12-22
INVEST_RECON_JOB,SUCCESS,2024-06-14 23:29:00,2024-06-14 23:51:00,22,45,False,,2024-06-14
COMPLIANCE_RPT,ABENDED,2024-10-10 05:04:00,2024-10-10 05:21:00,17,55,False,RC=12,2024-10-10
RISK_CALC_JOB,SUCCESS,2024-05-14 17:23:00,2024-05-14 17:57:00,34,40,False,,2024-05-14
PORTF_RPT_DAILY,FAILED,2024-09-16 12:46:00,2024-09-16 12:49:00,3,30,False,RC=8,2024-09-16
FX_RATE_LOAD,ABENDED,2024-11-13 07:20:00,2024-11-13 07:21:00,1,10,False,JCL ERROR,2024-11-13
COMPLIANCE_RPT,SUCCESS,2024-09-25 21:31:00,2024-09-25 22:25:00,54,55,False,,2024-09-25
DIVIDEND_PROC,SUCCESS,2024-05-24 10:26:00,2024-05-24 10:51:00,25,30,False,,2024-05-24
TRANS_LOG_PARSER,SUCCESS,2024-09-24 21:04:00,2024-09-24 21:10:00,6,25,False,,2024-09-24
COMPLIANCE_RPT,LATE,2024-04-01 01:12:00,2024-04-01 02:18:00,66,55,True,,2024-04-01
RISK_CALC_JOB,SUCCESS,2024-01-17 18:41:00,2024-01-17 19:10:00,29,40,False,,2024-01-17
NAV_CALC_BATCH,SUCCESS,2024-11-15 22:37:00,2024-11-15 22:58:00,21,50,False,,2024-11-15
PORTF_RPT_DAILY,SUCCESS,2024-11-06 22:04:00,2024-11-06 22:09:00,5,30,False,,2024-11-06
EOD_CLOSE_PROC,RUNNING,2024-12-01 15:59:00,2024-12-01 16:14:00,15,70,False,,2024-12-01
RISK_CALC_JOB,ABENDED,2024-02-01 11:35:00,2024-02-01 11:49:00,14,40,False,ABEND S0C7,2024-02-01
PERF_ATTR_JOB,FAILED,2024-11-11 08:33:00,2024-11-11 08:35:00,2,45,False,RC=8,2024-11-11
COMPLIANCE_RPT,SUCCESS,2024-04-20 16:06:00,2024-04-20 16:17:00,11,55,False,,2024-04-20
TRADE_SETTLE_CHK,SUCCESS,2024-07-16 06:12:00,2024-07-16 06:33:00,21,35,False,,2024-07-16
NAV_CALC_BATCH,SUCCESS,2024-11-16 05:35:00,2024-11-16 06:15:00,40,50,False,,2024-11-16
POSITION_SYNC,FAILED,2024-11-22 18:22:00,2024-11-22 18:30:00,8,20,False,ABEND S222,2024-11-22
EOD_CLOSE_PROC,SUCCESS,2024-04-02 17:25:00,2024-04-02 18:34:00,69,70,False,,2024-04-02
TRANS_LOG_PARSER,FAILED,2024-09-30 19:28:00,2024-09-30 19:34:00,6,25,False,ABEND S0C7,2024-09-30
DIVIDEND_PROC,LATE,2024-06-15 11:26:00,2024-06-15 12:49:00,83,30,True,,2024-06-15
NAV_CALC_BATCH,SUCCESS,2024-06-14 19:15:00,2024-06-14 19:56:00,41,50,False,,2024-06-14
DIVIDEND_PROC,SUCCESS,2024-10-08 23:16:00,2024-10-08 23:32:00,16,30,False,,2024-10-08
RISK_CALC_JOB,SUCCESS,2024-07-22 00:46:00,2024-07-22 00:53:00,7,40,False,,2024-07-22
SLA_MONITOR_BATCH,SUCCESS,2024-09-22 04:56:00,2024-09-22 05:05:00,9,15,False,,2024-09-22
PORTF_RPT_DAILY,SUCCESS,2024-04-23 06:54:00,2024-04-23 07:09:00,15,30,False,,2024-04-23
PORTF_RPT_DAILY,FAILED,2024-12-19 08:58:00,2024-12-19 09:07:00,9,30,False,JCL ERROR,2024-12-19
DIVIDEND_PROC,SUCCESS,2024-10-19 04:06:00,2024-10-19 04:12:00,6,30,False,,2024-10-19
RISK_CALC_JOB,SUCCESS,2024-03-11 08:23:00,2024-03-11 08:43:00,20,40,False,,2024-03-11
CLIENT_STMT_GEN,SUCCESS,2024-06-02 02:36:00,2024-06-02 03:06:00,30,60,False,,2024-06-02
FX_RATE_LOAD,RUNNING,2024-02-09 23:20:00,2024-02-09 23:28:00,8,10,False,,2024-02-09
INVEST_RECON_JOB,SUCCESS,2024-12-19 22:36:00,2024-12-19 22:47:00,11,45,False,,2024-12-19
FX_RATE_LOAD,SUCCESS,2024-01-20 23:51:00,2024-01-21 00:00:00,9,10,False,,2024-01-20
POSITION_SYNC,SUCCESS,2024-01-29 10:22:00,2024-01-29 10:41:00,19,20,False,,2024-01-29
COMPLIANCE_RPT,SUCCESS,2024-03-02 07:47:00,2024-03-02 08:33:00,46,55,False,,2024-03-02
COMPLIANCE_RPT,SUCCESS,2024-01-06 20:49:00,2024-01-06 21:34:00,45,55,False,,2024-01-06
POSITION_SYNC,SUCCESS,2024-09-25 01:20:00,2024-09-25 01:33:00,13,20,False,,2024-09-25
FX_RATE_LOAD,SUCCESS,2024-09-14 22:14:00,2024-09-14 22:20:00,6,10,False,,2024-09-14
PORTF_RPT_DAILY,FAILED,2024-07-20 14:48:00,2024-07-20 14:58:00,10,30,False,JCL ERROR,2024-07-20
DIVIDEND_PROC,SUCCESS,2024-08-09 09:50:00,2024-08-09 10:07:00,17,30,False,,2024-08-09
INVEST_RECON_JOB,SUCCESS,2024-02-12 15:36:00,2024-02-12 15:44:00,8,45,False,,2024-02-12
DIVIDEND_PROC,SUCCESS,2024-02-13 12:32:00,2024-02-13 12:50:00,18,30,False,,2024-02-13
PERF_ATTR_JOB,FAILED,2024-03-10 15:35:00,2024-03-10 15:42:00,7,45,False,ABEND S222,2024-03-10
POSITION_SYNC,FAILED,2024-04-10 17:39:00,2024-04-10 17:48:00,9,20,False,RC=12,2024-04-10
CLIENT_STMT_GEN,SUCCESS,2024-08-08 10:43:00,2024-08-08 11:24:00,41,60,False,,2024-08-08
CASH_FLOW_EXTRACT,SUCCESS,2024-07-30 13:23:00,2024-07-30 13:33:00,10,20,False,,2024-07-30
CLIENT_STMT_GEN,SUCCESS,2024-10-31 20:01:00,2024-10-31 20:55:00,54,60,False,,2024-10-31
SLA_MONITOR_BATCH,SUCCESS,2024-06-28 19:52:00,2024-06-28 20:04:00,12,15,False,,2024-06-28
FX_RATE_LOAD,SUCCESS,2024-01-23 07:12:00,2024-01-23 07:19:00,7,10,False,,2024-01-23
INVEST_RECON_JOB,FAILED,2024-02-13 03:47:00,2024-02-13 03:49:00,2,45,False,RC=12,2024-02-13
FX_RATE_LOAD,RUNNING,2024-05-27 00:21:00,2024-05-27 00:26:00,5,10,False,,2024-05-27
SLA_MONITOR_BATCH,SUCCESS,2024-01-12 10:13:00,2024-01-12 10:26:00,13,15,False,,2024-01-12
CLIENT_STMT_GEN,SUCCESS,2024-09-24 08:35:00,2024-09-24 09:10:00,35,60,False,,2024-09-24
FX_RATE_LOAD,FAILED,2024-03-13 22:44:00,2024-03-13 22:45:00,1,10,False,ABEND S222,2024-03-13
FX_RATE_LOAD,RUNNING,2024-09-26 01:16:00,2024-09-26 01:22:00,6,10,False,,2024-09-26
PORTF_RPT_DAILY,SUCCESS,2024-12-22 19:17:00,2024-12-22 19:23:00,6,30,False,,2024-12-22
RISK_CALC_JOB,FAILED,2024-01-05 02:24:00,2024-01-05 02:33:00,9,40,False,ABEND S0C7,2024-01-05
COMPLIANCE_RPT,SUCCESS,2024-05-29 20:24:00,2024-05-29 20:43:00,19,55,False,,2024-05-29
POSITION_SYNC,SUCCESS,2024-12-29 03:57:00,2024-12-29 04:07:00,10,20,False,,2024-12-29
RISK_CALC_JOB,ABENDED,2024-09-29 02:11:00,2024-09-29 02:18:00,7,40,False,JCL ERROR,2024-09-29
RISK_CALC_JOB,SUCCESS,2024-12-30 00:02:00,2024-12-30 00:22:00,20,40,False,,2024-12-30
EOD_CLOSE_PROC,SUCCESS,2024-06-19 15:25:00,2024-06-19 15:50:00,25,70,False,,2024-06-19
PORTF_RPT_DAILY,SUCCESS,2024-06-29 11:40:00,2024-06-29 11:54:00,14,30,False,,2024-06-29
CLIENT_STMT_GEN,LATE,2024-09-13 08:51:00,2024-09-13 09:59:00,68,60,True,,2024-09-13
NAV_CALC_BATCH,SUCCESS,2024-07-17 00:35:00,2024-07-17 00:57:00,22,50,False,,2024-07-17
CLIENT_STMT_GEN,SUCCESS,2024-07-20 21:08:00,2024-07-20 21:18:00,10,60,False,,2024-07-20
TRADE_SETTLE_CHK,SUCCESS,2024-12-13 19:55:00,2024-12-13 20:20:00,25,35,False,,2024-12-13
NAV_CALC_BATCH,SUCCESS,2024-05-03 18:09:00,2024-05-03 18:41:00,32,50,False,,2024-05-03
SLA_MONITOR_BATCH,RUNNING,2024-06-17 14:34:00,2024-06-17 14:41:00,7,15,False,,2024-06-17
CLIENT_STMT_GEN,FAILED,2024-10-24 17:43:00,2024-10-24 18:09:00,26,60,False,RC=12,2024-10-24
COMPLIANCE_RPT,SUCCESS,2024-12-18 22:57:00,2024-12-18 23:35:00,38,55,False,,2024-12-18
EOD_CLOSE_PROC,SUCCESS,2024-03-15 20:59:00,2024-03-15 21:24:00,25,70,False,,2024-03-15
TRANS_LOG_PARSER,SUCCESS,2024-09-29 23:07:00,2024-09-29 23:17:00,10,25,False,,2024-09-29
TRANS_LOG_PARSER,ABENDED,2024-03-15 23:01:00,2024-03-15 23:07:00,6,25,False,ABEND S222,2024-03-15
POSITION_SYNC,SUCCESS,2024-11-22 23:17:00,2024-11-22 23:24:00,7,20,False,,2024-11-22
PERF_ATTR_JOB,SUCCESS,2024-03-08 05:01:00,2024-03-08 05:45:00,44,45,False,,2024-03-08
FX_RATE_LOAD,SUCCESS,2024-10-17 19:14:00,2024-10-17 19:23:00,9,10,False,,2024-10-17
CLIENT_STMT_GEN,SUCCESS,2024-01-14 11:05:00,2024-01-14 11:54:00,49,60,False,,2024-01-14
PERF_ATTR_JOB,SUCCESS,2024-09-14 19:30:00,2024-09-14 19:58:00,28,45,False,,2024-09-14
INVEST_RECON_JOB,ABENDED,2024-09-08 15:08:00,2024-09-08 15:14:00,6,45,False,RC=12,2024-09-08
CLIENT_STMT_GEN,SUCCESS,2024-01-08 08:26:00,2024-01-08 08:45:00,19,60,False,,2024-01-08
TRADE_SETTLE_CHK,FAILED,2024-04-13 06:04:00,2024-04-13 06:10:00,6,35,False,ABEND S222,2024-04-13
COMPLIANCE_RPT,SUCCESS,2024-12-18 10:55:00,2024-12-18 11:29:00,34,55,False,,2024-12-18
EOD_CLOSE_PROC,SUCCESS,2024-07-26 01:38:00,2024-07-26 02:31:00,53,70,False,,2024-07-26
TRADE_SETTLE_CHK,SUCCESS,2024-11-09 23:36:00,2024-11-10 00:00:00,24,35,False,,2024-11-09
DIVIDEND_PROC,SUCCESS,2024-12-26 01:33:00,2024-12-26 01:41:00,8,30,False,,2024-12-26
RISK_CALC_JOB,SUCCESS,2024-01-22 07:33:00,2024-01-22 08:12:00,39,40,False,,2024-01-22
POSITION_SYNC,LATE,2024-01-21 17:24:00,2024-01-21 18:22:00,58,20,True,,2024-01-21
PERF_ATTR_JOB,SUCCESS,2024-01-26 06:18:00,2024-01-26 06:51:00,33,45,False,,2024-01-26
POSITION_SYNC,RUNNING,2024-05-26 14:10:00,2024-05-26 14:21:00,11,20,False,,2024-05-26
SLA_MONITOR_BATCH,SUCCESS,2024-01-28 22:33:00,2024-01-28 22:40:00,7,15,False,,2024-01-28
RISK_CALC_JOB,ABENDED,2024-08-19 02:46:00,2024-08-19 03:03:00,17,40,False,RC=8,2024-08-19
INVEST_RECON_JOB,FAILED,2024-12-22 17:08:00,2024-12-22 17:21:00,13,45,False,ABEND S222,2024-12-22
TRANS_LOG_PARSER,SUCCESS,2024-04-01 14:37:00,2024-04-01 14:48:00,11,25,False,,2024-04-01
EOD_CLOSE_PROC,SUCCESS,2024-05-08 10:44:00,2024-05-08 11:09:00,25,70,False,,2024-05-08
TRADE_SETTLE_CHK,FAILED,2024-02-16 03:45:00,2024-02-16 04:00:00,15,35,False,ABEND S0C7,2024-02-16
CASH_FLOW_EXTRACT,SUCCESS,2024-07-15 23:50:00,2024-07-16 00:03:00,13,20,False,,2024-07-15
FX_RATE_LOAD,LATE,2024-07-12 17:24:00,2024-07-12 17:41:00,17,10,True,,2024-07-12
PERF_ATTR_JOB,SUCCESS,2024-06-20 18:55:00,2024-06-20 19:09:00,14,45,False,,2024-06-20
INVEST_RECON_JOB,ABENDED,2024-04-01 22:03:00,2024-04-01 22:17:00,14,45,False,ABEND S0C7,2024-04-01
SLA_MONITOR_BATCH,FAILED,2024-08-16 09:40:00,2024-08-16 09:42:00,2,15,False,RC=8,2024-08-16
EOD_CLOSE_PROC,SUCCESS,2024-04-13 00:39:00,2024-04-13 01:16:00,37,70,False,,2024-04-13
PORTF_RPT_DAILY,SUCCESS,2024-09-12 17:51:00,2024-09-12 17:56:00,5,30,False,,2024-09-12
FX_RATE_LOAD,RUNNING,2024-05-01 06:37:00,2024-05-01 06:45:00,8,10,False,,2024-05-01
RISK_CALC_JOB,SUCCESS,2024-02-10 19:38:00,2024-02-10 19:43:00,5,40,False,,2024-02-10
CLIENT_STMT_GEN,RUNNING,2024-05-22 19:40:00,2024-05-22 20:20:00,40,60,False,,2024-05-22
COMPLIANCE_RPT,ABENDED,2024-01-26 05:09:00,2024-01-26 05:11:00,2,55,False,ABEND S0C7,2024-01-26
PORTF_RPT_DAILY,SUCCESS,2024-01-17 21:36:00,2024-01-17 22:00:00,24,30,False,,2024-01-17
SLA_MONITOR_BATCH,SUCCESS,2024-02-14 01:06:00,2024-02-14 01:17:00,11,15,False,,2024-02-14
INVEST_RECON_JOB,SUCCESS,2024-05-25 19:42:00,2024-05-25 20:25:00,43,45,False,,2024-05-25
FX_RATE_LOAD,FAILED,2024-03-31 14:47:00,2024-03-31 14:52:00,5,10,False,ABEND S0C7,2024-03-31
EOD_CLOSE_PROC,SUCCESS,2024-06-02 10:23:00,2024-06-02 11:16:00,53,70,False,,2024-06-02
COMPLIANCE_RPT,SUCCESS,2024-08-06 17:04:00,2024-08-06 17:27:00,23,55,False,,2024-08-06
RISK_CALC_JOB,SUCCESS,2024-12-21 08:21:00,2024-12-21 08:59:00,38,40,False,,2024-12-21
POSITION_SYNC,SUCCESS,2024-12-22 06:39:00,2024-12-22 06:44:00,5,20,False,,2024-12-22
CASH_FLOW_EXTRACT,SUCCESS,2024-11-18 16:05:00,2024-11-18 16:17:00,12,20,False,,2024-11-18
TRADE_SETTLE_CHK,FAILED,2024-12-27 09:27:00,2024-12-27 09:38:00,11,35,False,ABEND S0C7,2024-12-27
DIVIDEND_PROC,SUCCESS,2024-11-15 11:59:00,2024-11-15 12:08:00,9,30,False,,2024-11-15
FX_RATE_LOAD,SUCCESS,2024-09-23 23:40:00,2024-09-23 23:48:00,8,10,False,,2024-09-23
RISK_CALC_JOB,ABENDED,2024-11-08 07:45:00,2024-11-08 07:55:00,10,40,False,RC=12,2024-11-08
PORTF_RPT_DAILY,SUCCESS,2024-08-26 20:50:00,2024-08-26 20:58:00,8,30,False,,2024-08-26
TRADE_SETTLE_CHK,ABENDED,2024-11-11 13:26:00,2024-11-11 13:28:00,2,35,False,ABEND S0C7,2024-11-11
TRANS_LOG_PARSER,SUCCESS,2024-11-22 06:00:00,2024-11-22 06:11:00,11,25,False,,2024-11-22
TRADE_SETTLE_CHK,SUCCESS,2024-02-04 09:19:00,2024-02-04 09:40:00,21,35,False,,2024-02-04
DIVIDEND_PROC,SUCCESS,2024-01-04 03:43:00,2024-01-04 03:58:00,15,30,False,,2024-01-04
TRANS_LOG_PARSER,SUCCESS,2024-10-18 19:01:00,2024-10-18 19:11:00,10,25,False,,2024-10-18
CLIENT_STMT_GEN,SUCCESS,2024-06-22 21:30:00,2024-06-22 22:05:00,35,60,False,,2024-06-22
PERF_ATTR_JOB,SUCCESS,2024-03-10 15:09:00,2024-03-10 15:43:00,34,45,False,,2024-03-10
EOD_CLOSE_PROC,ABENDED,2024-06-20 14:50:00,2024-06-20 15:17:00,27,70,False,RC=8,2024-06-20
COMPLIANCE_RPT,SUCCESS,2024-10-16 23:43:00,2024-10-17 00:08:00,25,55,False,,2024-10-16
DIVIDEND_PROC,SUCCESS,2024-04-16 18:43:00,2024-04-16 18:58:00,15,30,False,,2024-04-16
PERF_ATTR_JOB,RUNNING,2024-06-30 02:09:00,2024-06-30 02:31:00,22,45,False,,2024-06-30
COMPLIANCE_RPT,SUCCESS,2024-07-11 20:34:00,2024-07-11 20:49:00,15,55,False,,2024-07-11
FX_RATE_LOAD,SUCCESS,2024-04-05 19:07:00,2024-04-05 19:14:00,7,10,False,,2024-04-05
TRADE_SETTLE_CHK,ABENDED,2024-12-29 01:17:00,2024-12-29 01:31:00,14,35,False,RC=8,2024-12-29
RISK_CALC_JOB,ABENDED,2024-07-09 14:53:00,2024-07-09 15:03:00,10,40,False,RC=12,2024-07-09
DIVIDEND_PROC,SUCCESS,2024-02-27 11:50:00,2024-02-27 11:56:00,6,30,False,,2024-02-27
PERF_ATTR_JOB,SUCCESS,2024-02-17 14:32:00,2024-02-17 14:38:00,6,45,False,,2024-02-17
PERF_ATTR_JOB,SUCCESS,2024-09-13 04:12:00,2024-09-13 04:38:00,26,45,False,,2024-09-13
EOD_CLOSE_PROC,SUCCESS,2024-09-25 09:49:00,2024-09-25 10:35:00,46,70,False,,2024-09-25
INVEST_RECON_JOB,FAILED,2024-02-20 16:43:00,2024-02-20 16:48:00,5,45,False,RC=12,2024-02-20
TRADE_SETTLE_CHK,SUCCESS,2024-07-17 22:55:00,2024-07-17 23:16:00,21,35,False,,2024-07-17
CASH_FLOW_EXTRACT,SUCCESS,2024-01-23 21:54:00,2024-01-23 22:08:00,14,20,False,,2024-01-23
COMPLIANCE_RPT,SUCCESS,2024-08-27 01:06:00,2024-08-27 01:44:00,38,55,False,,2024-08-27
PERF_ATTR_JOB,FAILED,2024-06-08 00:36:00,2024-06-08 00:46:00,10,45,False,RC=12,2024-06-08
TRANS_LOG_PARSER,SUCCESS,2024-05-26 08:34:00,2024-05-26 08:49:00,15,25,False,,2024-05-26
PERF_ATTR_JOB,SUCCESS,2024-03-01 08:09:00,2024-03-01 08:24:00,15,45,False,,2024-03-01
SLA_MONITOR_BATCH,SUCCESS,2024-11-14 17:32:00,2024-11-14 17:38:00,6,15,False,,2024-11-14
CLIENT_STMT_GEN,SUCCESS,2024-10-08 10:17:00,2024-10-08 10:31:00,14,60,False,,2024-10-08
TRADE_SETTLE_CHK,ABENDED,2024-10-20 07:10:00,2024-10-20 07:13:00,3,35,False,ABEND S0C7,2024-10-20
FX_RATE_LOAD,RUNNING,2024-10-03 14:03:00,2024-10-03 14:09:00,6,10,False,,2024-10-03
PORTF_RPT_DAILY,SUCCESS,2024-12-11 01:06:00,2024-12-11 01:23:00,17,30,False,,2024-12-11
PORTF_RPT_DAILY,SUCCESS,2024-07-19 05:45:00,2024-07-19 06:09:00,24,30,False,,2024-07-19
EOD_CLOSE_PROC,SUCCESS,2024-12-19 22:28:00,2024-12-19 23:18:00,50,70,False,,2024-12-19
SLA_MONITOR_BATCH,SUCCESS,2024-04-11 22:48:00,2024-04-11 23:01:00,13,15,False,,2024-04-11
CASH_FLOW_EXTRACT,LATE,2024-08-26 18:08:00,2024-08-26 18:38:00,30,20,True,,2024-08-26
COMPLIANCE_RPT,ABENDED,2024-12-23 14:06:00,2024-12-23 14:21:00,15,55,False,ABEND S0C7,2024-12-23
NAV_CALC_BATCH,SUCCESS,2024-08-26 15:14:00,2024-08-26 15:33:00,19,50,False,,2024-08-26
INVEST_RECON_JOB,ABENDED,2024-11-11 08:58:00,2024-11-11 09:10:00,12,45,False,ABEND S222,2024-11-11
INVEST_RECON_JOB,FAILED,2024-12-06 10:50:00,2024-12-06 11:01:00,11,45,False,ABEND S222,2024-12-06
RISK_CALC_JOB,SUCCESS,2024-08-31 03:22:00,2024-08-31 03:57:00,35,40,False,,2024-08-31
RISK_CALC_JOB,ABENDED,2024-05-24 11:38:00,2024-05-24 11:57:00,19,40,False,RC=12,2024-05-24
DIVIDEND_PROC,SUCCESS,2024-02-24 10:35:00,2024-02-24 11:00:00,25,30,False,,2024-02-24
CASH_FLOW_EXTRACT,FAILED,2024-09-29 14:25:00,2024-09-29 14:35:00,10,20,False,ABEND S222,2024-09-29
CLIENT_STMT_GEN,SUCCESS,2024-10-07 05:30:00,2024-10-07 05:59:00,29,60,False,,2024-10-07
CASH_FLOW_EXTRACT,SUCCESS,2024-12-21 18:27:00,2024-12-21 18:44:00,17,20,False,,2024-12-21
POSITION_SYNC,SUCCESS,2024-06-24 17:44:00,2024-06-24 17:52:00,8,20,False,,2024-06-24
INVEST_RECON_JOB,FAILED,2024-02-09 23:59:00,2024-02-10 00:18:00,19,45,False,ABEND S222,2024-02-09
CASH_FLOW_EXTRACT,SUCCESS,2024-08-25 10:35:00,2024-08-25 10:41:00,6,20,False,,2024-08-25
COMPLIANCE_RPT,SUCCESS,2024-06-06 12:04:00,2024-06-06 12:47:00,43,55,False,,2024-06-06
CASH_FLOW_EXTRACT,FAILED,2024-11-01 12:20:00,2024-11-01 12:28:00,8,20,False,RC=8,2024-11-01
CASH_FLOW_EXTRACT,SUCCESS,2024-03-12 18:57:00,2024-03-12 19:14:00,17,20,False,,2024-03-12
NAV_CALC_BATCH,ABENDED,2024-03-16 21:09:00,2024-03-16 21:24:00,15,50,False,JCL ERROR,2024-03-16
SLA_MONITOR_BATCH,SUCCESS,2024-10-22 14:12:00,2024-10-22 14:20:00,8,15,False,,2024-10-22
NAV_CALC_BATCH,ABENDED,2024-06-02 18:50:00,2024-06-02 19:12:00,22,50,False,ABEND S0C7,2024-06-02
EOD_CLOSE_PROC,LATE,2024-08-10 22:58:00,2024-08-11 00:35:00,97,70,True,,2024-08-10
CASH_FLOW_EXTRACT,SUCCESS,2024-11-09 16:25:00,2024-11-09 16:43:00,18,20,False,,2024-11-09
INVEST_RECON_JOB,ABENDED,2024-02-01 11:57:00,2024-02-01 12:15:00,18,45,False,RC=8,2024-02-01
PORTF_RPT_DAILY,FAILED,2024-07-02 03:55:00,2024-07-02 04:00:00,5,30,False,RC=8,2024-07-02
CLIENT_STMT_GEN,SUCCESS,2024-10-29 12:40:00,2024-10-29 13:05:00,25,60,False,,2024-10-29
TRADE_SETTLE_CHK,SUCCESS,2024-07-14 13:34:00,2024-07-14 13:45:00,11,35,False,,2024-07-14
NAV_CALC_BATCH,SUCCESS,2024-03-12 06:35:00,2024-03-12 07:04:00,29,50,False,,2024-03-12
COMPLIANCE_RPT,RUNNING,2024-08-01 04:18:00,2024-08-01 05:05:00,47,55,False,,2024-08-01
INVEST_RECON_JOB,SUCCESS,2024-02-06 20:01:00,2024-02-06 20:15:00,14,45,False,,2024-02-06
TRADE_SETTLE_CHK,RUNNING,2024-12-02 13:08:00,2024-12-02 13:15:00,7,35,False,,2024-12-02
INVEST_RECON_JOB,SUCCESS,2024-07-31 14:57:00,2024-07-31 15:40:00,43,45,False,,2024-07-31
EOD_CLOSE_PROC,SUCCESS,2024-04-02 14:32:00,2024-04-02 15:31:00,59,70,False,,2024-04-02
DIVIDEND_PROC,ABENDED,2024-07-15 11:14:00,2024-07-15 11:17:00,3,30,False,ABEND S222,2024-07-15
FX_RATE_LOAD,SUCCESS,2024-09-12 23:15:00,2024-09-12 23:24:00,9,10,False,,2024-09-12
SLA_MONITOR_BATCH,SUCCESS,2024-10-06 18:23:00,2024-10-06 18:28:00,5,15,False,,2024-10-06
PORTF_RPT_DAILY,SUCCESS,2024-12-26 11:07:00,2024-12-26 11:30:00,23,30,False,,2024-12-26
RISK_CALC_JOB,LATE,2024-02-10 04:46:00,2024-02-10 06:17:00,91,40,True,,2024-02-10
DIVIDEND_PROC,LATE,2024-05-23 14:33:00,2024-05-23 15:13:00,40,30,True,,2024-05-23
DIVIDEND_PROC,RUNNING,2024-02-15 07:30:00,2024-02-15 07:55:00,25,30,False,,2024-02-15
TRADE_SETTLE_CHK,FAILED,2024-12-08 02:43:00,2024-12-08 02:53:00,10,35,False,JCL ERROR,2024-12-08
PORTF_RPT_DAILY,RUNNING,2024-09-30 00:30:00,2024-09-30 00:49:00,19,30,False,,2024-09-30
DIVIDEND_PROC,RUNNING,2024-10-20 23:21:00,2024-10-20 23:39:00,18,30,False,,2024-10-20
TRANS_LOG_PARSER,LATE,2024-05-30 09:10:00,2024-05-30 09:42:00,32,25,True,,2024-05-30
TRADE_SETTLE_CHK,RUNNING,2024-06-04 23:50:00,2024-06-05 00:13:00,23,35,False,,2024-06-04
SLA_MONITOR_BATCH,SUCCESS,2024-08-30 18:10:00,2024-08-30 18:24:00,14,15,False,,2024-08-30
PORTF_RPT_DAILY,FAILED,2024-05-29 23:39:00,2024-05-29 23:40:00,1,30,False,ABEND S0C7,2024-05-29
RISK_CALC_JOB,SUCCESS,2024-09-15 02:54:00,2024-09-15 03:16:00,22,40,False,,2024-09-15
SLA_MONITOR_BATCH,SUCCESS,2024-05-23 08:54:00,2024-05-23 09:03:00,9,15,False,,2024-05-23
PORTF_RPT_DAILY,FAILED,2024-11-05 05:58:00,2024-11-05 06:08:00,10,30,False,RC=12,2024-11-05
NAV_CALC_BATCH,SUCCESS,2024-03-30 08:50:00,2024-03-30 09:39:00,49,50,False,,2024-03-30
CLIENT_STMT_GEN,SUCCESS,2024-09-27 01:21:00,2024-09-27 01:31:00,10,60,False,,2024-09-27
INVEST_RECON_JOB,SUCCESS,2024-03-19 15:48:00,2024-03-19 16:19:00,31,45,False,,2024-03-19
PERF_ATTR_JOB,SUCCESS,2024-12-04 14:46:00,2024-12-04 15:01:00,15,45,False,,2024-12-04
CLIENT_STMT_GEN,SUCCESS,2024-06-25 01:41:00,2024-06-25 02:02:00,21,60,False,,2024-06-25
PERF_ATTR_JOB,ABENDED,2024-01-27 05:29:00,2024-01-27 05:42:00,13,45,False,ABEND S222,2024-01-27
SLA_MONITOR_BATCH,SUCCESS,2024-09-29 07:24:00,2024-09-29 07:35:00,11,15,False,,2024-09-29
RISK_CALC_JOB,SUCCESS,2024-09-28 13:00:00,2024-09-28 13:23:00,23,40,False,,2024-09-28
EOD_CLOSE_PROC,FAILED,2024-07-14 21:20:00,2024-07-14 21:54:00,34,70,False,RC=8,2024-07-14
CASH_FLOW_EXTRACT,RUNNING,2024-11-22 11:54:00,2024-11-22 12:05:00,11,20,False,,2024-11-22
FX_RATE_LOAD,RUNNING,2024-05-19 10:17:00,2024-05-19 10:24:00,7,10,False,,2024-05-19
PERF_ATTR_JOB,SUCCESS,2024-12-01 18:25:00,2024-12-01 18:59:00,34,45,False,,2024-12-01
PERF_ATTR_JOB,FAILED,2024-05-03 23:43:00,2024-05-04 00:02:00,19,45,False,RC=12,2024-05-03
DIVIDEND_PROC,SUCCESS,2024-12-19 05:20:00,2024-12-19 05:42:00,22,30,False,,2024-12-19
PORTF_RPT_DAILY,FAILED,2024-02-04 00:26:00,2024-02-04 00:28:00,2,30,False,JCL ERROR,2024-02-04
CASH_FLOW_EXTRACT,FAILED,2024-06-28 07:46:00,2024-06-28 07:51:00,5,20,False,ABEND S0C7,2024-06-28
CLIENT_STMT_GEN,SUCCESS,2024-11-13 02:03:00,2024-11-13 02:46:00,43,60,False,,2024-11-13
NAV_CALC_BATCH,RUNNING,2024-04-21 19:40:00,2024-04-21 19:52:00,12,50,False,,2024-04-21
TRADE_SETTLE_CHK,LATE,2024-02-14 19:08:00,2024-02-14 20:12:00,64,35,True,,2024-02-14
NAV_CALC_BATCH,FAILED,2024-11-27 18:51:00,2024-11-27 18:57:00,6,50,False,RC=8,2024-11-27
TRADE_SETTLE_CHK,SUCCESS,2024-05-30 14:42:00,2024-05-30 15:16:00,34,35,False,,2024-05-30
CASH_FLOW_EXTRACT,SUCCESS,2024-05-21 13:44:00,2024-05-21 14:03:00,19,20,False,,2024-05-21
NAV_CALC_BATCH,FAILED,2024-06-14 08:10:00,2024-06-14 08:35:00,25,50,False,RC=8,2024-06-14
SLA_MONITOR_BATCH,FAILED,2024-07-14 12:21:00,2024-07-14 12:22:00,1,15,False,ABEND S0C7,2024-07-14
COMPLIANCE_RPT,SUCCESS,2024-08-13 02:31:00,2024-08-13 02:48:00,17,55,False,,2024-08-13
FX_RATE_LOAD,SUCCESS,2024-11-26 15:06:00,2024-11-26 15:12:00,6,10,False,,2024-11-26
DIVIDEND_PROC,FAILED,2024-04-21 19:41:00,2024-04-21 19:43:00,2,30,False,ABEND S222,2024-04-21
TRADE_SETTLE_CHK,SUCCESS,2024-01-18 02:04:00,2024-01-18 02:27:00,23,35,False,,2024-01-18
TRADE_SETTLE_CHK,SUCCESS,2024-08-16 00:57:00,2024-08-16 01:17:00,20,35,False,,2024-08-16
INVEST_RECON_JOB,FAILED,2024-01-01 01:42:00,2024-01-01 01:55:00,13,45,False,ABEND S0C7,2024-01-01
INVEST_RECON_JOB,FAILED,2024-07-19 18:00:00,2024-07-19 18:17:00,17,45,False,ABEND S222,2024-07-19
RISK_CALC_JOB,SUCCESS,2024-02-05 17:14:00,2024-02-05 17:19:00,5,40,False,,2024-02-05
POSITION_SYNC,LATE,2024-09-03 03:36:00,2024-09-03 04:35:00,59,20,True,,2024-09-03
EOD_CLOSE_PROC,LATE,2024-06-19 21:19:00,2024-06-19 22:59:00,100,70,True,,2024-06-19
PORTF_RPT_DAILY,SUCCESS,2024-11-27 02:23:00,2024-11-27 02:45:00,22,30,False,,2024-11-27
COMPLIANCE_RPT,LATE,2024-02-11 14:48:00,2024-02-11 16:37:00,109,55,True,,2024-02-11
SLA_MONITOR_BATCH,SUCCESS,2024-03-31 17:02:00,2024-03-31 17:13:00,11,15,False,,2024-03-31
NAV_CALC_BATCH,SUCCESS,2024-12-22 12:57:00,2024-12-22 13:08:00,11,50,False,,2024-12-22
NAV_CALC_BATCH,FAILED,2024-09-06 02:56:00,2024-09-06 03:17:00,21,50,False,ABEND S222,2024-09-06
TRADE_SETTLE_CHK,SUCCESS,2024-01-19 06:01:00,2024-01-19 06:29:00,28,35,False,,2024-01-19
FX_RATE_LOAD,SUCCESS,2024-07-18 02:50:00,2024-07-18 02:59:00,9,10,False,,2024-07-18
NAV_CALC_BATCH,SUCCESS,2024-09-30 14:01:00,2024-09-30 14:08:00,7,50,False,,2024-09-30
TRANS_LOG_PARSER,SUCCESS,2024-01-22 12:07:00,2024-01-22 12:18:00,11,25,False,,2024-01-22
PERF_ATTR_JOB,FAILED,2024-09-24 14:43:00,2024-09-24 15:01:00,18,45,False,RC=12,2024-09-24
TRADE_SETTLE_CHK,SUCCESS,2024-02-06 01:47:00,2024-02-06 01:56:00,9,35,False,,2024-02-06
RISK_CALC_JOB,FAILED,2024-08-29 19:02:00,2024-08-29 19:10:00,8,40,False,RC=12,2024-08-29
PORTF_RPT_DAILY,SUCCESS,2024-01-26 09:52:00,2024-01-26 10:00:00,8,30,False,,2024-01-26
RISK_CALC_JOB,SUCCESS,2024-10-29 02:52:00,2024-10-29 03:03:00,11,40,False,,2024-10-29
CASH_FLOW_EXTRACT,SUCCESS,2024-11-11 07:04:00,2024-11-11 07:21:00,17,20,False,,2024-11-11
CLIENT_STMT_GEN,SUCCESS,2024-12-13 12:20:00,2024-12-13 12:32:00,12,60,False,,2024-12-13
NAV_CALC_BATCH,SUCCESS,2024-03-11 10:53:00,2024-03-11 11:11:00,18,50,False,,2024-03-11
PERF_ATTR_JOB,SUCCESS,2024-03-29 10:04:00,2024-03-29 10:16:00,12,45,False,,2024-03-29
SLA_MONITOR_BATCH,SUCCESS,2024-07-31 05:44:00,2024-07-31 05:54:00,10,15,False,,2024-07-31
DIVIDEND_PROC,SUCCESS,2024-05-04 18:02:00,2024-05-04 18:11:00,9,30,False,,2024-05-04
CASH_FLOW_EXTRACT,FAILED,2024-11-19 19:24:00,2024-11-19 19:27:00,3,20,False,RC=8,2024-11-19
EOD_CLOSE_PROC,SUCCESS,2024-01-04 00:11:00,2024-01-04 00:27:00,16,70,False,,2024-01-04
TRADE_SETTLE_CHK,FAILED,2024-05-25 13:44:00,2024-05-25 14:00:00,16,35,False,RC=12,2024-05-25
CLIENT_STMT_GEN,SUCCESS,2024-05-18 16:28:00,2024-05-18 16:59:00,31,60,False,,2024-05-18
CLIENT_STMT_GEN,LATE,2024-11-08 22:02:00,2024-11-08 23:45:00,103,60,True,,2024-11-08
INVEST_RECON_JOB,FAILED,2024-11-09 02:40:00,2024-11-09 02:50:00,10,45,False,ABEND S0C7,2024-11-09
POSITION_SYNC,SUCCESS,2024-04-30 06:07:00,2024-04-30 06:20:00,13,20,False,,2024-04-30
CASH_FLOW_EXTRACT,SUCCESS,2024-10-03 16:14:00,2024-10-03 16:26:00,12,20,False,,2024-10-03
PERF_ATTR_JOB,SUCCESS,2024-04-16 08:03:00,2024-04-16 08:20:00,17,45,False,,2024-04-16
CASH_FLOW_EXTRACT,FAILED,2024-12-16 15:31:00,2024-12-16 15:34:00,3,20,False,RC=12,2024-12-16
NAV_CALC_BATCH,RUNNING,2024-01-28 20:23:00,2024-01-28 20:46:00,23,50,False,,2024-01-28
CLIENT_STMT_GEN,SUCCESS,2024-06-20 19:51:00,2024-06-20 20:44:00,53,60,False,,2024-06-20
RISK_CALC_JOB,SUCCESS,2024-01-27 17:11:00,2024-01-27 17:26:00,15,40,False,,2024-01-27
PERF_ATTR_JOB,SUCCESS,2024-09-20 03:04:00,2024-09-20 03:24:00,20,45,False,,2024-09-20
TRADE_SETTLE_CHK,SUCCESS,2024-10-23 10:26:00,2024-10-23 10:37:00,11,35,False,,2024-10-23
TRADE_SETTLE_CHK,FAILED,2024-06-15 07:49:00,2024-06-15 07:53:00,4,35,False,ABEND S0C7,2024-06-15
CLIENT_STMT_GEN,SUCCESS,2024-07-30 06:24:00,2024-07-30 06:43:00,19,60,False,,2024-07-30
CASH_FLOW_EXTRACT,SUCCESS,2024-09-05 01:56:00,2024-09-05 02:07:00,11,20,False,,2024-09-05
INVEST_RECON_JOB,SUCCESS,2024-11-08 14:11:00,2024-11-08 14:40:00,29,45,False,,2024-11-08
TRANS_LOG_PARSER,SUCCESS,2024-04-09 20:22:00,2024-04-09 20:35:00,13,25,False,,2024-04-09
CLIENT_STMT_GEN,SUCCESS,2024-01-17 22:36:00,2024-01-17 22:44:00,8,60,False,,2024-01-17
SLA_MONITOR_BATCH,SUCCESS,2024-08-26 14:26:00,2024-08-26 14:33:00,7,15,False,,2024-08-26
PERF_ATTR_JOB,SUCCESS,2024-05-31 19:10:00,2024-05-31 19:54:00,44,45,False,,2024-05-31
EOD_CLOSE_PROC,SUCCESS,2024-10-10 07:05:00,2024-10-10 08:02:00,57,70,False,,2024-10-10
COMPLIANCE_RPT,SUCCESS,2024-04-20 18:30:00,2024-04-20 19:04:00,34,55,False,,2024-04-20
SLA_MONITOR_BATCH,SUCCESS,2024-08-07 23:55:00,2024-08-08 00:03:00,8,15,False,,2024-08-07
CLIENT_STMT_GEN,SUCCESS,2024-10-23 07:57:00,2024-10-23 08:39:00,42,60,False,,2024-10-23
INVEST_RECON_JOB,RUNNING,2024-01-03 13:02:00,2024-01-03 13:09:00,7,45,False,,2024-01-03
RISK_CALC_JOB,FAILED,2024-09-15 01:27:00,2024-09-15 01:44:00,17,40,False,ABEND S222,2024-09-15
RISK_CALC_JOB,ABENDED,2024-12-22 03:28:00,2024-12-22 03:44:00,16,40,False,RC=12,2024-12-22
CASH_FLOW_EXTRACT,SUCCESS,2024-01-07 22:46:00,2024-01-07 22:57:00,11,20,False,,2024-01-07
CLIENT_STMT_GEN,SUCCESS,2024-05-31 07:41:00,2024-05-31 07:51:00,10,60,False,,2024-05-31
PORTF_RPT_DAILY,SUCCESS,2024-06-05 05:45:00,2024-06-05 06:04:00,19,30,False,,2024-06-05
COMPLIANCE_RPT,SUCCESS,2024-10-25 00:29:00,2024-10-25 01:03:00,34,55,False,,2024-10-25
PERF_ATTR_JOB,SUCCESS,2024-12-26 12:11:00,2024-12-26 12:39:00,28,45,False,,2024-12-26
NAV_CALC_BATCH,SUCCESS,2024-11-20 00:55:00,2024-11-20 01:40:00,45,50,False,,2024-11-20
CASH_FLOW_EXTRACT,SUCCESS,2024-12-19 10:33:00,2024-12-19 10:38:00,5,20,False,,2024-12-19
SLA_MONITOR_BATCH,SUCCESS,2024-05-18 22:39:00,2024-05-18 22:52:00,13,15,False,,2024-05-18
FX_RATE_LOAD,FAILED,2024-12-16 02:39:00,2024-12-16 02:42:00,3,10,False,RC=8,2024-12-16
DIVIDEND_PROC,LATE,2024-12-11 11:56:00,2024-12-11 12:34:00,38,30,True,,2024-12-11
CASH_FLOW_EXTRACT,SUCCESS,2024-08-26 19:02:00,2024-08-26 19:12:00,10,20,False,,2024-08-26
TRANS_LOG_PARSER,SUCCESS,2024-10-13 22:04:00,2024-10-13 22:26:00,22,25,False,,2024-10-13
TRADE_SETTLE_CHK,FAILED,2024-03-11 10:15:00,2024-03-11 10:19:00,4,35,False,ABEND S222,2024-03-11
TRADE_SETTLE_CHK,LATE,2024-10-24 22:13:00,2024-10-24 23:41:00,88,35,True,,2024-10-24
TRADE_SETTLE_CHK,FAILED,2024-06-13 11:57:00,2024-06-13 12:06:00,9,35,False,JCL ERROR,2024-06-13
NAV_CALC_BATCH,SUCCESS,2024-01-28 02:23:00,2024-01-28 02:50:00,27,50,False,,2024-01-28
RISK_CALC_JOB,SUCCESS,2024-09-26 03:30:00,2024-09-26 04:09:00,39,40,False,,2024-09-26
NAV_CALC_BATCH,ABENDED,2024-05-29 14:39:00,2024-05-29 14:51:00,12,50,False,RC=8,2024-05-29
CLIENT_STMT_GEN,RUNNING,2024-08-22 02:05:00,2024-08-22 02:35:00,30,60,False,,2024-08-22
EOD_CLOSE_PROC,SUCCESS,2024-02-09 03:10:00,2024-02-09 03:50:00,40,70,False,,2024-02-09
CASH_FLOW_EXTRACT,FAILED,2024-09-11 04:55:00,2024-09-11 04:59:00,4,20,False,JCL ERROR,2024-09-11
NAV_CALC_BATCH,SUCCESS,2024-08-01 21:34:00,2024-08-01 21:47:00,13,50,False,,2024-08-01
RISK_CALC_JOB,SUCCESS,2024-08-15 23:41:00,2024-08-15 23:47:00,6,40,False,,2024-08-15
SLA_MONITOR_BATCH,SUCCESS,2024-01-12 07:53:00,2024-01-12 08:06:00,13,15,False,,2024-01-12
NAV_CALC_BATCH,SUCCESS,2024-10-23 10:41:00,2024-10-23 11:27:00,46,50,False,,2024-10-23
PERF_ATTR_JOB,SUCCESS,2024-10-30 21:44:00,2024-10-30 22:22:00,38,45,False,,2024-10-30
COMPLIANCE_RPT,SUCCESS,2024-08-22 09:36:00,2024-08-22 09:49:00,13,55,False,,2024-08-22
EOD_CLOSE_PROC,FAILED,2024-03-28 08:14:00,2024-03-28 08:45:00,31,70,False,ABEND S0C7,2024-03-28
SLA_MONITOR_BATCH,FAILED,2024-01-25 04:22:00,2024-01-25 04:25:00,3,15,False,ABEND S222,2024-01-25
INVEST_RECON_JOB,SUCCESS,2024-03-23 22:34:00,2024-03-23 22:57:00,23,45,False,,2024-03-23
INVEST_RECON_JOB,LATE,2024-12-28 22:57:00,2024-12-29 00:29:00,92,45,True,,2024-12-28
PERF_ATTR_JOB,SUCCESS,2024-05-01 03:02:00,2024-05-01 03:27:00,25,45,False,,2024-05-01
FX_RATE_LOAD,SUCCESS,2024-05-13 11:11:00,2024-05-13 11:17:00,6,10,False,,2024-05-13
DIVIDEND_PROC,FAILED,2024-12-06 10:22:00,2024-12-06 10:25:00,3,30,False,ABEND S0C7,2024-12-06
RISK_CALC_JOB,SUCCESS,2024-03-24 17:19:00,2024-03-24 17:31:00,12,40,False,,2024-03-24
EOD_CLOSE_PROC,SUCCESS,2024-09-12 04:29:00,2024-09-12 05:14:00,45,70,False,,2024-09-12
INVEST_RECON_JOB,SUCCESS,2024-10-06 16:21:00,2024-10-06 16:44:00,23,45,False,,2024-10-06
RISK_CALC_JOB,RUNNING,2024-10-20 21:09:00,2024-10-20 21:42:00,33,40,False,,2024-10-20
TRANS_LOG_PARSER,FAILED,2024-09-02 01:08:00,2024-09-02 01:19:00,11,25,False,JCL ERROR,2024-09-02
CASH_FLOW_EXTRACT,SUCCESS,2024-07-24 19:53:00,2024-07-24 20:01:00,8,20,False,,2024-07-24
RISK_CALC_JOB,SUCCESS,2024-06-16 01:38:00,2024-06-16 01:55:00,17,40,False,,2024-06-16
FX_RATE_LOAD,SUCCESS,2024-05-22 06:01:00,2024-05-22 06:06:00,5,10,False,,2024-05-22
DIVIDEND_PROC,ABENDED,2024-12-12 21:05:00,2024-12-12 21:14:00,9,30,False,ABEND S222,2024-12-12
CLIENT_STMT_GEN,SUCCESS,2024-11-04 19:32:00,2024-11-04 19:40:00,8,60,False,,2024-11-04
EOD_CLOSE_PROC,FAILED,2024-07-22 04:45:00,2024-07-22 05:13:00,28,70,False,ABEND S0C7,2024-07-22
POSITION_SYNC,SUCCESS,2024-05-25 11:22:00,2024-05-25 11:31:00,9,20,False,,2024-05-25
RISK_CALC_JOB,ABENDED,2024-02-14 06:46:00,2024-02-14 07:01:00,15,40,False,ABEND S222,2024-02-14
PERF_ATTR_JOB,SUCCESS,2024-03-24 23:57:00,2024-03-25 00:29:00,32,45,False,,2024-03-24
TRADE_SETTLE_CHK,RUNNING,2024-03-12 18:38:00,2024-03-12 18:45:00,7,35,False,,2024-03-12
INVEST_RECON_JOB,SUCCESS,2024-08-31 16:21:00,2024-08-31 16:30:00,9,45,False,,2024-08-31
EOD_CLOSE_PROC,LATE,2024-07-11 02:00:00,2024-07-11 03:41:00,101,70,True,,2024-07-11
NAV_CALC_BATCH,RUNNING,2024-07-31 05:35:00,2024-07-31 06:09:00,34,50,False,,2024-07-31
TRADE_SETTLE_CHK,SUCCESS,2024-03-11 06:11:00,2024-03-11 06:42:00,31,35,False,,2024-03-11
POSITION_SYNC,SUCCESS,2024-09-08 01:52:00,2024-09-08 02:10:00,18,20,False,,2024-09-08
SLA_MONITOR_BATCH,ABENDED,2024-06-04 15:35:00,2024-06-04 15:41:00,6,15,False,ABEND S222,2024-06-04
CLIENT_STMT_GEN,SUCCESS,2024-01-02 04:16:00,2024-01-02 04:40:00,24,60,False,,2024-01-02
NAV_CALC_BATCH,ABENDED,2024-08-29 03:41:00,2024-08-29 04:03:00,22,50,False,ABEND S0C7,2024-08-29
POSITION_SYNC,SUCCESS,2024-12-18 20:15:00,2024-12-18 20:20:00,5,20,False,,2024-12-18
CASH_FLOW_EXTRACT,FAILED,2024-09-09 02:38:00,2024-09-09 02:44:00,6,20,False,JCL ERROR,2024-09-09
RISK_CALC_JOB,SUCCESS,2024-05-12 20:43:00,2024-05-12 21:18:00,35,40,False,,2024-05-12
TRADE_SETTLE_CHK,ABENDED,2024-07-10 16:46:00,2024-07-10 16:47:00,1,35,False,ABEND S0C7,2024-07-10
INVEST_RECON_JOB,SUCCESS,2024-03-15 10:29:00,2024-03-15 10:42:00,13,45,False,,2024-03-15
TRANS_LOG_PARSER,SUCCESS,2024-05-19 11:26:00,2024-05-19 11:42:00,16,25,False,,2024-05-19
PORTF_RPT_DAILY,SUCCESS,2024-09-28 20:59:00,2024-09-28 21:06:00,7,30,False,,2024-09-28
DIVIDEND_PROC,SUCCESS,2024-11-17 05:48:00,2024-11-17 05:56:00,8,30,False,,2024-11-17
FX_RATE_LOAD,FAILED,2024-10-05 10:55:00,2024-10-05 10:58:00,3,10,False,ABEND S0C7,2024-10-05
SLA_MONITOR_BATCH,FAILED,2024-12-18 11:06:00,2024-12-18 11:11:00,5,15,False,JCL ERROR,2024-12-18
TRANS_LOG_PARSER,ABENDED,2024-01-07 04:33:00,2024-01-07 04:38:00,5,25,False,ABEND S0C7,2024-01-07
PERF_ATTR_JOB,SUCCESS,2024-06-23 05:06:00,2024-06-23 05:24:00,18,45,False,,2024-06-23
INVEST_RECON_JOB,SUCCESS,2024-04-06 17:39:00,2024-04-06 18:17:00,38,45,False,,2024-04-06
COMPLIANCE_RPT,SUCCESS,2024-10-09 22:48:00,2024-10-09 23:00:00,12,55,False,,2024-10-09
POSITION_SYNC,SUCCESS,2024-02-09 03:52:00,2024-02-09 03:59:00,7,20,False,,2024-02-09
EOD_CLOSE_PROC,SUCCESS,2024-06-27 09:44:00,2024-06-27 10:35:00,51,70,False,,2024-06-27
INVEST_RECON_JOB,ABENDED,2024-11-01 16:48:00,2024-11-01 16:59:00,11,45,False,RC=12,2024-11-01
TRADE_SETTLE_CHK,SUCCESS,2024-03-01 07:08:00,2024-03-01 07:40:00,32,35,False,,2024-03-01
TRADE_SETTLE_CHK,SUCCESS,2024-04-26 09:08:00,2024-04-26 09:19:00,11,35,False,,2024-04-26
INVEST_RECON_JOB,LATE,2024-08-05 22:48:00,2024-08-06 00:28:00,100,45,True,,2024-08-05
CASH_FLOW_EXTRACT,SUCCESS,2024-09-04 13:02:00,2024-09-04 13:10:00,8,20,False,,2024-09-04
CASH_FLOW_EXTRACT,SUCCESS,2024-12-03 16:37:00,2024-12-03 16:42:00,5,20,False,,2024-12-03
RISK_CALC_JOB,SUCCESS,2024-05-09 01:04:00,2024-05-09 01:28:00,24,40,False,,2024-05-09
NAV_CALC_BATCH,SUCCESS,2024-02-19 03:58:00,2024-02-19 04:41:00,43,50,False,,2024-02-19
CLIENT_STMT_GEN,SUCCESS,2024-04-12 05:42:00,2024-04-12 06:09:00,27,60,False,,2024-04-12
PORTF_RPT_DAILY,SUCCESS,2024-05-22 18:22:00,2024-05-22 18:38:00,16,30,False,,2024-05-22
INVEST_RECON_JOB,ABENDED,2024-11-09 07:32:00,2024-11-09 07:51:00,19,45,False,RC=8,2024-11-09
CASH_FLOW_EXTRACT,ABENDED,2024-01-08 16:13:00,2024-01-08 16:17:00,4,20,False,ABEND S0C7,2024-01-08
INVEST_RECON_JOB,RUNNING,2024-10-02 00:46:00,2024-10-02 00:57:00,11,45,False,,2024-10-02
EOD_CLOSE_PROC,SUCCESS,2024-09-15 22:30:00,2024-09-15 23:21:00,51,70,False,,2024-09-15
TRADE_SETTLE_CHK,SUCCESS,2024-08-13 21:06:00,2024-08-13 21:16:00,10,35,False,,2024-08-13
COMPLIANCE_RPT,SUCCESS,2024-07-13 13:13:00,2024-07-13 13:50:00,37,55,False,,2024-07-13
CLIENT_STMT_GEN,SUCCESS,2024-06-09 03:29:00,2024-06-09 03:41:00,12,60,False,,2024-06-09
DIVIDEND_PROC,SUCCESS,2024-07-03 22:18:00,2024-07-03 22:40:00,22,30,False,,2024-07-03
TRADE_SETTLE_CHK,SUCCESS,2024-06-16 15:07:00,2024-06-16 15:24:00,17,35,False,,2024-06-16
SLA_MONITOR_BATCH,SUCCESS,2024-06-08 21:53:00,2024-06-08 22:05:00,12,15,False,,2024-06-08
CLIENT_STMT_GEN,SUCCESS,2024-05-28 13:12:00,2024-05-28 14:11:00,59,60,False,,2024-05-28
CASH_FLOW_EXTRACT,RUNNING,2024-08-31 21:23:00,2024-08-31 21:30:00,7,20,False,,2024-08-31
PORTF_RPT_DAILY,LATE,2024-09-08 21:06:00,2024-09-08 22:06:00,60,30,True,,2024-09-08
RISK_CALC_JOB,SUCCESS,2024-12-12 02:07:00,2024-12-12 02:21:00,14,40,False,,2024-12-12
POSITION_SYNC,SUCCESS,2024-10-29 03:47:00,2024-10-29 04:06:00,19,20,False,,2024-10-29
EOD_CLOSE_PROC,LATE,2024-02-03 11:12:00,2024-02-03 12:48:00,96,70,True,,2024-02-03
CLIENT_STMT_GEN,SUCCESS,2024-07-25 03:14:00,2024-07-25 04:12:00,58,60,False,,2024-07-25
POSITION_SYNC,FAILED,2024-05-22 22:49:00,2024-05-22 22:59:00,10,20,False,JCL ERROR,2024-05-22
SLA_MONITOR_BATCH,FAILED,2024-11-25 12:22:00,2024-11-25 12:26:00,4,15,False,JCL ERROR,2024-11-25
POSITION_SYNC,LATE,2024-09-18 08:09:00,2024-09-18 09:23:00,74,20,True,,2024-09-18
RISK_CALC_JOB,SUCCESS,2024-05-08 15:31:00,2024-05-08 15:50:00,19,40,False,,2024-05-08
NAV_CALC_BATCH,LATE,2024-01-16 03:47:00,2024-01-16 04:45:00,58,50,True,,2024-01-16
COMPLIANCE_RPT,SUCCESS,2024-12-13 00:11:00,2024-12-13 00:40:00,29,55,False,,2024-12-13
FX_RATE_LOAD,FAILED,2024-03-19 09:39:00,2024-03-19 09:44:00,5,10,False,RC=8,2024-03-19
PERF_ATTR_JOB,SUCCESS,2024-09-23 15:50:00,2024-09-23 16:24:00,34,45,False,,2024-09-23
CLIENT_STMT_GEN,SUCCESS,2024-09-11 15:32:00,2024-09-11 15:53:00,21,60,False,,2024-09-11
DIVIDEND_PROC,SUCCESS,2024-10-03 17:01:00,2024-10-03 17:30:00,29,30,False,,2024-10-03
PORTF_RPT_DAILY,LATE,2024-03-01 12:28:00,2024-03-01 13:23:00,55,30,True,,2024-03-01
COMPLIANCE_RPT,SUCCESS,2024-08-23 01:02:00,2024-08-23 01:18:00,16,55,False,,2024-08-23
DIVIDEND_PROC,FAILED,2024-06-04 22:10:00,2024-06-04 22:18:00,8,30,False,ABEND S222,2024-06-04
INVEST_RECON_JOB,SUCCESS,2024-07-18 15:48:00,2024-07-18 16:00:00,12,45,False,,2024-07-18
FX_RATE_LOAD,FAILED,2024-12-03 17:43:00,2024-12-03 17:48:00,5,10,False,JCL ERROR,2024-12-03
RISK_CALC_JOB,SUCCESS,2024-03-21 16:03:00,2024-03-21 16:33:00,30,40,False,,2024-03-21
SLA_MONITOR_BATCH,SUCCESS,2024-07-12 19:43:00,2024-07-12 19:53:00,10,15,False,,2024-07-12
PERF_ATTR_JOB,LATE,2024-06-13 01:01:00,2024-06-13 02:28:00,87,45,True,,2024-06-13
PORTF_RPT_DAILY,SUCCESS,2024-07-06 11:51:00,2024-07-06 12:19:00,28,30,False,,2024-07-06
FX_RATE_LOAD,SUCCESS,2024-11-16 10:24:00,2024-11-16 10:29:00,5,10,False,,2024-11-16
POSITION_SYNC,SUCCESS,2024-07-01 13:22:00,2024-07-01 13:27:00,5,20,False,,2024-07-01
NAV_CALC_BATCH,SUCCESS,2024-04-30 20:19:00,2024-04-30 21:01:00,42,50,False,,2024-04-30
CASH_FLOW_EXTRACT,RUNNING,2024-02-03 09:07:00,2024-02-03 09:17:00,10,20,False,,2024-02-03
INVEST_RECON_JOB,SUCCESS,2024-06-15 01:29:00,2024-06-15 02:01:00,32,45,False,,2024-06-15
FX_RATE_LOAD,SUCCESS,2024-08-03 08:01:00,2024-08-03 08:09:00,8,10,False,,2024-08-03
FX_RATE_LOAD,SUCCESS,2024-06-11 12:36:00,2024-06-11 12:44:00,8,10,False,,2024-06-11
TRANS_LOG_PARSER,SUCCESS,2024-09-07 03:44:00,2024-09-07 03:55:00,11,25,False,,2024-09-07
TRANS_LOG_PARSER,SUCCESS,2024-12-07 10:10:00,2024-12-07 10:34:00,24,25,False,,2024-12-07
SLA_MONITOR_BATCH,SUCCESS,2024-08-11 06:31:00,2024-08-11 06:37:00,6,15,False,,2024-08-11
COMPLIANCE_RPT,ABENDED,2024-04-19 09:16:00,2024-04-19 09:18:00,2,55,False,ABEND S0C7,2024-04-19
FX_RATE_LOAD,SUCCESS,2024-04-25 19:47:00,2024-04-25 19:52:00,5,10,False,,2024-04-25
TRADE_SETTLE_CHK,ABENDED,2024-02-18 18:21:00,2024-02-18 18:30:00,9,35,False,RC=8,2024-02-18
FX_RATE_LOAD,ABENDED,2024-08-31 13:13:00,2024-08-31 13:16:00,3,10,False,RC=8,2024-08-31
NAV_CALC_BATCH,ABENDED,2024-09-15 09:27:00,2024-09-15 09:49:00,22,50,False,JCL ERROR,2024-09-15
TRANS_LOG_PARSER,SUCCESS,2024-07-24 08:39:00,2024-07-24 09:00:00,21,25,False,,2024-07-24
RISK_CALC_JOB,FAILED,2024-10-07 05:56:00,2024-10-07 05:57:00,1,40,False,JCL ERROR,2024-10-07
COMPLIANCE_RPT,SUCCESS,2024-09-12 06:42:00,2024-09-12 07:34:00,52,55,False,,2024-09-12
RISK_CALC_JOB,SUCCESS,2024-11-22 17:51:00,2024-11-22 18:23:00,32,40,False,,2024-11-22
EOD_CLOSE_PROC,SUCCESS,2024-11-16 01:33:00,2024-11-16 02:03:00,30,70,False,,2024-11-16
TRANS_LOG_PARSER,SUCCESS,2024-05-03 04:47:00,2024-05-03 05:01:00,14,25,False,,2024-05-03
COMPLIANCE_RPT,SUCCESS,2024-06-12 02:40:00,2024-06-12 02:58:00,18,55,False,,2024-06-12
COMPLIANCE_RPT,SUCCESS,2024-05-26 20:10:00,2024-05-26 20:31:00,21,55,False,,2024-05-26
NAV_CALC_BATCH,SUCCESS,2024-07-26 07:07:00,2024-07-26 07:21:00,14,50,False,,2024-07-26
CLIENT_STMT_GEN,SUCCESS,2024-06-07 14:31:00,2024-06-07 15:11:00,40,60,False,,2024-06-07
POSITION_SYNC,SUCCESS,2024-01-19 06:10:00,2024-01-19 06:19:00,9,20,False,,2024-01-19
INVEST_RECON_JOB,SUCCESS,2024-05-22 21:35:00,2024-05-22 21:51:00,16,45,False,,2024-05-22
NAV_CALC_BATCH,ABENDED,2024-09-05 00:03:00,2024-09-05 00:06:00,3,50,False,ABEND S0C7,2024-09-05
FX_RATE_LOAD,SUCCESS,2024-02-02 13:57:00,2024-02-02 14:04:00,7,10,False,,2024-02-02
NAV_CALC_BATCH,FAILED,2024-02-16 12:53:00,2024-02-16 13:17:00,24,50,False,RC=12,2024-02-16
CLIENT_STMT_GEN,SUCCESS,2024-09-13 03:33:00,2024-09-13 04:20:00,47,60,False,,2024-09-13
COMPLIANCE_RPT,SUCCESS,2024-09-25 08:31:00,2024-09-25 08:41:00,10,55,False,,2024-09-25
CLIENT_STMT_GEN,SUCCESS,2024-06-09 10:53:00,2024-06-09 11:35:00,42,60,False,,2024-06-09
TRADE_SETTLE_CHK,SUCCESS,2024-04-30 13:13:00,2024-04-30 13:22:00,9,35,False,,2024-04-30
CASH_FLOW_EXTRACT,SUCCESS,2024-05-20 14:26:00,2024-05-20 14:35:00,9,20,False,,2024-05-20
COMPLIANCE_RPT,SUCCESS,2024-09-08 17:23:00,2024-09-08 18:12:00,49,55,False,,2024-09-08
CASH_FLOW_EXTRACT,SUCCESS,2024-08-04 15:43:00,2024-08-04 15:51:00,8,20,False,,2024-08-04
SLA_MONITOR_BATCH,ABENDED,2024-03-15 11:30:00,2024-03-15 11:36:00,6,15,False,ABEND S0C7,2024-03-15
COMPLIANCE_RPT,SUCCESS,2024-11-26 19:02:00,2024-11-26 19:54:00,52,55,False,,2024-11-26
NAV_CALC_BATCH,FAILED,2024-01-28 22:58:00,2024-01-28 23:20:00,22,50,False,RC=12,2024-01-28
SLA_MONITOR_BATCH,SUCCESS,2024-06-07 20:44:00,2024-06-07 20:54:00,10,15,False,,2024-06-07
EOD_CLOSE_PROC,ABENDED,2024-03-03 17:55:00,2024-03-03 18:11:00,16,70,False,ABEND S222,2024-03-03
POSITION_SYNC,SUCCESS,2024-07-20 08:19:00,2024-07-20 08:25:00,6,20,False,,2024-07-20
EOD_CLOSE_PROC,ABENDED,2024-04-30 09:13:00,2024-04-30 09:24:00,11,70,False,ABEND S222,2024-04-30
NAV_CALC_BATCH,SUCCESS,2024-11-25 13:50:00,2024-11-25 13:57:00,7,50,False,,2024-11-25
SLA_MONITOR_BATCH,ABENDED,2024-09-08 15:47:00,2024-09-08 15:51:00,4,15,False,ABEND S0C7,2024-09-08
TRADE_SETTLE_CHK,SUCCESS,2024-02-21 05:44:00,2024-02-21 05:57:00,13,35,False,,2024-02-21
DIVIDEND_PROC,SUCCESS,2024-08-03 19:46:00,2024-08-03 20:08:00,22,30,False,,2024-08-03
TRADE_SETTLE_CHK,SUCCESS,2024-12-21 00:48:00,2024-12-21 00:54:00,6,35,False,,2024-12-21
NAV_CALC_BATCH,SUCCESS,2024-11-18 14:50:00,2024-11-18 15:36:00,46,50,False,,2024-11-18
INVEST_RECON_JOB,SUCCESS,2024-04-12 20:19:00,2024-04-12 20:44:00,25,45,False,,2024-04-12
FX_RATE_LOAD,SUCCESS,2024-03-21 07:33:00,2024-03-21 07:39:00,6,10,False,,2024-03-21
COMPLIANCE_RPT,SUCCESS,2024-07-29 10:28:00,2024-07-29 11:03:00,35,55,False,,2024-07-29
COMPLIANCE_RPT,FAILED,2024-05-13 05:43:00,2024-05-13 06:02:00,19,55,False,ABEND S0C7,2024-05-13
PERF_ATTR_JOB,SUCCESS,2024-02-13 13:23:00,2024-02-13 13:39:00,16,45,False,,2024-02-13
POSITION_SYNC,ABENDED,2024-10-19 07:01:00,2024-10-19 07:02:00,1,20,False,JCL ERROR,2024-10-19
NAV_CALC_BATCH,SUCCESS,2024-04-27 02:29:00,2024-04-27 02:46:00,17,50,False,,2024-04-27
SLA_MONITOR_BATCH,FAILED,2024-03-27 01:25:00,2024-03-27 01:30:00,5,15,False,ABEND S222,2024-03-27
FX_RATE_LOAD,SUCCESS,2024-02-15 11:10:00,2024-02-15 11:19:00,9,10,False,,2024-02-15
CASH_FLOW_EXTRACT,SUCCESS,2024-09-26 13:49:00,2024-09-26 14:08:00,19,20,False,,2024-09-26
EOD_CLOSE_PROC,SUCCESS,2024-12-10 15:07:00,2024-12-10 15:40:00,33,70,False,,2024-12-10
TRADE_SETTLE_CHK,SUCCESS,2024-05-16 09:47:00,2024-05-16 10:07:00,20,35,False,,2024-05-16
POSITION_SYNC,SUCCESS,2024-04-15 19:13:00,2024-04-15 19:31:00,18,20,False,,2024-04-15
SLA_MONITOR_BATCH,FAILED,2024-04-06 13:11:00,2024-04-06 13:15:00,4,15,False,RC=12,2024-04-06
PORTF_RPT_DAILY,SUCCESS,2024-05-14 07:39:00,2024-05-14 07:58:00,19,30,False,,2024-05-14
EOD_CLOSE_PROC,SUCCESS,2024-10-25 21:41:00,2024-10-25 22:44:00,63,70,False,,2024-10-25
CASH_FLOW_EXTRACT,SUCCESS,2024-03-09 10:44:00,2024-03-09 10:55:00,11,20,False,,2024-03-09
NAV_CALC_BATCH,SUCCESS,2024-07-15 22:27:00,2024-07-15 23:10:00,43,50,False,,2024-07-15
SLA_MONITOR_BATCH,SUCCESS,2024-10-12 01:03:00,2024-10-12 01:13:00,10,15,False,,2024-10-12
EOD_CLOSE_PROC,SUCCESS,2024-06-30 19:42:00,2024-06-30 19:52:00,10,70,False,,2024-06-30
PORTF_RPT_DAILY,SUCCESS,2024-11-13 12:19:00,2024-11-13 12:36:00,17,30,False,,2024-11-13
NAV_CALC_BATCH,SUCCESS,2024-10-13 01:37:00,2024-10-13 01:53:00,16,50,False,,2024-10-13
SLA_MONITOR_BATCH,SUCCESS,2024-09-09 10:56:00,2024-09-09 11:08:00,12,15,False,,2024-09-09
INVEST_RECON_JOB,SUCCESS,2024-12-29 16:27:00,2024-12-29 16:41:00,14,45,False,,2024-12-29
SLA_MONITOR_BATCH,SUCCESS,2024-01-23 04:31:00,2024-01-23 04:40:00,9,15,False,,2024-01-23
TRADE_SETTLE_CHK,SUCCESS,2024-08-08 09:57:00,2024-08-08 10:30:00,33,35,False,,2024-08-08
SLA_MONITOR_BATCH,SUCCESS,2024-05-15 16:20:00,2024-05-15 16:31:00,11,15,False,,2024-05-15
EOD_CLOSE_PROC,SUCCESS,2024-09-08 04:35:00,2024-09-08 05:36:00,61,70,False,,2024-09-08
PORTF_RPT_DAILY,SUCCESS,2024-01-28 07:11:00,2024-01-28 07:17:00,6,30,False,,2024-01-28
RISK_CALC_JOB,SUCCESS,2024-12-27 14:27:00,2024-12-27 14:39:00,12,40,False,,2024-12-27
EOD_CLOSE_PROC,RUNNING,2024-01-21 14:22:00,2024-01-21 15:29:00,67,70,False,,2024-01-21
RISK_CALC_JOB,SUCCESS,2024-03-16 03:22:00,2024-03-16 03:32:00,10,40,False,,2024-03-16
CLIENT_STMT_GEN,ABENDED,2024-04-02 05:47:00,2024-04-02 06:04:00,17,60,False,ABEND S0C7,2024-04-02
FX_RATE_LOAD,RUNNING,2024-10-26 06:37:00,2024-10-26 06:42:00,5,10,False,,2024-10-26
DIVIDEND_PROC,FAILED,2024-04-02 13:58:00,2024-04-02 14:00:00,2,30,False,RC=12,2024-04-02
PERF_ATTR_JOB,SUCCESS,2024-02-18 10:01:00,2024-02-18 10:24:00,23,45,False,,2024-02-18
NAV_CALC_BATCH,LATE,2024-03-03 12:23:00,2024-03-03 13:55:00,92,50,True,,2024-03-03
EOD_CLOSE_PROC,LATE,2024-06-14 04:01:00,2024-06-14 05:21:00,80,70,True,,2024-06-14
RISK_CALC_JOB,ABENDED,2024-12-03 15:29:00,2024-12-03 15:38:00,9,40,False,JCL ERROR,2024-12-03
NAV_CALC_BATCH,SUCCESS,2024-01-23 20:39:00,2024-01-23 21:12:00,33,50,False,,2024-01-23
TRANS_LOG_PARSER,LATE,2024-10-18 04:13:00,2024-10-18 05:38:00,85,25,True,,2024-10-18
PORTF_RPT_DAILY,ABENDED,2024-05-24 10:51:00,2024-05-24 10:52:00,1,30,False,RC=8,2024-05-24
DIVIDEND_PROC,LATE,2024-07-14 02:25:00,2024-07-14 03:16:00,51,30,True,,2024-07-14
INVEST_RECON_JOB,SUCCESS,2024-07-23 02:01:00,2024-07-23 02:19:00,18,45,False,,2024-07-23
INVEST_RECON_JOB,SUCCESS,2024-07-25 09:41:00,2024-07-25 09:55:00,14,45,False,,2024-07-25
CASH_FLOW_EXTRACT,SUCCESS,2024-08-09 23:51:00,2024-08-10 00:10:00,19,20,False,,2024-08-09
SLA_MONITOR_BATCH,RUNNING,2024-11-04 04:22:00,2024-11-04 04:28:00,6,15,False,,2024-11-04
COMPLIANCE_RPT,SUCCESS,2024-04-12 15:28:00,2024-04-12 15:57:00,29,55,False,,2024-04-12
RISK_CALC_JOB,SUCCESS,2024-11-03 13:05:00,2024-11-03 13:37:00,32,40,False,,2024-11-03
PERF_ATTR_JOB,SUCCESS,2024-04-05 13:40:00,2024-04-05 14:12:00,32,45,False,,2024-04-05
CASH_FLOW_EXTRACT,SUCCESS,2024-06-23 14:43:00,2024-06-23 14:51:00,8,20,False,,2024-06-23
NAV_CALC_BATCH,FAILED,2024-03-20 15:33:00,2024-03-20 15:54:00,21,50,False,JCL ERROR,2024-03-20
CASH_FLOW_EXTRACT,SUCCESS,2024-08-11 02:58:00,2024-08-11 03:15:00,17,20,False,,2024-08-11
RISK_CALC_JOB,SUCCESS,2024-03-06 21:57:00,2024-03-06 22:21:00,24,40,False,,2024-03-06
COMPLIANCE_RPT,SUCCESS,2024-08-06 09:36:00,2024-08-06 09:44:00,8,55,False,,2024-08-06
DIVIDEND_PROC,SUCCESS,2024-01-24 16:06:00,2024-01-24 16:27:00,21,30,False,,2024-01-24
POSITION_SYNC,SUCCESS,2024-08-25 21:46:00,2024-08-25 22:00:00,14,20,False,,2024-08-25
COMPLIANCE_RPT,SUCCESS,2024-05-10 18:05:00,2024-05-10 18:59:00,54,55,False,,2024-05-10
DIVIDEND_PROC,SUCCESS,2024-12-04 14:11:00,2024-12-04 14:21:00,10,30,False,,2024-12-04
COMPLIANCE_RPT,SUCCESS,2024-02-12 13:56:00,2024-02-12 14:46:00,50,55,False,,2024-02-12
SLA_MONITOR_BATCH,SUCCESS,2024-08-20 21:28:00,2024-08-20 21:42:00,14,15,False,,2024-08-20
PERF_ATTR_JOB,SUCCESS,2024-04-05 06:11:00,2024-04-05 06:21:00,10,45,False,,2024-04-05
TRADE_SETTLE_CHK,LATE,2024-05-12 21:06:00,2024-05-12 22:13:00,67,35,True,,2024-05-12
DIVIDEND_PROC,SUCCESS,2024-07-21 03:00:00,2024-07-21 03:10:00,10,30,False,,2024-07-21
NAV_CALC_BATCH,SUCCESS,2024-12-20 12:55:00,2024-12-20 13:42:00,47,50,False,,2024-12-20
TRADE_SETTLE_CHK,SUCCESS,2024-09-06 09:39:00,2024-09-06 10:10:00,31,35,False,,2024-09-06
FX_RATE_LOAD,SUCCESS,2024-12-10 22:43:00,2024-12-10 22:51:00,8,10,False,,2024-12-10
PERF_ATTR_JOB,SUCCESS,2024-03-05 04:00:00,2024-03-05 04:17:00,17,45,False,,2024-03-05
CASH_FLOW_EXTRACT,ABENDED,2024-12-22 06:54:00,2024-12-22 06:55:00,1,20,False,RC=12,2024-12-22
RISK_CALC_JOB,SUCCESS,2024-11-28 07:27:00,2024-11-28 08:06:00,39,40,False,,2024-11-28
CLIENT_STMT_GEN,SUCCESS,2024-08-25 04:30:00,2024-08-25 05:02:00,32,60,False,,2024-08-25
PORTF_RPT_DAILY,SUCCESS,2024-03-19 23:44:00,2024-03-20 00:03:00,19,30,False,,2024-03-19
RISK_CALC_JOB,SUCCESS,2024-08-18 18:15:00,2024-08-18 18:32:00,17,40,False,,2024-08-18
SLA_MONITOR_BATCH,SUCCESS,2024-07-19 01:21:00,2024-07-19 01:26:00,5,15,False,,2024-07-19
CASH_FLOW_EXTRACT,SUCCESS,2024-08-09 13:54:00,2024-08-09 14:06:00,12,20,False,,2024-08-09
TRADE_SETTLE_CHK,SUCCESS,2024-10-10 09:02:00,2024-10-10 09:22:00,20,35,False,,2024-10-10
POSITION_SYNC,SUCCESS,2024-10-29 23:39:00,2024-10-29 23:58:00,19,20,False,,2024-10-29
NAV_CALC_BATCH,RUNNING,2024-09-06 07:45:00,2024-09-06 07:53:00,8,50,False,,2024-09-06
DIVIDEND_PROC,SUCCESS,2024-10-22 10:35:00,2024-10-22 10:42:00,7,30,False,,2024-10-22
SLA_MONITOR_BATCH,RUNNING,2024-08-01 15:07:00,2024-08-01 15:19:00,12,15,False,,2024-08-01
FX_RATE_LOAD,LATE,2024-06-26 14:44:00,2024-06-26 15:26:00,42,10,True,,2024-06-26
PORTF_RPT_DAILY,SUCCESS,2024-04-08 15:22:00,2024-04-08 15:41:00,19,30,False,,2024-04-08
CLIENT_STMT_GEN,SUCCESS,2024-10-27 21:21:00,2024-10-27 22:04:00,43,60,False,,2024-10-27
COMPLIANCE_RPT,ABENDED,2024-12-02 14:08:00,2024-12-02 14:18:00,10,55,False,ABEND S222,2024-12-02
POSITION_SYNC,ABENDED,2024-12-10 20:47:00,2024-12-10 20:53:00,6,20,False,ABEND S222,2024-12-10
PERF_ATTR_JOB,LATE,2024-03-23 19:13:00,2024-03-23 20:21:00,68,45,True,,2024-03-23
TRADE_SETTLE_CHK,FAILED,2024-12-07 15:08:00,2024-12-07 15:14:00,6,35,False,RC=12,2024-12-07
INVEST_RECON_JOB,SUCCESS,2024-02-21 13:31:00,2024-02-21 13:55:00,24,45,False,,2024-02-21
CLIENT_STMT_GEN,SUCCESS,2024-01-25 00:22:00,2024-01-25 00:43:00,21,60,False,,2024-01-25
TRANS_LOG_PARSER,FAILED,2024-03-30 16:02:00,2024-03-30 16:04:00,2,25,False,ABEND S0C7,2024-03-30
POSITION_SYNC,SUCCESS,2024-04-26 03:35:00,2024-04-26 03:43:00,8,20,False,,2024-04-26
RISK_CALC_JOB,SUCCESS,2024-06-23 11:49:00,2024-06-23 11:56:00,7,40,False,,2024-06-23
PERF_ATTR_JOB,ABENDED,2024-05-16 04:54:00,2024-05-16 05:11:00,17,45,False,JCL ERROR,2024-05-16
NAV_CALC_BATCH,SUCCESS,2024-01-26 14:51:00,2024-01-26 15:25:00,34,50,False,,2024-01-26
COMPLIANCE_RPT,FAILED,2024-02-24 19:39:00,2024-02-24 20:05:00,26,55,False,RC=8,2024-02-24
COMPLIANCE_RPT,SUCCESS,2024-09-16 03:10:00,2024-09-16 03:55:00,45,55,False,,2024-09-16
CASH_FLOW_EXTRACT,ABENDED,2024-07-04 05:46:00,2024-07-04 05:51:00,5,20,False,ABEND S222,2024-07-04
PERF_ATTR_JOB,SUCCESS,2024-02-20 04:41:00,2024-02-20 05:09:00,28,45,False,,2024-02-20
TRANS_LOG_PARSER,ABENDED,2024-03-03 06:28:00,2024-03-03 06:35:00,7,25,False,RC=8,2024-03-03
CLIENT_STMT_GEN,ABENDED,2024-08-30 10:18:00,2024-08-30 10:35:00,17,60,False,RC=12,2024-08-30
CASH_FLOW_EXTRACT,SUCCESS,2024-07-31 11:40:00,2024-07-31 11:55:00,15,20,False,,2024-07-31
CLIENT_STMT_GEN,SUCCESS,2024-09-28 13:50:00,2024-09-28 14:09:00,19,60,False,,2024-09-28
INVEST_RECON_JOB,ABENDED,2024-07-30 13:57:00,2024-07-30 14:12:00,15,45,False,JCL ERROR,2024-07-30
PERF_ATTR_JOB,FAILED,2024-01-16 14:09:00,2024-01-16 14:10:00,1,45,False,JCL ERROR,2024-01-16
CASH_FLOW_EXTRACT,SUCCESS,2024-06-10 12:49:00,2024-06-10 12:56:00,7,20,False,,2024-06-10
POSITION_SYNC,SUCCESS,2024-01-19 21:59:00,2024-01-19 22:14:00,15,20,False,,2024-01-19
INVEST_RECON_JOB,RUNNING,2024-01-30 20:45:00,2024-01-30 21:23:00,38,45,False,,2024-01-30
SLA_MONITOR_BATCH,SUCCESS,2024-12-14 22:35:00,2024-12-14 22:44:00,9,15,False,,2024-12-14
TRADE_SETTLE_CHK,FAILED,2024-06-25 00:52:00,2024-06-25 01:01:00,9,35,False,JCL ERROR,2024-06-25
FX_RATE_LOAD,RUNNING,2024-12-24 12:28:00,2024-12-24 12:34:00,6,10,False,,2024-12-24
EOD_CLOSE_PROC,SUCCESS,2024-11-12 20:28:00,2024-11-12 21:17:00,49,70,False,,2024-11-12
EOD_CLOSE_PROC,ABENDED,2024-11-28 12:49:00,2024-11-28 13:02:00,13,70,False,ABEND S0C7,2024-11-28
CASH_FLOW_EXTRACT,SUCCESS,2024-06-20 12:46:00,2024-06-20 13:02:00,16,20,False,,2024-06-20
TRADE_SETTLE_CHK,ABENDED,2024-09-23 17:18:00,2024-09-23 17:25:00,7,35,False,RC=8,2024-09-23
DIVIDEND_PROC,SUCCESS,2024-09-23 10:48:00,2024-09-23 11:13:00,25,30,False,,2024-09-23
INVEST_RECON_JOB,SUCCESS,2024-10-03 18:16:00,2024-10-03 18:36:00,20,45,False,,2024-10-03
COMPLIANCE_RPT,FAILED,2024-08-04 16:07:00,2024-08-04 16:31:00,24,55,False,RC=8,2024-08-04
COMPLIANCE_RPT,SUCCESS,2024-11-17 16:22:00,2024-11-17 16:34:00,12,55,False,,2024-11-17
PORTF_RPT_DAILY,FAILED,2024-03-04 14:19:00,2024-03-04 14:29:00,10,30,False,RC=8,2024-03-04
RISK_CALC_JOB,SUCCESS,2024-04-30 23:37:00,2024-05-01 00:16:00,39,40,False,,2024-04-30
COMPLIANCE_RPT,SUCCESS,2024-06-28 09:18:00,2024-06-28 10:05:00,47,55,False,,2024-06-28
PERF_ATTR_JOB,ABENDED,2024-10-20 21:08:00,2024-10-20 21:21:00,13,45,False,JCL ERROR,2024-10-20
TRADE_SETTLE_CHK,SUCCESS,2024-06-16 16:37:00,2024-06-16 16:48:00,11,35,False,,2024-06-16
COMPLIANCE_RPT,FAILED,2024-08-20 03:09:00,2024-08-20 03:32:00,23,55,False,ABEND S222,2024-08-20
COMPLIANCE_RPT,SUCCESS,2024-02-17 01:27:00,2024-02-17 01:40:00,13,55,False,,2024-02-17
RISK_CALC_JOB,SUCCESS,2024-02-09 11:43:00,2024-02-09 12:21:00,38,40,False,,2024-02-09
POSITION_SYNC,SUCCESS,2024-09-22 12:55:00,2024-09-22 13:04:00,9,20,False,,2024-09-22
FX_RATE_LOAD,SUCCESS,2024-08-04 14:44:00,2024-08-04 14:52:00,8,10,False,,2024-08-04
TRADE_SETTLE_CHK,LATE,2024-03-24 04:32:00,2024-03-24 05:20:00,48,35,True,,2024-03-24
RISK_CALC_JOB,FAILED,2024-03-07 22:32:00,2024-03-07 22:49:00,17,40,False,RC=8,2024-03-07
TRADE_SETTLE_CHK,SUCCESS,2024-08-30 01:47:00,2024-08-30 01:57:00,10,35,False,,2024-08-30
DIVIDEND_PROC,SUCCESS,2024-03-01 19:54:00,2024-03-01 20:12:00,18,30,False,,2024-03-01
CASH_FLOW_EXTRACT,SUCCESS,2024-10-19 09:02:00,2024-10-19 09:15:00,13,20,False,,2024-10-19
INVEST_RECON_JOB,SUCCESS,2024-06-05 11:19:00,2024-06-05 11:42:00,23,45,False,,2024-06-05
RISK_CALC_JOB,SUCCESS,2024-03-14 04:50:00,2024-03-14 05:21:00,31,40,False,,2024-03-14
PORTF_RPT_DAILY,LATE,2024-06-05 09:13:00,2024-06-05 09:59:00,46,30,True,,2024-06-05
COMPLIANCE_RPT,FAILED,2024-01-02 03:35:00,2024-01-02 03:47:00,12,55,False,RC=8,2024-01-02
COMPLIANCE_RPT,SUCCESS,2024-09-03 18:19:00,2024-09-03 19:00:00,41,55,False,,2024-09-03
RISK_CALC_JOB,RUNNING,2024-07-12 15:53:00,2024-07-12 16:06:00,13,40,False,,2024-07-12
PERF_ATTR_JOB,SUCCESS,2024-11-21 14:48:00,2024-11-21 15:21:00,33,45,False,,2024-11-21
NAV_CALC_BATCH,SUCCESS,2024-06-15 02:51:00,2024-06-15 03:35:00,44,50,False,,2024-06-15
NAV_CALC_BATCH,SUCCESS,2024-07-17 07:57:00,2024-07-17 08:27:00,30,50,False,,2024-07-17
TRANS_LOG_PARSER,SUCCESS,2024-12-09 14:47:00,2024-12-09 15:00:00,13,25,False,,2024-12-09
NAV_CALC_BATCH,SUCCESS,2024-03-25 22:01:00,2024-03-25 22:42:00,41,50,False,,2024-03-25
NAV_CALC_BATCH,FAILED,2024-12-28 09:35:00,2024-12-28 09:56:00,21,50,False,RC=8,2024-12-28
NAV_CALC_BATCH,SUCCESS,2024-04-08 19:34:00,2024-04-08 20:15:00,41,50,False,,2024-04-08
PERF_ATTR_JOB,SUCCESS,2024-10-18 16:12:00,2024-10-18 16:47:00,35,45,False,,2024-10-18
DIVIDEND_PROC,RUNNING,2024-03-02 21:59:00,2024-03-02 22:21:00,22,30,False,,2024-03-02
INVEST_RECON_JOB,LATE,2024-05-20 06:15:00,2024-05-20 07:58:00,103,45,True,,2024-05-20
TRADE_SETTLE_CHK,ABENDED,2024-10-23 14:05:00,2024-10-23 14:16:00,11,35,False,ABEND S222,2024-10-23
FX_RATE_LOAD,SUCCESS,2024-01-12 10:27:00,2024-01-12 10:33:00,6,10,False,,2024-01-12
POSITION_SYNC,SUCCESS,2024-09-27 10:24:00,2024-09-27 10:33:00,9,20,False,,2024-09-27
CASH_FLOW_EXTRACT,SUCCESS,2024-02-20 17:10:00,2024-02-20 17:19:00,9,20,False,,2024-02-20
INVEST_RECON_JOB,SUCCESS,2024-02-15 04:19:00,2024-02-15 04:50:00,31,45,False,,2024-02-15
NAV_CALC_BATCH,SUCCESS,2024-11-10 10:11:00,2024-11-10 10:17:00,6,50,False,,2024-11-10
TRADE_SETTLE_CHK,SUCCESS,2024-07-18 03:20:00,2024-07-18 03:29:00,9,35,False,,2024-07-18
POSITION_SYNC,RUNNING,2024-05-12 12:52:00,2024-05-12 13:11:00,19,20,False,,2024-05-12
CASH_FLOW_EXTRACT,SUCCESS,2024-05-02 19:37:00,2024-05-02 19:45:00,8,20,False,,2024-05-02
RISK_CALC_JOB,SUCCESS,2024-09-15 12:07:00,2024-09-15 12:29:00,22,40,False,,2024-09-15
PORTF_RPT_DAILY,SUCCESS,2024-10-10 13:04:00,2024-10-10 13:24:00,20,30,False,,2024-10-10
PORTF_RPT_DAILY,SUCCESS,2024-04-29 00:17:00,2024-04-29 00:39:00,22,30,False,,2024-04-29
FX_RATE_LOAD,FAILED,2024-05-06 17:41:00,2024-05-06 17:43:00,2,10,False,ABEND S0C7,2024-05-06
FX_RATE_LOAD,SUCCESS,2024-02-12 20:32:00,2024-02-12 20:38:00,6,10,False,,2024-02-12
PERF_ATTR_JOB,LATE,2024-07-10 17:10:00,2024-07-10 18:50:00,100,45,True,,2024-07-10
CLIENT_STMT_GEN,SUCCESS,2024-08-04 17:28:00,2024-08-04 17:35:00,7,60,False,,2024-08-04
PORTF_RPT_DAILY,ABENDED,2024-11-13 09:41:00,2024-11-13 09:44:00,3,30,False,RC=8,2024-11-13
PORTF_RPT_DAILY,LATE,2024-09-03 08:38:00,2024-09-03 09:29:00,51,30,True,,2024-09-03
COMPLIANCE_RPT,FAILED,2024-06-28 20:13:00,2024-06-28 20:32:00,19,55,False,JCL ERROR,2024-06-28
SLA_MONITOR_BATCH,SUCCESS,2024-09-30 18:04:00,2024-09-30 18:13:00,9,15,False,,2024-09-30
CASH_FLOW_EXTRACT,SUCCESS,2024-03-03 04:46:00,2024-03-03 04:59:00,13,20,False,,2024-03-03
SLA_MONITOR_BATCH,ABENDED,2024-04-17 19:32:00,2024-04-17 19:39:00,7,15,False,ABEND S0C7,2024-04-17
EOD_CLOSE_PROC,FAILED,2024-06-24 20:16:00,2024-06-24 20:45:00,29,70,False,ABEND S0C7,2024-06-24
CLIENT_STMT_GEN,FAILED,2024-06-13 10:13:00,2024-06-13 10:28:00,15,60,False,JCL ERROR,2024-06-13
TRANS_LOG_PARSER,SUCCESS,2024-12-20 04:41:00,2024-12-20 04:46:00,5,25,False,,2024-12-20
FX_RATE_LOAD,SUCCESS,2024-01-05 21:11:00,2024-01-05 21:19:00,8,10,False,,2024-01-05
DIVIDEND_PROC,RUNNING,2024-12-26 15:48:00,2024-12-26 16:05:00,17,30,False,,2024-12-26
DIVIDEND_PROC,SUCCESS,2024-11-28 20:04:00,2024-11-28 20:26:00,22,30,False,,2024-11-28
PORTF_RPT_DAILY,RUNNING,2024-12-09 14:43:00,2024-12-09 14:51:00,8,30,False,,2024-12-09
TRANS_LOG_PARSER,LATE,2024-07-11 19:22:00,2024-07-11 20:16:00,54,25,True,,2024-07-11
INVEST_RECON_JOB,ABENDED,2024-12-22 00:07:00,2024-12-22 00:22:00,15,45,False,ABEND S0C7,2024-12-22
EOD_CLOSE_PROC,SUCCESS,2024-01-05 07:47:00,2024-01-05 07:54:00,7,70,False,,2024-01-05
PERF_ATTR_JOB,SUCCESS,2024-12-29 11:12:00,2024-12-29 11:22:00,10,45,False,,2024-12-29
COMPLIANCE_RPT,SUCCESS,2024-06-04 22:14:00,2024-06-04 22:33:00,19,55,False,,2024-06-04
RISK_CALC_JOB,LATE,2024-01-19 08:31:00,2024-01-19 10:01:00,90,40,True,,2024-01-19
TRADE_SETTLE_CHK,SUCCESS,2024-01-04 06:52:00,2024-01-04 07:17:00,25,35,False,,2024-01-04
POSITION_SYNC,SUCCESS,2024-05-22 18:32:00,2024-05-22 18:44:00,12,20,False,,2024-05-22
INVEST_RECON_JOB,SUCCESS,2024-12-03 23:36:00,2024-12-04 00:19:00,43,45,False,,2024-12-03
FX_RATE_LOAD,SUCCESS,2024-10-28 04:47:00,2024-10-28 04:52:00,5,10,False,,2024-10-28
INVEST_RECON_JOB,SUCCESS,2024-10-18 07:56:00,2024-10-18 08:34:00,38,45,False,,2024-10-18
TRADE_SETTLE_CHK,FAILED,2024-04-08 21:01:00,2024-04-08 21:10:00,9,35,False,JCL ERROR,2024-04-08
EOD_CLOSE_PROC,SUCCESS,2024-08-06 20:43:00,2024-08-06 20:54:00,11,70,False,,2024-08-06
COMPLIANCE_RPT,LATE,2024-08-09 13:17:00,2024-08-09 14:24:00,67,55,True,,2024-08-09
NAV_CALC_BATCH,SUCCESS,2024-09-10 11:33:00,2024-09-10 11:40:00,7,50,False,,2024-09-10
EOD_CLOSE_PROC,FAILED,2024-01-25 08:58:00,2024-01-25 09:25:00,27,70,False,JCL ERROR,2024-01-25
RISK_CALC_JOB,SUCCESS,2024-07-19 06:21:00,2024-07-19 06:31:00,10,40,False,,2024-07-19
EOD_CLOSE_PROC,SUCCESS,2024-01-13 23:14:00,2024-01-14 00:13:00,59,70,False,,2024-01-13
CASH_FLOW_EXTRACT,RUNNING,2024-04-10 05:21:00,2024-04-10 05:30:00,9,20,False,,2024-04-10
CASH_FLOW_EXTRACT,SUCCESS,2024-02-19 00:30:00,2024-02-19 00:41:00,11,20,False,,2024-02-19
PERF_ATTR_JOB,SUCCESS,2024-11-16 10:53:00,2024-11-16 11:14:00,21,45,False,,2024-11-16
CLIENT_STMT_GEN,SUCCESS,2024-05-02 10:53:00,2024-05-02 11:01:00,8,60,False,,2024-05-02
COMPLIANCE_RPT,SUCCESS,2024-05-01 02:49:00,2024-05-01 03:32:00,43,55,False,,2024-05-01
FX_RATE_LOAD,SUCCESS,2024-02-18 20:28:00,2024-02-18 20:37:00,9,10,False,,2024-02-18
CASH_FLOW_EXTRACT,SUCCESS,2024-02-01 01:24:00,2024-02-01 01:34:00,10,20,False,,2024-02-01
EOD_CLOSE_PROC,ABENDED,2024-02-03 04:03:00,2024-02-03 04:32:00,29,70,False,RC=8,2024-02-03
SLA_MONITOR_BATCH,SUCCESS,2024-08-09 02:06:00,2024-08-09 02:11:00,5,15,False,,2024-08-09
DIVIDEND_PROC,SUCCESS,2024-07-14 12:06:00,2024-07-14 12:30:00,24,30,False,,2024-07-14
PERF_ATTR_JOB,SUCCESS,2024-11-02 21:39:00,2024-11-02 21:44:00,5,45,False,,2024-11-02
RISK_CALC_JOB,SUCCESS,2024-08-07 19:39:00,2024-08-07 19:50:00,11,40,False,,2024-08-07
TRANS_LOG_PARSER,FAILED,2024-12-11 00:29:00,2024-12-11 00:38:00,9,25,False,ABEND S0C7,2024-12-11
FX_RATE_LOAD,SUCCESS,2024-02-22 00:38:00,2024-02-22 00:43:00,5,10,False,,2024-02-22
FX_RATE_LOAD,FAILED,2024-04-09 18:08:00,2024-04-09 18:13:00,5,10,False,ABEND S0C7,2024-04-09
TRANS_LOG_PARSER,SUCCESS,2024-11-13 14:11:00,2024-11-13 14:23:00,12,25,False,,2024-11-13
INVEST_RECON_JOB,FAILED,2024-01-31 04:19:00,2024-01-31 04:38:00,19,45,False,ABEND S222,2024-01-31
DIVIDEND_PROC,LATE,2024-07-02 09:37:00,2024-07-02 10:46:00,69,30,True,,2024-07-02
PERF_ATTR_JOB,SUCCESS,2024-08-28 09:38:00,2024-08-28 10:04:00,26,45,False,,2024-08-28
SLA_MONITOR_BATCH,SUCCESS,2024-01-05 16:37:00,2024-01-05 16:44:00,7,15,False,,2024-01-05
PORTF_RPT_DAILY,SUCCESS,2024-10-13 01:27:00,2024-10-13 01:43:00,16,30,False,,2024-10-13
CLIENT_STMT_GEN,LATE,2024-11-23 06:50:00,2024-11-23 07:59:00,69,60,True,,2024-11-23
TRANS_LOG_PARSER,SUCCESS,2024-08-31 22:44:00,2024-08-31 23:03:00,19,25,False,,2024-08-31
FX_RATE_LOAD,FAILED,2024-10-23 18:21:00,2024-10-23 18:26:00,5,10,False,ABEND S0C7,2024-10-23
POSITION_SYNC,SUCCESS,2024-02-23 14:56:00,2024-02-23 15:13:00,17,20,False,,2024-02-23
EOD_CLOSE_PROC,SUCCESS,2024-04-22 00:40:00,2024-04-22 01:13:00,33,70,False,,2024-04-22
TRADE_SETTLE_CHK,SUCCESS,2024-11-15 06:15:00,2024-11-15 06:35:00,20,35,False,,2024-11-15
TRADE_SETTLE_CHK,FAILED,2024-06-18 23:24:00,2024-06-18 23:31:00,7,35,False,ABEND S222,2024-06-18
INVEST_RECON_JOB,ABENDED,2024-01-04 11:00:00,2024-01-04 11:03:00,3,45,False,ABEND S0C7,2024-01-04
PORTF_RPT_DAILY,SUCCESS,2024-03-13 09:28:00,2024-03-13 09:39:00,11,30,False,,2024-03-13
NAV_CALC_BATCH,SUCCESS,2024-07-03 01:01:00,2024-07-03 01:18:00,17,50,False,,2024-07-03
CLIENT_STMT_GEN,SUCCESS,2024-04-22 08:46:00,2024-04-22 09:02:00,16,60,False,,2024-04-22
TRANS_LOG_PARSER,ABENDED,2024-05-05 05:12:00,2024-05-05 05:13:00,1,25,False,RC=12,2024-05-05
COMPLIANCE_RPT,SUCCESS,2024-02-21 00:53:00,2024-02-21 01:41:00,48,55,False,,2024-02-21
INVEST_RECON_JOB,SUCCESS,2024-02-26 10:59:00,2024-02-26 11:17:00,18,45,False,,2024-02-26
SLA_MONITOR_BATCH,SUCCESS,2024-07-08 11:42:00,2024-07-08 11:49:00,7,15,False,,2024-07-08
DIVIDEND_PROC,LATE,2024-11-15 13:56:00,2024-11-15 15:16:00,80,30,True,,2024-11-15
CASH_FLOW_EXTRACT,SUCCESS,2024-03-07 06:12:00,2024-03-07 06:25:00,13,20,False,,2024-03-07
POSITION_SYNC,FAILED,2024-06-11 19:27:00,2024-06-11 19:31:00,4,20,False,RC=8,2024-06-11
PERF_ATTR_JOB,SUCCESS,2024-04-06 17:18:00,2024-04-06 17:32:00,14,45,False,,2024-04-06
TRANS_LOG_PARSER,SUCCESS,2024-11-18 08:55:00,2024-11-18 09:04:00,9,25,False,,2024-11-18
COMPLIANCE_RPT,SUCCESS,2024-10-26 15:13:00,2024-10-26 16:04:00,51,55,False,,2024-10-26
CASH_FLOW_EXTRACT,FAILED,2024-12-05 19:04:00,2024-12-05 19:07:00,3,20,False,JCL ERROR,2024-12-05
POSITION_SYNC,FAILED,2024-11-26 16:23:00,2024-11-26 16:31:00,8,20,False,JCL ERROR,2024-11-26
RISK_CALC_JOB,SUCCESS,2024-12-30 11:33:00,2024-12-30 12:08:00,35,40,False,,2024-12-30
TRADE_SETTLE_CHK,LATE,2024-08-30 08:37:00,2024-08-30 09:42:00,65,35,True,,2024-08-30
NAV_CALC_BATCH,RUNNING,2024-10-25 20:02:00,2024-10-25 20:20:00,18,50,False,,2024-10-25
CLIENT_STMT_GEN,RUNNING,2024-08-19 07:25:00,2024-08-19 07:43:00,18,60,False,,2024-08-19
SLA_MONITOR_BATCH,SUCCESS,2024-07-12 18:10:00,2024-07-12 18:20:00,10,15,False,,2024-07-12
SLA_MONITOR_BATCH,SUCCESS,2024-03-09 02:18:00,2024-03-09 02:30:00,12,15,False,,2024-03-09
DIVIDEND_PROC,SUCCESS,2024-10-25 01:29:00,2024-10-25 01:50:00,21,30,False,,2024-10-25
FX_RATE_LOAD,SUCCESS,2024-08-18 14:27:00,2024-08-18 14:35:00,8,10,False,,2024-08-18
TRANS_LOG_PARSER,ABENDED,2024-06-11 08:24:00,2024-06-11 08:25:00,1,25,False,RC=12,2024-06-11
RISK_CALC_JOB,SUCCESS,2024-11-26 02:22:00,2024-11-26 02:32:00,10,40,False,,2024-11-26
SLA_MONITOR_BATCH,ABENDED,2024-09-19 17:41:00,2024-09-19 17:42:00,1,15,False,ABEND S0C7,2024-09-19
EOD_CLOSE_PROC,SUCCESS,2024-03-01 02:23:00,2024-03-01 02:32:00,9,70,False,,2024-03-01
DIVIDEND_PROC,SUCCESS,2024-04-10 21:21:00,2024-04-10 21:34:00,13,30,False,,2024-04-10
SLA_MONITOR_BATCH,FAILED,2024-12-15 08:12:00,2024-12-15 08:18:00,6,15,False,JCL ERROR,2024-12-15
INVEST_RECON_JOB,LATE,2024-10-05 08:00:00,2024-10-05 09:39:00,99,45,True,,2024-10-05
SLA_MONITOR_BATCH,SUCCESS,2024-06-26 12:25:00,2024-06-26 12:39:00,14,15,False,,2024-06-26
PERF_ATTR_JOB,FAILED,2024-08-29 20:32:00,2024-08-29 20:37:00,5,45,False,ABEND S222,2024-08-29
CLIENT_STMT_GEN,SUCCESS,2024-04-17 15:14:00,2024-04-17 15:52:00,38,60,False,,2024-04-17
FX_RATE_LOAD,FAILED,2024-08-27 23:52:00,2024-08-27 23:56:00,4,10,False,ABEND S0C7,2024-08-27
PERF_ATTR_JOB,SUCCESS,2024-04-06 13:49:00,2024-04-06 14:20:00,31,45,False,,2024-04-06
CLIENT_STMT_GEN,SUCCESS,2024-10-12 00:23:00,2024-10-12 00:36:00,13,60,False,,2024-10-12
FX_RATE_LOAD,ABENDED,2024-06-05 23:00:00,2024-06-05 23:04:00,4,10,False,ABEND S0C7,2024-06-05
TRANS_LOG_PARSER,SUCCESS,2024-08-05 21:48:00,2024-08-05 22:05:00,17,25,False,,2024-08-05
PERF_ATTR_JOB,FAILED,2024-10-02 09:20:00,2024-10-02 09:39:00,19,45,False,RC=8,2024-10-02
FX_RATE_LOAD,FAILED,2024-03-12 04:21:00,2024-03-12 04:26:00,5,10,False,JCL ERROR,2024-03-12
EOD_CLOSE_PROC,SUCCESS,2024-07-19 12:13:00,2024-07-19 13:08:00,55,70,False,,2024-07-19
CASH_FLOW_EXTRACT,SUCCESS,2024-04-06 15:06:00,2024-04-06 15:16:00,10,20,False,,2024-04-06
FX_RATE_LOAD,LATE,2024-11-23 09:05:00,2024-11-23 09:30:00,25,10,True,,2024-11-23
CASH_FLOW_EXTRACT,FAILED,2024-03-31 01:52:00,2024-03-31 02:02:00,10,20,False,ABEND S222,2024-03-31
PORTF_RPT_DAILY,SUCCESS,2024-02-05 12:18:00,2024-02-05 12:29:00,11,30,False,,2024-02-05
CLIENT_STMT_GEN,SUCCESS,2024-09-25 02:29:00,2024-09-25 02:37:00,8,60,False,,2024-09-25
TRANS_LOG_PARSER,SUCCESS,2024-03-28 10:55:00,2024-03-28 11:13:00,18,25,False,,2024-03-28
POSITION_SYNC,SUCCESS,2024-02-26 04:34:00,2024-02-26 04:45:00,11,20,False,,2024-02-26
RISK_CALC_JOB,FAILED,2024-07-18 06:08:00,2024-07-18 06:15:00,7,40,False,ABEND S0C7,2024-07-18
POSITION_SYNC,ABENDED,2024-12-06 15:10:00,2024-12-06 15:20:00,10,20,False,JCL ERROR,2024-12-06
SLA_MONITOR_BATCH,SUCCESS,2024-09-14 22:43:00,2024-09-14 22:55:00,12,15,False,,2024-09-14
SLA_MONITOR_BATCH,SUCCESS,2024-03-14 14:04:00,2024-03-14 14:15:00,11,15,False,,2024-03-14
FX_RATE_LOAD,ABENDED,2024-09-26 10:58:00,2024-09-26 11:03:00,5,10,False,ABEND S222,2024-09-26
RISK_CALC_JOB,SUCCESS,2024-01-21 23:05:00,2024-01-21 23:28:00,23,40,False,,2024-01-21
NAV_CALC_BATCH,RUNNING,2024-08-21 11:44:00,2024-08-21 12:08:00,24,50,False,,2024-08-21
POSITION_SYNC,SUCCESS,2024-03-30 13:15:00,2024-03-30 13:22:00,7,20,False,,2024-03-30
EOD_CLOSE_PROC,SUCCESS,2024-08-09 14:24:00,2024-08-09 14:52:00,28,70,False,,2024-08-09
TRADE_SETTLE_CHK,SUCCESS,2024-07-20 22:02:00,2024-07-20 22:14:00,12,35,False,,2024-07-20
EOD_CLOSE_PROC,ABENDED,2024-05-20 20:34:00,2024-05-20 20:53:00,19,70,False,RC=8,2024-05-20
TRADE_SETTLE_CHK,FAILED,2024-04-21 15:26:00,2024-04-21 15:30:00,4,35,False,ABEND S0C7,2024-04-21
CASH_FLOW_EXTRACT,FAILED,2024-09-15 10:26:00,2024-09-15 10:34:00,8,20,False,RC=12,2024-09-15
SLA_MONITOR_BATCH,SUCCESS,2024-01-23 14:01:00,2024-01-23 14:07:00,6,15,False,,2024-01-23
NAV_CALC_BATCH,FAILED,2024-08-24 12:21:00,2024-08-24 12:45:00,24,50,False,ABEND S222,2024-08-24
COMPLIANCE_RPT,SUCCESS,2024-01-20 00:16:00,2024-01-20 00:28:00,12,55,False,,2024-01-20
TRADE_SETTLE_CHK,RUNNING,2024-06-16 21:47:00,2024-06-16 22:06:00,19,35,False,,2024-06-16
RISK_CALC_JOB,SUCCESS,2024-02-12 17:42:00,2024-02-12 18:02:00,20,40,False,,2024-02-12
TRADE_SETTLE_CHK,LATE,2024-03-12 15:52:00,2024-03-12 16:49:00,57,35,True,,2024-03-12
COMPLIANCE_RPT,SUCCESS,2024-01-10 19:06:00,2024-01-10 19:22:00,16,55,False,,2024-01-10
SLA_MONITOR_BATCH,SUCCESS,2024-07-19 05:04:00,2024-07-19 05:09:00,5,15,False,,2024-07-19
NAV_CALC_BATCH,SUCCESS,2024-08-13 11:11:00,2024-08-13 11:29:00,18,50,False,,2024-08-13
TRADE_SETTLE_CHK,SUCCESS,2024-12-11 17:13:00,2024-12-11 17:32:00,19,35,False,,2024-12-11
TRADE_SETTLE_CHK,SUCCESS,2024-11-21 16:41:00,2024-11-21 17:07:00,26,35,False,,2024-11-21
TRADE_SETTLE_CHK,FAILED,2024-02-22 12:44:00,2024-02-22 12:54:00,10,35,False,ABEND S222,2024-02-22
PORTF_RPT_DAILY,SUCCESS,2024-01-25 12:49:00,2024-01-25 13:00:00,11,30,False,,2024-01-25
EOD_CLOSE_PROC,SUCCESS,2024-05-02 06:05:00,2024-05-02 06:12:00,7,70,False,,2024-05-02
POSITION_SYNC,SUCCESS,2024-01-08 10:52:00,2024-01-08 11:00:00,8,20,False,,2024-01-08
NAV_CALC_BATCH,FAILED,2024-04-22 03:51:00,2024-04-22 04:13:00,22,50,False,RC=12,2024-04-22
TRADE_SETTLE_CHK,SUCCESS,2024-07-31 16:06:00,2024-07-31 16:37:00,31,35,False,,2024-07-31
TRANS_LOG_PARSER,SUCCESS,2024-11-16 06:39:00,2024-11-16 06:50:00,11,25,False,,2024-11-16
EOD_CLOSE_PROC,SUCCESS,2024-08-07 03:14:00,2024-08-07 03:46:00,32,70,False,,2024-08-07
CASH_FLOW_EXTRACT,SUCCESS,2024-03-29 00:25:00,2024-03-29 00:40:00,15,20,False,,2024-03-29
TRANS_LOG_PARSER,SUCCESS,2024-04-18 14:14:00,2024-04-18 14:21:00,7,25,False,,2024-04-18
NAV_CALC_BATCH,ABENDED,2024-11-28 19:23:00,2024-11-28 19:25:00,2,50,False,RC=8,2024-11-28
EOD_CLOSE_PROC,SUCCESS,2024-06-03 19:31:00,2024-06-03 19:49:00,18,70,False,,2024-06-03
TRADE_SETTLE_CHK,SUCCESS,2024-10-18 05:16:00,2024-10-18 05:24:00,8,35,False,,2024-10-18
FX_RATE_LOAD,SUCCESS,2024-11-19 22:24:00,2024-11-19 22:30:00,6,10,False,,2024-11-19
TRANS_LOG_PARSER,SUCCESS,2024-12-18 10:54:00,2024-12-18 11:14:00,20,25,False,,2024-12-18
CASH_FLOW_EXTRACT,SUCCESS,2024-11-07 18:28:00,2024-11-07 18:39:00,11,20,False,,2024-11-07
DIVIDEND_PROC,SUCCESS,2024-04-29 16:37:00,2024-04-29 17:04:00,27,30,False,,2024-04-29
PORTF_RPT_DAILY,SUCCESS,2024-11-11 03:19:00,2024-11-11 03:31:00,12,30,False,,2024-11-11
TRADE_SETTLE_CHK,SUCCESS,2024-05-04 19:05:00,2024-05-04 19:11:00,6,35,False,,2024-05-04
INVEST_RECON_JOB,SUCCESS,2024-05-31 06:09:00,2024-05-31 06:38:00,29,45,False,,2024-05-31
CLIENT_STMT_GEN,SUCCESS,2024-05-01 23:38:00,2024-05-02 00:11:00,33,60,False,,2024-05-01
TRADE_SETTLE_CHK,ABENDED,2024-03-09 08:20:00,2024-03-09 08:22:00,2,35,False,JCL ERROR,2024-03-09
PERF_ATTR_JOB,LATE,2024-11-27 09:48:00,2024-11-27 10:39:00,51,45,True,,2024-11-27
CLIENT_STMT_GEN,ABENDED,2024-06-18 10:15:00,2024-06-18 10:22:00,7,60,False,JCL ERROR,2024-06-18
PORTF_RPT_DAILY,RUNNING,2024-12-06 07:51:00,2024-12-06 08:17:00,26,30,False,,2024-12-06
TRADE_SETTLE_CHK,FAILED,2024-11-07 12:33:00,2024-11-07 12:44:00,11,35,False,RC=12,2024-11-07
RISK_CALC_JOB,SUCCESS,2024-02-03 15:04:00,2024-02-03 15:21:00,17,40,False,,2024-02-03
PORTF_RPT_DAILY,SUCCESS,2024-03-13 06:08:00,2024-03-13 06:15:00,7,30,False,,2024-03-13
INVEST_RECON_JOB,SUCCESS,2024-04-14 07:32:00,2024-04-14 07:42:00,10,45,False,,2024-04-14
POSITION_SYNC,FAILED,2024-06-08 05:46:00,2024-06-08 05:50:00,4,20,False,RC=12,2024-06-08
POSITION_SYNC,SUCCESS,2024-05-07 09:18:00,2024-05-07 09:32:00,14,20,False,,2024-05-07
RISK_CALC_JOB,LATE,2024-04-13 08:55:00,2024-04-13 10:30:00,95,40,True,,2024-04-13
RISK_CALC_JOB,SUCCESS,2024-07-03 12:24:00,2024-07-03 12:39:00,15,40,False,,2024-07-03
RISK_CALC_JOB,SUCCESS,2024-09-15 19:47:00,2024-09-15 20:19:00,32,40,False,,2024-09-15
PERF_ATTR_JOB,SUCCESS,2024-09-03 00:48:00,2024-09-03 01:17:00,29,45,False,,2024-09-03
POSITION_SYNC,ABENDED,2024-06-02 19:34:00,2024-06-02 19:37:00,3,20,False,JCL ERROR,2024-06-02
TRADE_SETTLE_CHK,SUCCESS,2024-07-13 14:19:00,2024-07-13 14:38:00,19,35,False,,2024-07-13
SLA_MONITOR_BATCH,SUCCESS,2024-11-06 15:04:00,2024-11-06 15:14:00,10,15,False,,2024-11-06
INVEST_RECON_JOB,FAILED,2024-04-10 04:58:00,2024-04-10 05:05:00,7,45,False,RC=8,2024-04-10
PORTF_RPT_DAILY,ABENDED,2024-07-10 15:25:00,2024-07-10 15:40:00,15,30,False,ABEND S222,2024-07-10
POSITION_SYNC,LATE,2024-07-10 12:31:00,2024-07-10 13:15:00,44,20,True,,2024-07-10
NAV_CALC_BATCH,LATE,2024-02-06 13:56:00,2024-02-06 14:53:00,57,50,True,,2024-02-06
EOD_CLOSE_PROC,SUCCESS,2024-10-16 05:12:00,2024-10-16 06:12:00,60,70,False,,2024-10-16
SLA_MONITOR_BATCH,FAILED,2024-06-27 16:45:00,2024-06-27 16:49:00,4,15,False,ABEND S0C7,2024-06-27
TRADE_SETTLE_CHK,SUCCESS,2024-07-16 13:47:00,2024-07-16 13:59:00,12,35,False,,2024-07-16
CLIENT_STMT_GEN,SUCCESS,2024-07-04 20:45:00,2024-07-04 21:33:00,48,60,False,,2024-07-04
PORTF_RPT_DAILY,FAILED,2024-11-26 04:16:00,2024-11-26 04:26:00,10,30,False,ABEND S222,2024-11-26
NAV_CALC_BATCH,SUCCESS,2024-05-06 19:37:00,2024-05-06 20:24:00,47,50,False,,2024-05-06
COMPLIANCE_RPT,SUCCESS,2024-02-29 02:41:00,2024-02-29 03:31:00,50,55,False,,2024-02-29
EOD_CLOSE_PROC,SUCCESS,2024-12-27 18:57:00,2024-12-27 19:12:00,15,70,False,,2024-12-27
DIVIDEND_PROC,RUNNING,2024-08-04 05:53:00,2024-08-04 06:11:00,18,30,False,,2024-08-04
SLA_MONITOR_BATCH,FAILED,2024-09-13 17:42:00,2024-09-13 17:46:00,4,15,False,JCL ERROR,2024-09-13
SLA_MONITOR_BATCH,FAILED,2024-02-15 03:40:00,2024-02-15 03:45:00,5,15,False,ABEND S0C7,2024-02-15
COMPLIANCE_RPT,SUCCESS,2024-04-17 23:25:00,2024-04-18 00:14:00,49,55,False,,2024-04-17
SLA_MONITOR_BATCH,SUCCESS,2024-03-27 15:00:00,2024-03-27 15:06:00,6,15,False,,2024-03-27
CASH_FLOW_EXTRACT,FAILED,2024-08-01 16:26:00,2024-08-01 16:31:00,5,20,False,ABEND S222,2024-08-01
INVEST_RECON_JOB,SUCCESS,2024-04-05 22:08:00,2024-04-05 22:25:00,17,45,False,,2024-04-05
RISK_CALC_JOB,SUCCESS,2024-02-26 14:36:00,2024-02-26 14:54:00,18,40,False,,2024-02-26
INVEST_RECON_JOB,SUCCESS,2024-04-03 06:16:00,2024-04-03 06:47:00,31,45,False,,2024-04-03
RISK_CALC_JOB,SUCCESS,2024-11-15 03:55:00,2024-11-15 04:10:00,15,40,False,,2024-11-15
CASH_FLOW_EXTRACT,SUCCESS,2024-07-12 03:17:00,2024-07-12 03:23:00,6,20,False,,2024-07-12
TRANS_LOG_PARSER,SUCCESS,2024-04-30 15:31:00,2024-04-30 15:39:00,8,25,False,,2024-04-30
PORTF_RPT_DAILY,SUCCESS,2024-01-04 21:37:00,2024-01-04 21:43:00,6,30,False,,2024-01-04
CASH_FLOW_EXTRACT,SUCCESS,2024-01-04 12:38:00,2024-01-04 12:51:00,13,20,False,,2024-01-04
PERF_ATTR_JOB,SUCCESS,2024-09-05 15:48:00,2024-09-05 16:14:00,26,45,False,,2024-09-05
FX_RATE_LOAD,SUCCESS,2024-07-08 21:56:00,2024-07-08 22:03:00,7,10,False,,2024-07-08
TRANS_LOG_PARSER,ABENDED,2024-07-03 21:25:00,2024-07-03 21:32:00,7,25,False,JCL ERROR,2024-07-03
PORTF_RPT_DAILY,LATE,2024-06-18 03:00:00,2024-06-18 04:04:00,64,30,True,,2024-06-18
COMPLIANCE_RPT,FAILED,2024-03-12 00:38:00,2024-03-12 00:42:00,4,55,False,JCL ERROR,2024-03-12
SLA_MONITOR_BATCH,LATE,2024-05-07 11:28:00,2024-05-07 12:27:00,59,15,True,,2024-05-07
NAV_CALC_BATCH,FAILED,2024-08-31 16:26:00,2024-08-31 16:48:00,22,50,False,RC=12,2024-08-31
PORTF_RPT_DAILY,LATE,2024-06-13 00:40:00,2024-06-13 01:38:00,58,30,True,,2024-06-13
COMPLIANCE_RPT,SUCCESS,2024-06-15 21:28:00,2024-06-15 21:47:00,19,55,False,,2024-06-15
FX_RATE_LOAD,SUCCESS,2024-11-09 02:22:00,2024-11-09 02:30:00,8,10,False,,2024-11-09
EOD_CLOSE_PROC,LATE,2024-08-31 21:54:00,2024-08-31 23:53:00,119,70,True,,2024-08-31
EOD_CLOSE_PROC,SUCCESS,2024-07-16 09:38:00,2024-07-16 10:07:00,29,70,False,,2024-07-16
TRADE_SETTLE_CHK,SUCCESS,2024-09-23 18:50:00,2024-09-23 19:22:00,32,35,False,,2024-09-23
TRADE_SETTLE_CHK,SUCCESS,2024-03-06 15:50:00,2024-03-06 15:57:00,7,35,False,,2024-03-06
SLA_MONITOR_BATCH,ABENDED,2024-10-07 14:10:00,2024-10-07 14:14:00,4,15,False,RC=8,2024-10-07
RISK_CALC_JOB,FAILED,2024-05-03 07:13:00,2024-05-03 07:19:00,6,40,False,RC=8,2024-05-03
CASH_FLOW_EXTRACT,SUCCESS,2024-01-15 05:59:00,2024-01-15 06:18:00,19,20,False,,2024-01-15
TRANS_LOG_PARSER,RUNNING,2024-05-23 07:46:00,2024-05-23 07:59:00,13,25,False,,2024-05-23
NAV_CALC_BATCH,SUCCESS,2024-12-09 03:42:00,2024-12-09 03:55:00,13,50,False,,2024-12-09
EOD_CLOSE_PROC,SUCCESS,2024-09-08 02:50:00,2024-09-08 03:37:00,47,70,False,,2024-09-08
COMPLIANCE_RPT,SUCCESS,2024-10-21 19:04:00,2024-10-21 19:50:00,46,55,False,,2024-10-21
TRANS_LOG_PARSER,SUCCESS,2024-07-14 20:41:00,2024-07-14 21:03:00,22,25,False,,2024-07-14
COMPLIANCE_RPT,SUCCESS,2024-04-29 07:16:00,2024-04-29 07:28:00,12,55,False,,2024-04-29
SLA_MONITOR_BATCH,SUCCESS,2024-02-15 10:47:00,2024-02-15 11:01:00,14,15,False,,2024-02-15
EOD_CLOSE_PROC,SUCCESS,2024-02-29 18:23:00,2024-02-29 18:44:00,21,70,False,,2024-02-29
COMPLIANCE_RPT,SUCCESS,2024-07-13 18:47:00,2024-07-13 18:52:00,5,55,False,,2024-07-13
SLA_MONITOR_BATCH,SUCCESS,2024-10-01 06:54:00,2024-10-01 07:05:00,11,15,False,,2024-10-01
POSITION_SYNC,SUCCESS,2024-07-05 21:59:00,2024-07-05 22:16:00,17,20,False,,2024-07-05
INVEST_RECON_JOB,SUCCESS,2024-11-04 18:14:00,2024-11-04 18:25:00,11,45,False,,2024-11-04
POSITION_SYNC,SUCCESS,2024-08-23 10:09:00,2024-08-23 10:27:00,18,20,False,,2024-08-23
SLA_MONITOR_BATCH,ABENDED,2024-09-12 21:29:00,2024-09-12 21:31:00,2,15,False,JCL ERROR,2024-09-12
SLA_MONITOR_BATCH,SUCCESS,2024-12-06 22:02:00,2024-12-06 22:16:00,14,15,False,,2024-12-06
TRANS_LOG_PARSER,SUCCESS,2024-12-18 03:17:00,2024-12-18 03:40:00,23,25,False,,2024-12-18
RISK_CALC_JOB,SUCCESS,2024-04-20 15:18:00,2024-04-20 15:47:00,29,40,False,,2024-04-20
PORTF_RPT_DAILY,LATE,2024-06-19 04:52:00,2024-06-19 06:12:00,80,30,True,,2024-06-19
CLIENT_STMT_GEN,ABENDED,2024-04-25 22:47:00,2024-04-25 22:49:00,2,60,False,RC=12,2024-04-25
COMPLIANCE_RPT,SUCCESS,2024-07-19 09:52:00,2024-07-19 10:39:00,47,55,False,,2024-07-19
EOD_CLOSE_PROC,ABENDED,2024-01-12 17:25:00,2024-01-12 17:47:00,22,70,False,ABEND S222,2024-01-12
NAV_CALC_BATCH,SUCCESS,2024-06-27 12:25:00,2024-06-27 12:34:00,9,50,False,,2024-06-27
DIVIDEND_PROC,FAILED,2024-05-24 22:59:00,2024-05-24 23:03:00,4,30,False,JCL ERROR,2024-05-24
POSITION_SYNC,SUCCESS,2024-06-14 18:55:00,2024-06-14 19:12:00,17,20,False,,2024-06-14
PORTF_RPT_DAILY,ABENDED,2024-12-29 09:29:00,2024-12-29 09:40:00,11,30,False,RC=12,2024-12-29
FX_RATE_LOAD,SUCCESS,2024-12-22 15:18:00,2024-12-22 15:24:00,6,10,False,,2024-12-22
CLIENT_STMT_GEN,SUCCESS,2024-04-10 23:41:00,2024-04-10 23:46:00,5,60,False,,2024-04-10
TRANS_LOG_PARSER,FAILED,2024-10-21 03:43:00,2024-10-21 03:46:00,3,25,False,ABEND S222,2024-10-21
POSITION_SYNC,FAILED,2024-03-27 01:06:00,2024-03-27 01:12:00,6,20,False,ABEND S222,2024-03-27
INVEST_RECON_JOB,LATE,2024-03-01 16:41:00,2024-03-01 17:52:00,71,45,True,,2024-03-01
FX_RATE_LOAD,SUCCESS,2024-03-17 20:46:00,2024-03-17 20:54:00,8,10,False,,2024-03-17
CLIENT_STMT_GEN,SUCCESS,2024-05-03 12:31:00,2024-05-03 12:55:00,24,60,False,,2024-05-03
TRADE_SETTLE_CHK,SUCCESS,2024-03-29 20:47:00,2024-03-29 21:04:00,17,35,False,,2024-03-29
PERF_ATTR_JOB,FAILED,2024-12-09 21:05:00,2024-12-09 21:20:00,15,45,False,ABEND S222,2024-12-09
SLA_MONITOR_BATCH,SUCCESS,2024-08-15 11:00:00,2024-08-15 11:06:00,6,15,False,,2024-08-15
CASH_FLOW_EXTRACT,SUCCESS,2024-09-07 20:42:00,2024-09-07 21:01:00,19,20,False,,2024-09-07
DIVIDEND_PROC,SUCCESS,2024-10-27 18:36:00,2024-10-27 18:56:00,20,30,False,,2024-10-27
SLA_MONITOR_BATCH,FAILED,2024-02-18 18:11:00,2024-02-18 18:15:00,4,15,False,ABEND S222,2024-02-18
NAV_CALC_BATCH,FAILED,2024-06-01 18:08:00,2024-06-01 18:12:00,4,50,False,ABEND S0C7,2024-06-01
CASH_FLOW_EXTRACT,FAILED,2024-10-02 05:25:00,2024-10-02 05:26:00,1,20,False,ABEND S222,2024-10-02
DIVIDEND_PROC,ABENDED,2024-09-28 15:04:00,2024-09-28 15:13:00,9,30,False,JCL ERROR,2024-09-28
DIVIDEND_PROC,FAILED,2024-11-29 03:48:00,2024-11-29 04:01:00,13,30,False,RC=12,2024-11-29
NAV_CALC_BATCH,RUNNING,2024-04-02 19:44:00,2024-04-02 20:00:00,16,50,False,,2024-04-02
PORTF_RPT_DAILY,SUCCESS,2024-06-09 03:02:00,2024-06-09 03:11:00,9,30,False,,2024-06-09
FX_RATE_LOAD,SUCCESS,2024-03-23 02:35:00,2024-03-23 02:42:00,7,10,False,,2024-03-23
COMPLIANCE_RPT,FAILED,2024-02-13 03:32:00,2024-02-13 03:42:00,10,55,False,ABEND S0C7,2024-02-13
DIVIDEND_PROC,SUCCESS,2024-12-02 00:15:00,2024-12-02 00:29:00,14,30,False,,2024-12-02
PORTF_RPT_DAILY,LATE,2024-09-22 09:42:00,2024-09-22 10:51:00,69,30,True,,2024-09-22
RISK_CALC_JOB,SUCCESS,2024-09-08 22:20:00,2024-09-08 22:58:00,38,40,False,,2024-09-08
EOD_CLOSE_PROC,LATE,2024-06-29 19:34:00,2024-06-29 21:21:00,107,70,True,,2024-06-29
CLIENT_STMT_GEN,FAILED,2024-12-05 01:15:00,2024-12-05 01:17:00,2,60,False,RC=12,2024-12-05
INVEST_RECON_JOB,SUCCESS,2024-04-20 04:38:00,2024-04-20 05:18:00,40,45,False,,2024-04-20
CLIENT_STMT_GEN,SUCCESS,2024-05-22 04:46:00,2024-05-22 05:30:00,44,60,False,,2024-05-22
POSITION_SYNC,SUCCESS,2024-05-10 08:24:00,2024-05-10 08:39:00,15,20,False,,2024-05-10
EOD_CLOSE_PROC,SUCCESS,2024-08-21 02:16:00,2024-08-21 03:15:00,59,70,False,,2024-08-21
TRADE_SETTLE_CHK,SUCCESS,2024-04-14 02:40:00,2024-04-14 03:08:00,28,35,False,,2024-04-14
SLA_MONITOR_BATCH,LATE,2024-12-22 20:12:00,2024-12-22 21:17:00,65,15,True,,2024-12-22
TRANS_LOG_PARSER,SUCCESS,2024-11-27 16:38:00,2024-11-27 16:48:00,10,25,False,,2024-11-27
POSITION_SYNC,ABENDED,2024-06-10 13:24:00,2024-06-10 13:25:00,1,20,False,JCL ERROR,2024-06-10
CLIENT_STMT_GEN,SUCCESS,2024-03-04 17:07:00,2024-03-04 17:55:00,48,60,False,,2024-03-04
DIVIDEND_PROC,SUCCESS,2024-06-17 20:05:00,2024-06-17 20:21:00,16,30,False,,2024-06-17
EOD_CLOSE_PROC,SUCCESS,2024-05-19 04:55:00,2024-05-19 05:28:00,33,70,False,,2024-05-19
SLA_MONITOR_BATCH,SUCCESS,2024-07-12 07:24:00,2024-07-12 07:30:00,6,15,False,,2024-07-12
PERF_ATTR_JOB,RUNNING,2024-03-30 16:46:00,2024-03-30 17:10:00,24,45,False,,2024-03-30
FX_RATE_LOAD,ABENDED,2024-09-07 03:33:00,2024-09-07 03:36:00,3,10,False,JCL ERROR,2024-09-07
COMPLIANCE_RPT,SUCCESS,2024-05-18 19:06:00,2024-05-18 19:14:00,8,55,False,,2024-05-18
INVEST_RECON_JOB,SUCCESS,2024-07-18 05:22:00,2024-07-18 06:01:00,39,45,False,,2024-07-18
DIVIDEND_PROC,SUCCESS,2024-07-25 15:37:00,2024-07-25 15:46:00,9,30,False,,2024-07-25
SLA_MONITOR_BATCH,SUCCESS,2024-09-19 22:09:00,2024-09-19 22:16:00,7,15,False,,2024-09-19
INVEST_RECON_JOB,SUCCESS,2024-05-16 01:58:00,2024-05-16 02:26:00,28,45,False,,2024-05-16
TRADE_SETTLE_CHK,FAILED,2024-12-13 19:26:00,2024-12-13 19:41:00,15,35,False,RC=12,2024-12-13
RISK_CALC_JOB,LATE,2024-08-27 16:18:00,2024-08-27 17:20:00,62,40,True,,2024-08-27
POSITION_SYNC,SUCCESS,2024-04-27 09:40:00,2024-04-27 09:58:00,18,20,False,,2024-04-27
CASH_FLOW_EXTRACT,LATE,2024-07-27 10:54:00,2024-07-27 11:24:00,30,20,True,,2024-07-27
NAV_CALC_BATCH,SUCCESS,2024-05-02 02:10:00,2024-05-02 02:51:00,41,50,False,,2024-05-02
PORTF_RPT_DAILY,SUCCESS,2024-05-26 17:59:00,2024-05-26 18:19:00,20,30,False,,2024-05-26
PERF_ATTR_JOB,ABENDED,2024-08-05 21:32:00,2024-08-05 21:37:00,5,45,False,ABEND S222,2024-08-05
RISK_CALC_JOB,SUCCESS,2024-12-12 17:44:00,2024-12-12 17:56:00,12,40,False,,2024-12-12
POSITION_SYNC,SUCCESS,2024-04-07 23:00:00,2024-04-07 23:16:00,16,20,False,,2024-04-07
POSITION_SYNC,FAILED,2024-06-25 07:47:00,2024-06-25 07:56:00,9,20,False,JCL ERROR,2024-06-25
PORTF_RPT_DAILY,SUCCESS,2024-03-27 21:59:00,2024-03-27 22:28:00,29,30,False,,2024-03-27
DIVIDEND_PROC,RUNNING,2024-03-30 02:23:00,2024-03-30 02:32:00,9,30,False,,2024-03-30
DIVIDEND_PROC,SUCCESS,2024-01-27 13:31:00,2024-01-27 13:48:00,17,30,False,,2024-01-27
INVEST_RECON_JOB,SUCCESS,2024-02-27 10:58:00,2024-02-27 11:18:00,20,45,False,,2024-02-27
COMPLIANCE_RPT,SUCCESS,2024-03-01 09:19:00,2024-03-01 09:54:00,35,55,False,,2024-03-01
SLA_MONITOR_BATCH,SUCCESS,2024-01-02 23:40:00,2024-01-02 23:54:00,14,15,False,,2024-01-02
POSITION_SYNC,SUCCESS,2024-06-05 20:32:00,2024-06-05 20:50:00,18,20,False,,2024-06-05
EOD_CLOSE_PROC,SUCCESS,2024-08-25 19:54:00,2024-08-25 21:01:00,67,70,False,,2024-08-25
PORTF_RPT_DAILY,SUCCESS,2024-11-11 14:21:00,2024-11-11 14:35:00,14,30,False,,2024-11-11
TRANS_LOG_PARSER,SUCCESS,2024-06-28 23:11:00,2024-06-28 23:28:00,17,25,False,,2024-06-28
TRANS_LOG_PARSER,SUCCESS,2024-08-08 15:12:00,2024-08-08 15:19:00,7,25,False,,2024-08-08
DIVIDEND_PROC,SUCCESS,2024-03-19 13:07:00,2024-03-19 13:27:00,20,30,False,,2024-03-19
PORTF_RPT_DAILY,SUCCESS,2024-12-02 08:14:00,2024-12-02 08:34:00,20,30,False,,2024-12-02
POSITION_SYNC,SUCCESS,2024-07-05 13:57:00,2024-07-05 14:04:00,7,20,False,,2024-07-05
DIVIDEND_PROC,ABENDED,2024-02-25 14:42:00,2024-02-25 14:56:00,14,30,False,ABEND S222,2024-02-25
INVEST_RECON_JOB,SUCCESS,2024-08-10 00:22:00,2024-08-10 00:39:00,17,45,False,,2024-08-10
CASH_FLOW_EXTRACT,SUCCESS,2024-01-21 04:25:00,2024-01-21 04:36:00,11,20,False,,2024-01-21
TRADE_SETTLE_CHK,SUCCESS,2024-01-17 05:42:00,2024-01-17 05:53:00,11,35,False,,2024-01-17
RISK_CALC_JOB,LATE,2024-05-16 03:26:00,2024-05-16 04:42:00,76,40,True,,2024-05-16
DIVIDEND_PROC,SUCCESS,2024-12-15 22:08:00,2024-12-15 22:23:00,15,30,False,,2024-12-15
PERF_ATTR_JOB,FAILED,2024-07-23 16:46:00,2024-07-23 16:59:00,13,45,False,RC=12,2024-07-23
CASH_FLOW_EXTRACT,LATE,2024-01-11 04:09:00,2024-01-11 04:56:00,47,20,True,,2024-01-11
DIVIDEND_PROC,SUCCESS,2024-12-16 07:03:00,2024-12-16 07:29:00,26,30,False,,2024-12-16
COMPLIANCE_RPT,SUCCESS,2024-11-01 23:00:00,2024-11-01 23:32:00,32,55,False,,2024-11-01
RISK_CALC_JOB,SUCCESS,2024-09-05 02:48:00,2024-09-05 03:20:00,32,40,False,,2024-09-05
CLIENT_STMT_GEN,SUCCESS,2024-09-18 05:15:00,2024-09-18 05:37:00,22,60,False,,2024-09-18
PERF_ATTR_JOB,SUCCESS,2024-05-14 22:15:00,2024-05-14 22:47:00,32,45,False,,2024-05-14
CLIENT_STMT_GEN,SUCCESS,2024-02-22 22:46:00,2024-02-22 23:23:00,37,60,False,,2024-02-22
FX_RATE_LOAD,SUCCESS,2024-10-29 20:40:00,2024-10-29 20:46:00,6,10,False,,2024-10-29
CLIENT_STMT_GEN,SUCCESS,2024-07-24 01:17:00,2024-07-24 01:34:00,17,60,False,,2024-07-24
EOD_CLOSE_PROC,SUCCESS,2024-01-10 19:12:00,2024-01-10 19:28:00,16,70,False,,2024-01-10
COMPLIANCE_RPT,SUCCESS,2024-07-27 16:19:00,2024-07-27 17:08:00,49,55,False,,2024-07-27
NAV_CALC_BATCH,LATE,2024-04-23 10:27:00,2024-04-23 11:52:00,85,50,True,,2024-04-23
PORTF_RPT_DAILY,SUCCESS,2024-11-25 01:19:00,2024-11-25 01:27:00,8,30,False,,2024-11-25
SLA_MONITOR_BATCH,SUCCESS,2024-06-28 22:26:00,2024-06-28 22:34:00,8,15,False,,2024-06-28
TRANS_LOG_PARSER,RUNNING,2024-04-03 01:00:00,2024-04-03 01:06:00,6,25,False,,2024-04-03
NAV_CALC_BATCH,FAILED,2024-04-18 09:30:00,2024-04-18 09:39:00,9,50,False,JCL ERROR,2024-04-18
CASH_FLOW_EXTRACT,SUCCESS,2024-05-09 15:23:00,2024-05-09 15:33:00,10,20,False,,2024-05-09
SLA_MONITOR_BATCH,SUCCESS,2024-12-08 00:43:00,2024-12-08 00:56:00,13,15,False,,2024-12-08
PERF_ATTR_JOB,ABENDED,2024-06-18 11:47:00,2024-06-18 11:59:00,12,45,False,JCL ERROR,2024-06-18
DIVIDEND_PROC,SUCCESS,2024-05-01 20:17:00,2024-05-01 20:28:00,11,30,False,,2024-05-01
FX_RATE_LOAD,SUCCESS,2024-02-24 04:40:00,2024-02-24 04:49:00,9,10,False,,2024-02-24
CASH_FLOW_EXTRACT,SUCCESS,2024-12-01 06:12:00,2024-12-01 06:28:00,16,20,False,,2024-12-01
RISK_CALC_JOB,RUNNING,2024-02-08 17:39:00,2024-02-08 18:05:00,26,40,False,,2024-02-08
SLA_MONITOR_BATCH,FAILED,2024-04-13 17:46:00,2024-04-13 17:48:00,2,15,False,RC=8,2024-04-13
INVEST_RECON_JOB,SUCCESS,2024-10-08 22:16:00,2024-10-08 22:56:00,40,45,False,,2024-10-08
TRANS_LOG_PARSER,RUNNING,2024-08-17 20:45:00,2024-08-17 20:53:00,8,25,False,,2024-08-17
EOD_CLOSE_PROC,SUCCESS,2024-09-04 13:33:00,2024-09-04 14:42:00,69,70,False,,2024-09-04
PERF_ATTR_JOB,SUCCESS,2024-11-02 08:44:00,2024-11-02 08:57:00,13,45,False,,2024-11-02
SLA_MONITOR_BATCH,SUCCESS,2024-10-16 01:50:00,2024-10-16 01:58:00,8,15,False,,2024-10-16
TRADE_SETTLE_CHK,ABENDED,2024-09-10 21:34:00,2024-09-10 21:51:00,17,35,False,RC=8,2024-09-10
INVEST_RECON_JOB,SUCCESS,2024-09-17 12:35:00,2024-09-17 13:04:00,29,45,False,,2024-09-17
POSITION_SYNC,SUCCESS,2024-04-15 05:00:00,2024-04-15 05:07:00,7,20,False,,2024-04-15
FX_RATE_LOAD,SUCCESS,2024-12-22 00:56:00,2024-12-22 01:05:00,9,10,False,,2024-12-22
RISK_CALC_JOB,SUCCESS,2024-09-25 08:19:00,2024-09-25 08:38:00,19,40,False,,2024-09-25
SLA_MONITOR_BATCH,FAILED,2024-10-09 03:10:00,2024-10-09 03:12:00,2,15,False,RC=8,2024-10-09
DIVIDEND_PROC,SUCCESS,2024-01-21 20:09:00,2024-01-21 20:22:00,13,30,False,,2024-01-21
EOD_CLOSE_PROC,SUCCESS,2024-01-27 20:15:00,2024-01-27 20:46:00,31,70,False,,2024-01-27
DIVIDEND_PROC,SUCCESS,2024-11-28 11:40:00,2024-11-28 12:04:00,24,30,False,,2024-11-28
TRANS_LOG_PARSER,SUCCESS,2024-12-27 17:16:00,2024-12-27 17:25:00,9,25,False,,2024-12-27
POSITION_SYNC,RUNNING,2024-05-30 10:03:00,2024-05-30 10:18:00,15,20,False,,2024-05-30
COMPLIANCE_RPT,SUCCESS,2024-07-01 07:46:00,2024-07-01 08:08:00,22,55,False,,2024-07-01
INVEST_RECON_JOB,SUCCESS,2024-01-09 17:42:00,2024-01-09 18:24:00,42,45,False,,2024-01-09
CASH_FLOW_EXTRACT,FAILED,2024-12-18 12:41:00,2024-12-18 12:46:00,5,20,False,JCL ERROR,2024-12-18
DIVIDEND_PROC,SUCCESS,2024-08-14 07:20:00,2024-08-14 07:33:00,13,30,False,,2024-08-14
CLIENT_STMT_GEN,SUCCESS,2024-07-21 04:28:00,2024-07-21 04:47:00,19,60,False,,2024-07-21
TRADE_SETTLE_CHK,FAILED,2024-07-07 04:57:00,2024-07-07 05:13:00,16,35,False,RC=8,2024-07-07
RISK_CALC_JOB,SUCCESS,2024-04-04 05:12:00,2024-04-04 05:48:00,36,40,False,,2024-04-04
TRADE_SETTLE_CHK,SUCCESS,2024-05-24 00:19:00,2024-05-24 00:29:00,10,35,False,,2024-05-24
EOD_CLOSE_PROC,SUCCESS,2024-07-20 21:38:00,2024-07-20 22:07:00,29,70,False,,2024-07-20
CASH_FLOW_EXTRACT,SUCCESS,2024-08-06 07:29:00,2024-08-06 07:48:00,19,20,False,,2024-08-06
NAV_CALC_BATCH,LATE,2024-02-21 23:33:00,2024-02-22 00:36:00,63,50,True,,2024-02-21
TRADE_SETTLE_CHK,FAILED,2024-01-07 19:06:00,2024-01-07 19:19:00,13,35,False,ABEND S222,2024-01-07
PORTF_RPT_DAILY,SUCCESS,2024-01-07 20:59:00,2024-01-07 21:05:00,6,30,False,,2024-01-07
INVEST_RECON_JOB,SUCCESS,2024-02-12 08:09:00,2024-02-12 08:52:00,43,45,False,,2024-02-12
PORTF_RPT_DAILY,FAILED,2024-01-05 03:34:00,2024-01-05 03:46:00,12,30,False,ABEND S0C7,2024-01-05
COMPLIANCE_RPT,FAILED,2024-04-13 04:30:00,2024-04-13 04:55:00,25,55,False,JCL ERROR,2024-04-13
EOD_CLOSE_PROC,SUCCESS,2024-03-24 09:21:00,2024-03-24 10:27:00,66,70,False,,2024-03-24
INVEST_RECON_JOB,SUCCESS,2024-10-05 22:17:00,2024-10-05 22:56:00,39,45,False,,2024-10-05
CASH_FLOW_EXTRACT,SUCCESS,2024-01-23 03:34:00,2024-01-23 03:43:00,9,20,False,,2024-01-23
CASH_FLOW_EXTRACT,SUCCESS,2024-07-31 04:00:00,2024-07-31 04:19:00,19,20,False,,2024-07-31
CLIENT_STMT_GEN,SUCCESS,2024-08-06 12:09:00,2024-08-06 12:36:00,27,60,False,,2024-08-06
NAV_CALC_BATCH,SUCCESS,2024-12-16 12:43:00,2024-12-16 12:55:00,12,50,False,,2024-12-16
RISK_CALC_JOB,SUCCESS,2024-02-26 07:06:00,2024-02-26 07:29:00,23,40,False,,2024-02-26
TRANS_LOG_PARSER,SUCCESS,2024-06-19 03:23:00,2024-06-19 03:30:00,7,25,False,,2024-06-19
EOD_CLOSE_PROC,SUCCESS,2024-03-18 05:27:00,2024-03-18 06:14:00,47,70,False,,2024-03-18
FX_RATE_LOAD,SUCCESS,2024-08-05 04:57:00,2024-08-05 05:04:00,7,10,False,,2024-08-05
FX_RATE_LOAD,ABENDED,2024-06-27 03:17:00,2024-06-27 03:21:00,4,10,False,ABEND S0C7,2024-06-27
EOD_CLOSE_PROC,SUCCESS,2024-12-30 02:50:00,2024-12-30 02:55:00,5,70,False,,2024-12-30
COMPLIANCE_RPT,LATE,2024-03-17 20:09:00,2024-03-17 21:29:00,80,55,True,,2024-03-17
INVEST_RECON_JOB,SUCCESS,2024-09-01 02:07:00,2024-09-01 02:48:00,41,45,False,,2024-09-01
POSITION_SYNC,LATE,2024-05-22 04:05:00,2024-05-22 04:50:00,45,20,True,,2024-05-22
INVEST_RECON_JOB,SUCCESS,2024-07-16 11:20:00,2024-07-16 11:56:00,36,45,False,,2024-07-16
POSITION_SYNC,SUCCESS,2024-07-30 19:50:00,2024-07-30 20:05:00,15,20,False,,2024-07-30
TRANS_LOG_PARSER,SUCCESS,2024-11-30 07:24:00,2024-11-30 07:42:00,18,25,False,,2024-11-30
DIVIDEND_PROC,SUCCESS,2024-09-30 15:34:00,2024-09-30 15:56:00,22,30,False,,2024-09-30
COMPLIANCE_RPT,SUCCESS,2024-02-12 18:45:00,2024-02-12 19:16:00,31,55,False,,2024-02-12
DIVIDEND_PROC,SUCCESS,2024-12-21 23:14:00,2024-12-21 23:41:00,27,30,False,,2024-12-21
CASH_FLOW_EXTRACT,SUCCESS,2024-01-02 06:54:00,2024-01-02 06:59:00,5,20,False,,2024-01-02
TRANS_LOG_PARSER,SUCCESS,2024-03-09 03:03:00,2024-03-09 03:19:00,16,25,False,,2024-03-09
TRANS_LOG_PARSER,ABENDED,2024-03-12 09:29:00,2024-03-12 09:32:00,3,25,False,JCL ERROR,2024-03-12
EOD_CLOSE_PROC,RUNNING,2024-05-04 06:52:00,2024-05-04 07:25:00,33,70,False,,2024-05-04
PORTF_RPT_DAILY,FAILED,2024-03-01 22:45:00,2024-03-01 22:48:00,3,30,False,ABEND S222,2024-03-01
TRADE_SETTLE_CHK,SUCCESS,2024-08-05 11:03:00,2024-08-05 11:30:00,27,35,False,,2024-08-05
CASH_FLOW_EXTRACT,FAILED,2024-02-07 15:53:00,2024-02-07 16:03:00,10,20,False,RC=12,2024-02-07
PORTF_RPT_DAILY,SUCCESS,2024-03-13 02:15:00,2024-03-13 02:22:00,7,30,False,,2024-03-13
PORTF_RPT_DAILY,SUCCESS,2024-08-01 04:48:00,2024-08-01 04:58:00,10,30,False,,2024-08-01
RISK_CALC_JOB,FAILED,2024-09-27 22:19:00,2024-09-27 22:35:00,16,40,False,ABEND S222,2024-09-27
TRADE_SETTLE_CHK,SUCCESS,2024-11-26 22:00:00,2024-11-26 22:14:00,14,35,False,,2024-11-26
CASH_FLOW_EXTRACT,SUCCESS,2024-11-24 01:38:00,2024-11-24 01:55:00,17,20,False,,2024-11-24
INVEST_RECON_JOB,SUCCESS,2024-01-06 12:53:00,2024-01-06 13:25:00,32,45,False,,2024-01-06
NAV_CALC_BATCH,LATE,2024-08-20 17:45:00,2024-08-20 19:33:00,108,50,True,,2024-08-20
SLA_MONITOR_BATCH,RUNNING,2024-09-13 09:45:00,2024-09-13 09:53:00,8,15,False,,2024-09-13
POSITION_SYNC,LATE,2024-05-19 02:33:00,2024-05-19 03:22:00,49,20,True,,2024-05-19
INVEST_RECON_JOB,FAILED,2024-07-24 19:03:00,2024-07-24 19:11:00,8,45,False,ABEND S222,2024-07-24
INVEST_RECON_JOB,ABENDED,2024-10-13 19:53:00,2024-10-13 19:56:00,3,45,False,ABEND S222,2024-10-13
RISK_CALC_JOB,SUCCESS,2024-11-24 12:52:00,2024-11-24 13:21:00,29,40,False,,2024-11-24
INVEST_RECON_JOB,SUCCESS,2024-07-09 20:27:00,2024-07-09 20:44:00,17,45,False,,2024-07-09
SLA_MONITOR_BATCH,SUCCESS,2024-02-09 11:38:00,2024-02-09 11:48:00,10,15,False,,2024-02-09
PORTF_RPT_DAILY,SUCCESS,2024-03-24 17:06:00,2024-03-24 17:13:00,7,30,False,,2024-03-24
CLIENT_STMT_GEN,SUCCESS,2024-06-07 06:35:00,2024-06-07 06:52:00,17,60,False,,2024-06-07
NAV_CALC_BATCH,RUNNING,2024-05-03 08:05:00,2024-05-03 08:46:00,41,50,False,,2024-05-03
FX_RATE_LOAD,SUCCESS,2024-09-04 01:03:00,2024-09-04 01:10:00,7,10,False,,2024-09-04
CASH_FLOW_EXTRACT,LATE,2024-01-05 11:48:00,2024-01-05 12:31:00,43,20,True,,2024-01-05
POSITION_SYNC,SUCCESS,2024-06-10 12:46:00,2024-06-10 12:56:00,10,20,False,,2024-06-10
INVEST_RECON_JOB,FAILED,2024-02-19 10:26:00,2024-02-19 10:43:00,17,45,False,RC=8,2024-02-19
DIVIDEND_PROC,ABENDED,2024-03-17 00:37:00,2024-03-17 00:50:00,13,30,False,ABEND S222,2024-03-17
RISK_CALC_JOB,SUCCESS,2024-01-20 09:10:00,2024-01-20 09:24:00,14,40,False,,2024-01-20
NAV_CALC_BATCH,SUCCESS,2024-11-16 02:45:00,2024-11-16 03:04:00,19,50,False,,2024-11-16
EOD_CLOSE_PROC,SUCCESS,2024-12-14 20:09:00,2024-12-14 20:34:00,25,70,False,,2024-12-14
DIVIDEND_PROC,SUCCESS,2024-11-07 20:33:00,2024-11-07 21:02:00,29,30,False,,2024-11-07
TRANS_LOG_PARSER,SUCCESS,2024-03-08 10:18:00,2024-03-08 10:34:00,16,25,False,,2024-03-08
FX_RATE_LOAD,ABENDED,2024-08-08 01:57:00,2024-08-08 02:01:00,4,10,False,RC=12,2024-08-08
CLIENT_STMT_GEN,LATE,2024-11-06 02:09:00,2024-11-06 03:50:00,101,60,True,,2024-11-06
NAV_CALC_BATCH,LATE,2024-02-19 00:09:00,2024-02-19 01:53:00,104,50,True,,2024-02-19
COMPLIANCE_RPT,SUCCESS,2024-02-14 15:06:00,2024-02-14 15:40:00,34,55,False,,2024-02-14
TRANS_LOG_PARSER,SUCCESS,2024-05-31 05:04:00,2024-05-31 05:17:00,13,25,False,,2024-05-31
FX_RATE_LOAD,SUCCESS,2024-02-15 02:11:00,2024-02-15 02:19:00,8,10,False,,2024-02-15
SLA_MONITOR_BATCH,LATE,2024-05-11 14:41:00,2024-05-11 15:09:00,28,15,True,,2024-05-11
CASH_FLOW_EXTRACT,LATE,2024-09-06 01:23:00,2024-09-06 02:42:00,79,20,True,,2024-09-06
SLA_MONITOR_BATCH,SUCCESS,2024-11-13 21:08:00,2024-11-13 21:20:00,12,15,False,,2024-11-13
TRANS_LOG_PARSER,SUCCESS,2024-11-15 10:23:00,2024-11-15 10:30:00,7,25,False,,2024-11-15
NAV_CALC_BATCH,SUCCESS,2024-08-18 08:56:00,2024-08-18 09:44:00,48,50,False,,2024-08-18
PORTF_RPT_DAILY,SUCCESS,2024-11-25 01:47:00,2024-11-25 01:59:00,12,30,False,,2024-11-25
TRADE_SETTLE_CHK,ABENDED,2024-01-05 04:54:00,2024-01-05 04:58:00,4,35,False,ABEND S0C7,2024-01-05
POSITION_SYNC,SUCCESS,2024-07-23 02:14:00,2024-07-23 02:25:00,11,20,False,,2024-07-23
COMPLIANCE_RPT,SUCCESS,2024-02-17 11:29:00,2024-02-17 12:03:00,34,55,False,,2024-02-17
NAV_CALC_BATCH,SUCCESS,2024-08-26 03:05:00,2024-08-26 03:21:00,16,50,False,,2024-08-26
TRADE_SETTLE_CHK,SUCCESS,2024-07-22 13:12:00,2024-07-22 13:29:00,17,35,False,,2024-07-22
TRANS_LOG_PARSER,SUCCESS,2024-06-24 19:31:00,2024-06-24 19:42:00,11,25,False,,2024-06-24
TRADE_SETTLE_CHK,FAILED,2024-02-28 08:29:00,2024-02-28 08:31:00,2,35,False,JCL ERROR,2024-02-28
INVEST_RECON_JOB,LATE,2024-03-15 20:13:00,2024-03-15 21:23:00,70,45,True,,2024-03-15
FX_RATE_LOAD,SUCCESS,2024-11-03 12:03:00,2024-11-03 12:10:00,7,10,False,,2024-11-03
PERF_ATTR_JOB,SUCCESS,2024-08-30 06:03:00,2024-08-30 06:21:00,18,45,False,,2024-08-30
COMPLIANCE_RPT,SUCCESS,2024-12-16 13:17:00,2024-12-16 13:38:00,21,55,False,,2024-12-16
NAV_CALC_BATCH,SUCCESS,2024-03-13 02:17:00,2024-03-13 02:47:00,30,50,False,,2024-03-13
CASH_FLOW_EXTRACT,SUCCESS,2024-12-30 14:55:00,2024-12-30 15:06:00,11,20,False,,2024-12-30
DIVIDEND_PROC,SUCCESS,2024-05-12 05:53:00,2024-05-12 05:59:00,6,30,False,,2024-05-12
CASH_FLOW_EXTRACT,RUNNING,2024-08-07 10:48:00,2024-08-07 10:57:00,9,20,False,,2024-08-07
INVEST_RECON_JOB,SUCCESS,2024-08-02 15:30:00,2024-08-02 16:09:00,39,45,False,,2024-08-02
TRADE_SETTLE_CHK,FAILED,2024-12-22 13:22:00,2024-12-22 13:35:00,13,35,False,RC=8,2024-12-22
DIVIDEND_PROC,FAILED,2024-11-01 06:04:00,2024-11-01 06:16:00,12,30,False,JCL ERROR,2024-11-01
FX_RATE_LOAD,SUCCESS,2024-12-06 23:47:00,2024-12-06 23:54:00,7,10,False,,2024-12-06
PORTF_RPT_DAILY,SUCCESS,2024-08-22 04:31:00,2024-08-22 04:46:00,15,30,False,,2024-08-22
CASH_FLOW_EXTRACT,FAILED,2024-12-11 13:16:00,2024-12-11 13:25:00,9,20,False,RC=8,2024-12-11
RISK_CALC_JOB,LATE,2024-03-05 20:28:00,2024-03-05 21:53:00,85,40,True,,2024-03-05
FX_RATE_LOAD,SUCCESS,2024-04-21 23:12:00,2024-04-21 23:20:00,8,10,False,,2024-04-21
TRADE_SETTLE_CHK,SUCCESS,2024-03-26 19:24:00,2024-03-26 19:35:00,11,35,False,,2024-03-26
TRANS_LOG_PARSER,SUCCESS,2024-04-07 21:36:00,2024-04-07 21:41:00,5,25,False,,2024-04-07
TRANS_LOG_PARSER,ABENDED,2024-01-09 09:57:00,2024-01-09 10:02:00,5,25,False,JCL ERROR,2024-01-09
COMPLIANCE_RPT,ABENDED,2024-12-24 15:41:00,2024-12-24 15:56:00,15,55,False,ABEND S222,2024-12-24
POSITION_SYNC,SUCCESS,2024-10-04 13:33:00,2024-10-04 13:50:00,17,20,False,,2024-10-04
TRANS_LOG_PARSER,SUCCESS,2024-03-31 14:27:00,2024-03-31 14:43:00,16,25,False,,2024-03-31
INVEST_RECON_JOB,SUCCESS,2024-03-24 17:27:00,2024-03-24 17:56:00,29,45,False,,2024-03-24
SLA_MONITOR_BATCH,ABENDED,2024-12-18 21:27:00,2024-12-18 21:33:00,6,15,False,ABEND S0C7,2024-12-18
TRADE_SETTLE_CHK,SUCCESS,2024-02-20 02:51:00,2024-02-20 03:22:00,31,35,False,,2024-02-20
CASH_FLOW_EXTRACT,SUCCESS,2024-01-09 19:59:00,2024-01-09 20:10:00,11,20,False,,2024-01-09
CASH_FLOW_EXTRACT,SUCCESS,2024-11-15 17:06:00,2024-11-15 17:21:00,15,20,False,,2024-11-15
RISK_CALC_JOB,SUCCESS,2024-01-17 21:18:00,2024-01-17 21:49:00,31,40,False,,2024-01-17
CLIENT_STMT_GEN,SUCCESS,2024-08-20 17:24:00,2024-08-20 17:36:00,12,60,False,,2024-08-20
CLIENT_STMT_GEN,ABENDED,2024-03-04 11:50:00,2024-03-04 12:20:00,30,60,False,ABEND S222,2024-03-04
POSITION_SYNC,RUNNING,2024-11-26 22:50:00,2024-11-26 23:06:00,16,20,False,,2024-11-26
POSITION_SYNC,SUCCESS,2024-07-10 07:32:00,2024-07-10 07:41:00,9,20,False,,2024-07-10
SLA_MONITOR_BATCH,ABENDED,2024-05-15 09:53:00,2024-05-15 10:00:00,7,15,False,ABEND S222,2024-05-15
NAV_CALC_BATCH,SUCCESS,2024-07-31 01:00:00,2024-07-31 01:06:00,6,50,False,,2024-07-31
INVEST_RECON_JOB,FAILED,2024-09-22 23:38:00,2024-09-22 23:49:00,11,45,False,ABEND S0C7,2024-09-22
INVEST_RECON_JOB,LATE,2024-08-08 07:35:00,2024-08-08 08:50:00,75,45,True,,2024-08-08
CLIENT_STMT_GEN,SUCCESS,2024-07-20 01:51:00,2024-07-20 02:32:00,41,60,False,,2024-07-20
POSITION_SYNC,SUCCESS,2024-11-21 12:46:00,2024-11-21 12:53:00,7,20,False,,2024-11-21
POSITION_SYNC,RUNNING,2024-09-21 05:27:00,2024-09-21 05:35:00,8,20,False,,2024-09-21
CASH_FLOW_EXTRACT,FAILED,2024-03-05 16:07:00,2024-03-05 16:17:00,10,20,False,ABEND S222,2024-03-05
COMPLIANCE_RPT,FAILED,2024-05-13 17:10:00,2024-05-13 17:21:00,11,55,False,RC=12,2024-05-13
CASH_FLOW_EXTRACT,SUCCESS,2024-08-11 00:40:00,2024-08-11 00:57:00,17,20,False,,2024-08-11
FX_RATE_LOAD,SUCCESS,2024-11-12 22:34:00,2024-11-12 22:39:00,5,10,False,,2024-11-12
FX_RATE_LOAD,SUCCESS,2024-03-07 14:40:00,2024-03-07 14:47:00,7,10,False,,2024-03-07
INVEST_RECON_JOB,SUCCESS,2024-04-23 09:12:00,2024-04-23 09:51:00,39,45,False,,2024-04-23
COMPLIANCE_RPT,SUCCESS,2024-07-12 08:42:00,2024-07-12 08:50:00,8,55,False,,2024-07-12
SLA_MONITOR_BATCH,SUCCESS,2024-03-14 20:01:00,2024-03-14 20:15:00,14,15,False,,2024-03-14
COMPLIANCE_RPT,SUCCESS,2024-08-23 19:07:00,2024-08-23 19:18:00,11,55,False,,2024-08-23
INVEST_RECON_JOB,SUCCESS,2024-04-02 02:04:00,2024-04-02 02:40:00,36,45,False,,2024-04-02
COMPLIANCE_RPT,SUCCESS,2024-04-16 12:06:00,2024-04-16 12:42:00,36,55,False,,2024-04-16
PERF_ATTR_JOB,SUCCESS,2024-02-07 15:40:00,2024-02-07 15:49:00,9,45,False,,2024-02-07
CLIENT_STMT_GEN,FAILED,2024-07-11 10:40:00,2024-07-11 11:10:00,30,60,False,ABEND S222,2024-07-11
PERF_ATTR_JOB,SUCCESS,2024-06-01 00:57:00,2024-06-01 01:13:00,16,45,False,,2024-06-01
NAV_CALC_BATCH,SUCCESS,2024-11-06 01:07:00,2024-11-06 01:33:00,26,50,False,,2024-11-06
TRANS_LOG_PARSER,SUCCESS,2024-11-10 19:34:00,2024-11-10 19:39:00,5,25,False,,2024-11-10
INVEST_RECON_JOB,SUCCESS,2024-05-10 03:12:00,2024-05-10 03:55:00,43,45,False,,2024-05-10
PORTF_RPT_DAILY,SUCCESS,2024-09-22 16:48:00,2024-09-22 16:57:00,9,30,False,,2024-09-22
CLIENT_STMT_GEN,ABENDED,2024-02-28 06:01:00,2024-02-28 06:12:00,11,60,False,RC=12,2024-02-28
CLIENT_STMT_GEN,SUCCESS,2024-12-20 04:17:00,2024-12-20 04:39:00,22,60,False,,2024-12-20
RISK_CALC_JOB,SUCCESS,2024-02-17 11:45:00,2024-02-17 12:08:00,23,40,False,,2024-02-17
RISK_CALC_JOB,FAILED,2024-09-10 13:32:00,2024-09-10 13:45:00,13,40,False,RC=12,2024-09-10
SLA_MONITOR_BATCH,SUCCESS,2024-12-17 22:17:00,2024-12-17 22:28:00,11,15,False,,2024-12-17
CASH_FLOW_EXTRACT,SUCCESS,2024-10-27 09:10:00,2024-10-27 09:27:00,17,20,False,,2024-10-27
CLIENT_STMT_GEN,LATE,2024-09-06 13:56:00,2024-09-06 15:29:00,93,60,True,,2024-09-06
POSITION_SYNC,SUCCESS,2024-05-19 10:39:00,2024-05-19 10:45:00,6,20,False,,2024-05-19
FX_RATE_LOAD,SUCCESS,2024-04-12 18:22:00,2024-04-12 18:29:00,7,10,False,,2024-04-12
EOD_CLOSE_PROC,SUCCESS,2024-02-02 14:10:00,2024-02-02 14:19:00,9,70,False,,2024-02-02
DIVIDEND_PROC,SUCCESS,2024-07-28 09:38:00,2024-07-28 10:03:00,25,30,False,,2024-07-28
DIVIDEND_PROC,SUCCESS,2024-01-16 03:11:00,2024-01-16 03:26:00,15,30,False,,2024-01-16
POSITION_SYNC,FAILED,2024-07-02 07:04:00,2024-07-02 07:08:00,4,20,False,ABEND S0C7,2024-07-02
TRANS_LOG_PARSER,SUCCESS,2024-06-09 03:00:00,2024-06-09 03:15:00,15,25,False,,2024-06-09
TRADE_SETTLE_CHK,SUCCESS,2024-06-17 06:29:00,2024-06-17 06:52:00,23,35,False,,2024-06-17
PERF_ATTR_JOB,SUCCESS,2024-04-29 17:04:00,2024-04-29 17:33:00,29,45,False,,2024-04-29
SLA_MONITOR_BATCH,SUCCESS,2024-09-26 06:06:00,2024-09-26 06:19:00,13,15,False,,2024-09-26
SLA_MONITOR_BATCH,FAILED,2024-12-09 02:36:00,2024-12-09 02:42:00,6,15,False,ABEND S222,2024-12-09
NAV_CALC_BATCH,FAILED,2024-06-11 10:12:00,2024-06-11 10:19:00,7,50,False,RC=8,2024-06-11
PERF_ATTR_JOB,SUCCESS,2024-01-24 08:26:00,2024-01-24 08:38:00,12,45,False,,2024-01-24
CASH_FLOW_EXTRACT,SUCCESS,2024-11-03 10:37:00,2024-11-03 10:48:00,11,20,False,,2024-11-03
CLIENT_STMT_GEN,SUCCESS,2024-05-25 00:41:00,2024-05-25 01:36:00,55,60,False,,2024-05-25
COMPLIANCE_RPT,SUCCESS,2024-01-03 14:18:00,2024-01-03 14:31:00,13,55,False,,2024-01-03
COMPLIANCE_RPT,LATE,2024-01-19 17:58:00,2024-01-19 19:31:00,93,55,True,,2024-01-19
PORTF_RPT_DAILY,SUCCESS,2024-01-09 02:30:00,2024-01-09 02:38:00,8,30,False,,2024-01-09
COMPLIANCE_RPT,ABENDED,2024-06-03 08:20:00,2024-06-03 08:45:00,25,55,False,ABEND S0C7,2024-06-03
POSITION_SYNC,SUCCESS,2024-06-09 15:39:00,2024-06-09 15:44:00,5,20,False,,2024-06-09
POSITION_SYNC,SUCCESS,2024-08-20 15:54:00,2024-08-20 16:09:00,15,20,False,,2024-08-20
EOD_CLOSE_PROC,SUCCESS,2024-07-10 19:06:00,2024-07-10 19:14:00,8,70,False,,2024-07-10
CLIENT_STMT_GEN,SUCCESS,2024-01-06 04:06:00,2024-01-06 04:31:00,25,60,False,,2024-01-06
COMPLIANCE_RPT,FAILED,2024-08-11 07:10:00,2024-08-11 07:13:00,3,55,False,RC=12,2024-08-11
TRADE_SETTLE_CHK,RUNNING,2024-07-07 17:00:00,2024-07-07 17:34:00,34,35,False,,2024-07-07
TRADE_SETTLE_CHK,ABENDED,2024-05-12 01:07:00,2024-05-12 01:09:00,2,35,False,ABEND S0C7,2024-05-12
CASH_FLOW_EXTRACT,SUCCESS,2024-12-18 19:50:00,2024-12-18 20:07:00,17,20,False,,2024-12-18
POSITION_SYNC,SUCCESS,2024-03-28 04:37:00,2024-03-28 04:49:00,12,20,False,,2024-03-28
CASH_FLOW_EXTRACT,SUCCESS,2024-03-16 18:56:00,2024-03-16 19:14:00,18,20,False,,2024-03-16
EOD_CLOSE_PROC,SUCCESS,2024-08-16 21:07:00,2024-08-16 21:42:00,35,70,False,,2024-08-16
FX_RATE_LOAD,SUCCESS,2024-09-07 08:20:00,2024-09-07 08:28:00,8,10,False,,2024-09-07
CLIENT_STMT_GEN,SUCCESS,2024-05-31 22:05:00,2024-05-31 22:32:00,27,60,False,,2024-05-31
DIVIDEND_PROC,ABENDED,2024-05-04 21:41:00,2024-05-04 21:53:00,12,30,False,RC=12,2024-05-04
TRADE_SETTLE_CHK,SUCCESS,2024-09-10 01:13:00,2024-09-10 01:18:00,5,35,False,,2024-09-10
NAV_CALC_BATCH,SUCCESS,2024-07-16 06:31:00,2024-07-16 06:42:00,11,50,False,,2024-07-16
TRANS_LOG_PARSER,SUCCESS,2024-10-29 16:32:00,2024-10-29 16:47:00,15,25,False,,2024-10-29
PERF_ATTR_JOB,LATE,2024-12-28 14:41:00,2024-12-28 15:40:00,59,45,True,,2024-12-28
COMPLIANCE_RPT,SUCCESS,2024-03-07 07:58:00,2024-03-07 08:26:00,28,55,False,,2024-03-07
POSITION_SYNC,LATE,2024-11-13 16:12:00,2024-11-13 17:26:00,74,20,True,,2024-11-13
POSITION_SYNC,SUCCESS,2024-05-22 13:10:00,2024-05-22 13:25:00,15,20,False,,2024-05-22
SLA_MONITOR_BATCH,LATE,2024-10-22 20:06:00,2024-10-22 20:35:00,29,15,True,,2024-10-22
RISK_CALC_JOB,ABENDED,2024-02-26 07:01:00,2024-02-26 07:16:00,15,40,False,RC=12,2024-02-26
SLA_MONITOR_BATCH,SUCCESS,2024-12-04 16:28:00,2024-12-04 16:38:00,10,15,False,,2024-12-04
SLA_MONITOR_BATCH,SUCCESS,2024-10-08 02:22:00,2024-10-08 02:33:00,11,15,False,,2024-10-08
CLIENT_STMT_GEN,SUCCESS,2024-09-14 13:32:00,2024-09-14 13:58:00,26,60,False,,2024-09-14
PORTF_RPT_DAILY,SUCCESS,2024-07-08 03:03:00,2024-07-08 03:28:00,25,30,False,,2024-07-08
POSITION_SYNC,FAILED,2024-08-04 06:18:00,2024-08-04 06:22:00,4,20,False,ABEND S222,2024-08-04
INVEST_RECON_JOB,SUCCESS,2024-09-28 19:31:00,2024-09-28 20:09:00,38,45,False,,2024-09-28
POSITION_SYNC,SUCCESS,2024-01-26 20:15:00,2024-01-26 20:21:00,6,20,False,,2024-01-26
CLIENT_STMT_GEN,SUCCESS,2024-01-19 18:17:00,2024-01-19 18:37:00,20,60,False,,2024-01-19
CASH_FLOW_EXTRACT,SUCCESS,2024-05-21 07:56:00,2024-05-21 08:10:00,14,20,False,,2024-05-21
TRADE_SETTLE_CHK,FAILED,2024-07-19 12:06:00,2024-07-19 12:14:00,8,35,False,ABEND S0C7,2024-07-19
RISK_CALC_JOB,SUCCESS,2024-04-14 11:40:00,2024-04-14 12:03:00,23,40,False,,2024-04-14
TRADE_SETTLE_CHK,SUCCESS,2024-01-02 03:11:00,2024-01-02 03:32:00,21,35,False,,2024-01-02
EOD_CLOSE_PROC,FAILED,2024-09-01 23:19:00,2024-09-01 23:35:00,16,70,False,RC=12,2024-09-01
TRANS_LOG_PARSER,FAILED,2024-03-26 05:21:00,2024-03-26 05:29:00,8,25,False,RC=12,2024-03-26
PORTF_RPT_DAILY,FAILED,2024-08-07 10:01:00,2024-08-07 10:04:00,3,30,False,ABEND S0C7,2024-08-07
EOD_CLOSE_PROC,SUCCESS,2024-12-13 00:38:00,2024-12-13 01:28:00,50,70,False,,2024-12-13
RISK_CALC_JOB,SUCCESS,2024-09-07 07:30:00,2024-09-07 07:42:00,12,40,False,,2024-09-07
PORTF_RPT_DAILY,ABENDED,2024-10-17 21:18:00,2024-10-17 21:32:00,14,30,False,RC=12,2024-10-17
DIVIDEND_PROC,SUCCESS,2024-03-16 03:06:00,2024-03-16 03:20:00,14,30,False,,2024-03-16
PERF_ATTR_JOB,FAILED,2024-08-19 15:47:00,2024-08-19 15:59:00,12,45,False,JCL ERROR,2024-08-19
SLA_MONITOR_BATCH,FAILED,2024-05-09 11:29:00,2024-05-09 11:30:00,1,15,False,ABEND S0C7,2024-05-09
SLA_MONITOR_BATCH,FAILED,2024-09-22 21:54:00,2024-09-22 22:01:00,7,15,False,JCL ERROR,2024-09-22
RISK_CALC_JOB,SUCCESS,2024-12-17 16:46:00,2024-12-17 16:52:00,6,40,False,,2024-12-17
INVEST_RECON_JOB,LATE,2024-04-22 21:09:00,2024-04-22 22:21:00,72,45,True,,2024-04-22
RISK_CALC_JOB,SUCCESS,2024-10-22 23:44:00,2024-10-23 00:16:00,32,40,False,,2024-10-22
TRANS_LOG_PARSER,SUCCESS,2024-02-15 06:58:00,2024-02-15 07:15:00,17,25,False,,2024-02-15
NAV_CALC_BATCH,SUCCESS,2024-05-20 20:43:00,2024-05-20 21:22:00,39,50,False,,2024-05-20
EOD_CLOSE_PROC,RUNNING,2024-09-26 05:16:00,2024-09-26 06:05:00,49,70,False,,2024-09-26
EOD_CLOSE_PROC,SUCCESS,2024-10-28 13:17:00,2024-10-28 14:01:00,44,70,False,,2024-10-28
CLIENT_STMT_GEN,SUCCESS,2024-09-23 22:21:00,2024-09-23 23:19:00,58,60,False,,2024-09-23
FX_RATE_LOAD,SUCCESS,2024-08-20 18:50:00,2024-08-20 18:57:00,7,10,False,,2024-08-20
SLA_MONITOR_BATCH,SUCCESS,2024-01-05 15:59:00,2024-01-05 16:06:00,7,15,False,,2024-01-05
RISK_CALC_JOB,FAILED,2024-09-24 09:39:00,2024-09-24 09:57:00,18,40,False,RC=12,2024-09-24
SLA_MONITOR_BATCH,SUCCESS,2024-02-03 09:00:00,2024-02-03 09:12:00,12,15,False,,2024-02-03
PORTF_RPT_DAILY,SUCCESS,2024-10-30 03:03:00,2024-10-30 03:23:00,20,30,False,,2024-10-30
SLA_MONITOR_BATCH,SUCCESS,2024-06-29 21:53:00,2024-06-29 21:58:00,5,15,False,,2024-06-29
PORTF_RPT_DAILY,SUCCESS,2024-06-28 09:50:00,2024-06-28 10:11:00,21,30,False,,2024-06-28
NAV_CALC_BATCH,LATE,2024-10-14 04:05:00,2024-10-14 05:45:00,100,50,True,,2024-10-14
SLA_MONITOR_BATCH,SUCCESS,2024-04-10 13:37:00,2024-04-10 13:43:00,6,15,False,,2024-04-10
SLA_MONITOR_BATCH,SUCCESS,2024-08-30 11:15:00,2024-08-30 11:26:00,11,15,False,,2024-08-30
POSITION_SYNC,SUCCESS,2024-02-20 08:58:00,2024-02-20 09:07:00,9,20,False,,2024-02-20
FX_RATE_LOAD,SUCCESS,2024-10-15 13:43:00,2024-10-15 13:50:00,7,10,False,,2024-10-15
PERF_ATTR_JOB,SUCCESS,2024-12-15 06:16:00,2024-12-15 06:29:00,13,45,False,,2024-12-15
POSITION_SYNC,SUCCESS,2024-06-03 09:05:00,2024-06-03 09:14:00,9,20,False,,2024-06-03
FX_RATE_LOAD,RUNNING,2024-08-24 17:11:00,2024-08-24 17:19:00,8,10,False,,2024-08-24
PERF_ATTR_JOB,ABENDED,2024-08-11 03:08:00,2024-08-11 03:25:00,17,45,False,ABEND S222,2024-08-11
TRADE_SETTLE_CHK,SUCCESS,2024-12-16 22:22:00,2024-12-16 22:41:00,19,35,False,,2024-12-16
TRANS_LOG_PARSER,SUCCESS,2024-08-03 13:29:00,2024-08-03 13:34:00,5,25,False,,2024-08-03
EOD_CLOSE_PROC,SUCCESS,2024-08-03 02:48:00,2024-08-03 03:10:00,22,70,False,,2024-08-03
FX_RATE_LOAD,RUNNING,2024-05-04 18:32:00,2024-05-04 18:39:00,7,10,False,,2024-05-04
INVEST_RECON_JOB,SUCCESS,2024-10-16 09:03:00,2024-10-16 09:33:00,30,45,False,,2024-10-16
INVEST_RECON_JOB,SUCCESS,2024-01-04 14:51:00,2024-01-04 15:29:00,38,45,False,,2024-01-04
RISK_CALC_JOB,ABENDED,2024-02-13 01:17:00,2024-02-13 01:21:00,4,40,False,ABEND S0C7,2024-02-13
FX_RATE_LOAD,SUCCESS,2024-05-28 18:30:00,2024-05-28 18:37:00,7,10,False,,2024-05-28
COMPLIANCE_RPT,SUCCESS,2024-10-26 21:32:00,2024-10-26 22:24:00,52,55,False,,2024-10-26
TRADE_SETTLE_CHK,SUCCESS,2024-04-14 16:09:00,2024-04-14 16:31:00,22,35,False,,2024-04-14
TRADE_SETTLE_CHK,LATE,2024-03-10 07:57:00,2024-03-10 09:20:00,83,35,True,,2024-03-10
NAV_CALC_BATCH,ABENDED,2024-06-03 20:19:00,2024-06-03 20:43:00,24,50,False,RC=8,2024-06-03
PERF_ATTR_JOB,SUCCESS,2024-12-18 06:07:00,2024-12-18 06:16:00,9,45,False,,2024-12-18
PORTF_RPT_DAILY,SUCCESS,2024-03-02 16:06:00,2024-03-02 16:18:00,12,30,False,,2024-03-02
CLIENT_STMT_GEN,SUCCESS,2024-01-13 16:28:00,2024-01-13 16:58:00,30,60,False,,2024-01-13
PORTF_RPT_DAILY,RUNNING,2024-06-02 12:30:00,2024-06-02 12:40:00,10,30,False,,2024-06-02
COMPLIANCE_RPT,SUCCESS,2024-10-06 08:52:00,2024-10-06 09:36:00,44,55,False,,2024-10-06
NAV_CALC_BATCH,SUCCESS,2024-12-02 19:07:00,2024-12-02 19:39:00,32,50,False,,2024-12-02
INVEST_RECON_JOB,SUCCESS,2024-04-04 04:52:00,2024-04-04 05:12:00,20,45,False,,2024-04-04
INVEST_RECON_JOB,SUCCESS,2024-12-24 17:12:00,2024-12-24 17:47:00,35,45,False,,2024-12-24
RISK_CALC_JOB,SUCCESS,2024-12-07 03:37:00,2024-12-07 04:13:00,36,40,False,,2024-12-07
TRANS_LOG_PARSER,FAILED,2024-07-19 12:44:00,2024-07-19 12:46:00,2,25,False,ABEND S222,2024-07-19
POSITION_SYNC,ABENDED,2024-03-16 00:18:00,2024-03-16 00:26:00,8,20,False,RC=8,2024-03-16
FX_RATE_LOAD,SUCCESS,2024-10-24 09:02:00,2024-10-24 09:11:00,9,10,False,,2024-10-24
RISK_CALC_JOB,SUCCESS,2024-06-30 04:29:00,2024-06-30 05:03:00,34,40,False,,2024-06-30
SLA_MONITOR_BATCH,SUCCESS,2024-03-22 11:32:00,2024-03-22 11:45:00,13,15,False,,2024-03-22
CLIENT_STMT_GEN,SUCCESS,2024-12-27 16:24:00,2024-12-27 17:01:00,37,60,False,,2024-12-27
CASH_FLOW_EXTRACT,SUCCESS,2024-03-18 11:41:00,2024-03-18 11:57:00,16,20,False,,2024-03-18
FX_RATE_LOAD,SUCCESS,2024-03-12 08:50:00,2024-03-12 08:57:00,7,10,False,,2024-03-12
EOD_CLOSE_PROC,SUCCESS,2024-11-26 15:24:00,2024-11-26 16:29:00,65,70,False,,2024-11-26
FX_RATE_LOAD,FAILED,2024-10-21 22:59:00,2024-10-21 23:04:00,5,10,False,JCL ERROR,2024-10-21
SLA_MONITOR_BATCH,SUCCESS,2024-06-14 18:37:00,2024-06-14 18:47:00,10,15,False,,2024-06-14
FX_RATE_LOAD,SUCCESS,2024-07-25 02:02:00,2024-07-25 02:07:00,5,10,False,,2024-07-25
COMPLIANCE_RPT,FAILED,2024-04-28 03:42:00,2024-04-28 03:46:00,4,55,False,ABEND S222,2024-04-28
EOD_CLOSE_PROC,FAILED,2024-06-14 07:49:00,2024-06-14 08:05:00,16,70,False,RC=8,2024-06-14
EOD_CLOSE_PROC,RUNNING,2024-07-15 13:59:00,2024-07-15 14:12:00,13,70,False,,2024-07-15
PORTF_RPT_DAILY,SUCCESS,2024-02-28 01:54:00,2024-02-28 02:22:00,28,30,False,,2024-02-28
CASH_FLOW_EXTRACT,SUCCESS,2024-07-10 19:40:00,2024-07-10 19:58:00,18,20,False,,2024-07-10
PORTF_RPT_DAILY,RUNNING,2024-06-13 03:44:00,2024-06-13 04:03:00,19,30,False,,2024-06-13
POSITION_SYNC,SUCCESS,2024-11-22 18:35:00,2024-11-22 18:43:00,8,20,False,,2024-11-22
CLIENT_STMT_GEN,SUCCESS,2024-08-12 21:18:00,2024-08-12 21:37:00,19,60,False,,2024-08-12
CLIENT_STMT_GEN,FAILED,2024-08-10 16:51:00,2024-08-10 17:17:00,26,60,False,RC=12,2024-08-10
CASH_FLOW_EXTRACT,SUCCESS,2024-11-18 21:06:00,2024-11-18 21:14:00,8,20,False,,2024-11-18
PORTF_RPT_DAILY,ABENDED,2024-01-03 11:49:00,2024-01-03 11:56:00,7,30,False,JCL ERROR,2024-01-03
DIVIDEND_PROC,ABENDED,2024-06-23 05:43:00,2024-06-23 05:55:00,12,30,False,JCL ERROR,2024-06-23
RISK_CALC_JOB,SUCCESS,2024-04-16 18:52:00,2024-04-16 19:27:00,35,40,False,,2024-04-16
DIVIDEND_PROC,SUCCESS,2024-11-12 17:54:00,2024-11-12 18:03:00,9,30,False,,2024-11-12
PERF_ATTR_JOB,SUCCESS,2024-08-06 20:24:00,2024-08-06 20:33:00,9,45,False,,2024-08-06
FX_RATE_LOAD,SUCCESS,2024-09-21 09:06:00,2024-09-21 09:11:00,5,10,False,,2024-09-21
RISK_CALC_JOB,SUCCESS,2024-11-03 17:21:00,2024-11-03 17:27:00,6,40,False,,2024-11-03
CLIENT_STMT_GEN,ABENDED,2024-05-28 08:24:00,2024-05-28 08:47:00,23,60,False,ABEND S0C7,2024-05-28
CASH_FLOW_EXTRACT,ABENDED,2024-03-21 09:04:00,2024-03-21 09:13:00,9,20,False,JCL ERROR,2024-03-21
CLIENT_STMT_GEN,ABENDED,2024-11-08 16:19:00,2024-11-08 16:32:00,13,60,False,JCL ERROR,2024-11-08
PORTF_RPT_DAILY,SUCCESS,2024-02-26 18:30:00,2024-02-26 18:43:00,13,30,False,,2024-02-26
NAV_CALC_BATCH,SUCCESS,2024-06-22 13:16:00,2024-06-22 13:33:00,17,50,False,,2024-06-22
TRANS_LOG_PARSER,RUNNING,2024-01-31 04:13:00,2024-01-31 04:35:00,22,25,False,,2024-01-31
COMPLIANCE_RPT,FAILED,2024-12-05 01:15:00,2024-12-05 01:31:00,16,55,False,RC=8,2024-12-05
PERF_ATTR_JOB,LATE,2024-11-08 22:53:00,2024-11-09 00:31:00,98,45,True,,2024-11-08
PERF_ATTR_JOB,SUCCESS,2024-02-06 13:38:00,2024-02-06 14:22:00,44,45,False,,2024-02-06
EOD_CLOSE_PROC,SUCCESS,2024-10-09 15:08:00,2024-10-09 15:47:00,39,70,False,,2024-10-09
TRADE_SETTLE_CHK,SUCCESS,2024-01-19 15:32:00,2024-01-19 15:44:00,12,35,False,,2024-01-19
NAV_CALC_BATCH,SUCCESS,2024-09-01 09:50:00,2024-09-01 10:09:00,19,50,False,,2024-09-01
PORTF_RPT_DAILY,LATE,2024-01-14 06:34:00,2024-01-14 07:47:00,73,30,True,,2024-01-14
COMPLIANCE_RPT,SUCCESS,2024-12-16 23:01:00,2024-12-16 23:41:00,40,55,False,,2024-12-16
RISK_CALC_JOB,SUCCESS,2024-07-12 22:08:00,2024-07-12 22:40:00,32,40,False,,2024-07-12
TRADE_SETTLE_CHK,SUCCESS,2024-03-11 03:28:00,2024-03-11 03:36:00,8,35,False,,2024-03-11
EOD_CLOSE_PROC,SUCCESS,2024-07-07 11:12:00,2024-07-07 12:00:00,48,70,False,,2024-07-07
POSITION_SYNC,RUNNING,2024-05-01 07:05:00,2024-05-01 07:19:00,14,20,False,,2024-05-01
PORTF_RPT_DAILY,SUCCESS,2024-10-01 18:02:00,2024-10-01 18:07:00,5,30,False,,2024-10-01
COMPLIANCE_RPT,FAILED,2024-01-30 02:03:00,2024-01-30 02:08:00,5,55,False,ABEND S222,2024-01-30
INVEST_RECON_JOB,SUCCESS,2024-06-09 11:38:00,2024-06-09 11:58:00,20,45,False,,2024-06-09
SLA_MONITOR_BATCH,SUCCESS,2024-07-22 15:42:00,2024-07-22 15:48:00,6,15,False,,2024-07-22
NAV_CALC_BATCH,SUCCESS,2024-05-08 17:13:00,2024-05-08 17:49:00,36,50,False,,2024-05-08
TRADE_SETTLE_CHK,FAILED,2024-07-01 07:28:00,2024-07-01 07:38:00,10,35,False,ABEND S0C7,2024-07-01
PERF_ATTR_JOB,SUCCESS,2024-11-30 07:33:00,2024-11-30 07:55:00,22,45,False,,2024-11-30
TRANS_LOG_PARSER,FAILED,2024-09-14 03:03:00,2024-09-14 03:09:00,6,25,False,ABEND S222,2024-09-14
TRADE_SETTLE_CHK,LATE,2024-09-05 08:05:00,2024-09-05 08:58:00,53,35,True,,2024-09-05
EOD_CLOSE_PROC,SUCCESS,2024-09-23 07:19:00,2024-09-23 07:50:00,31,70,False,,2024-09-23
CASH_FLOW_EXTRACT,SUCCESS,2024-03-13 01:15:00,2024-03-13 01:31:00,16,20,False,,2024-03-13
RISK_CALC_JOB,SUCCESS,2024-08-20 03:01:00,2024-08-20 03:37:00,36,40,False,,2024-08-20
COMPLIANCE_RPT,SUCCESS,2024-05-22 18:24:00,2024-05-22 18:48:00,24,55,False,,2024-05-22
COMPLIANCE_RPT,LATE,2024-01-31 08:54:00,2024-01-31 10:33:00,99,55,True,,2024-01-31
POSITION_SYNC,SUCCESS,2024-07-14 12:28:00,2024-07-14 12:33:00,5,20,False,,2024-07-14
CLIENT_STMT_GEN,SUCCESS,2024-04-04 21:27:00,2024-04-04 22:06:00,39,60,False,,2024-04-04
PORTF_RPT_DAILY,FAILED,2024-01-17 17:48:00,2024-01-17 17:54:00,6,30,False,RC=8,2024-01-17
EOD_CLOSE_PROC,SUCCESS,2024-06-21 08:51:00,2024-06-21 09:23:00,32,70,False,,2024-06-21
PERF_ATTR_JOB,SUCCESS,2024-11-14 13:55:00,2024-11-14 14:27:00,32,45,False,,2024-11-14
PERF_ATTR_JOB,FAILED,2024-01-30 03:35:00,2024-01-30 03:48:00,13,45,False,ABEND S0C7,2024-01-30
COMPLIANCE_RPT,LATE,2024-09-30 14:27:00,2024-09-30 16:03:00,96,55,True,,2024-09-30
TRADE_SETTLE_CHK,SUCCESS,2024-09-22 08:10:00,2024-09-22 08:27:00,17,35,False,,2024-09-22
RISK_CALC_JOB,FAILED,2024-05-01 04:58:00,2024-05-01 04:59:00,1,40,False,ABEND S0C7,2024-05-01
PERF_ATTR_JOB,FAILED,2024-05-20 02:15:00,2024-05-20 02:33:00,18,45,False,ABEND S0C7,2024-05-20
TRANS_LOG_PARSER,SUCCESS,2024-01-20 19:17:00,2024-01-20 19:33:00,16,25,False,,2024-01-20
SLA_MONITOR_BATCH,FAILED,2024-11-30 19:00:00,2024-11-30 19:01:00,1,15,False,ABEND S0C7,2024-11-30
FX_RATE_LOAD,FAILED,2024-05-15 05:28:00,2024-05-15 05:32:00,4,10,False,RC=8,2024-05-15
RISK_CALC_JOB,SUCCESS,2024-01-19 11:30:00,2024-01-19 11:48:00,18,40,False,,2024-01-19
POSITION_SYNC,SUCCESS,2024-02-10 08:57:00,2024-02-10 09:11:00,14,20,False,,2024-02-10
DIVIDEND_PROC,SUCCESS,2024-02-02 14:11:00,2024-02-02 14:24:00,13,30,False,,2024-02-02
PERF_ATTR_JOB,FAILED,2024-05-12 15:08:00,2024-05-12 15:16:00,8,45,False,RC=12,2024-05-12
INVEST_RECON_JOB,ABENDED,2024-12-01 01:14:00,2024-12-01 01:18:00,4,45,False,RC=8,2024-12-01
INVEST_RECON_JOB,FAILED,2024-08-13 18:20:00,2024-08-13 18:22:00,2,45,False,JCL ERROR,2024-08-13
TRADE_SETTLE_CHK,SUCCESS,2024-05-12 08:01:00,2024-05-12 08:27:00,26,35,False,,2024-05-12
COMPLIANCE_RPT,ABENDED,2024-06-29 17:45:00,2024-06-29 17:47:00,2,55,False,JCL ERROR,2024-06-29
CLIENT_STMT_GEN,SUCCESS,2024-02-09 16:28:00,2024-02-09 16:40:00,12,60,False,,2024-02-09
DIVIDEND_PROC,SUCCESS,2024-04-14 10:36:00,2024-04-14 10:52:00,16,30,False,,2024-04-14
COMPLIANCE_RPT,ABENDED,2024-07-31 02:41:00,2024-07-31 02:55:00,14,55,False,ABEND S0C7,2024-07-31
INVEST_RECON_JOB,SUCCESS,2024-11-06 11:21:00,2024-11-06 11:52:00,31,45,False,,2024-11-06
EOD_CLOSE_PROC,FAILED,2024-08-28 09:39:00,2024-08-28 09:41:00,2,70,False,RC=12,2024-08-28
TRANS_LOG_PARSER,SUCCESS,2024-03-17 18:01:00,2024-03-17 18:09:00,8,25,False,,2024-03-17
FX_RATE_LOAD,SUCCESS,2024-06-09 16:45:00,2024-06-09 16:54:00,9,10,False,,2024-06-09
PERF_ATTR_JOB,SUCCESS,2024-06-25 06:24:00,2024-06-25 07:06:00,42,45,False,,2024-06-25
PORTF_RPT_DAILY,FAILED,2024-03-17 12:48:00,2024-03-17 12:59:00,11,30,False,RC=8,2024-03-17
CASH_FLOW_EXTRACT,LATE,2024-04-24 18:32:00,2024-04-24 19:33:00,61,20,True,,2024-04-24
NAV_CALC_BATCH,SUCCESS,2024-08-02 17:46:00,2024-08-02 17:58:00,12,50,False,,2024-08-02
COMPLIANCE_RPT,ABENDED,2024-01-27 19:30:00,2024-01-27 19:52:00,22,55,False,JCL ERROR,2024-01-27
DIVIDEND_PROC,SUCCESS,2024-05-17 06:53:00,2024-05-17 07:16:00,23,30,False,,2024-05-17
SLA_MONITOR_BATCH,RUNNING,2024-06-17 07:51:00,2024-06-17 08:01:00,10,15,False,,2024-06-17
CLIENT_STMT_GEN,SUCCESS,2024-02-29 22:15:00,2024-02-29 22:48:00,33,60,False,,2024-02-29
TRADE_SETTLE_CHK,LATE,2024-07-28 11:05:00,2024-07-28 12:07:00,62,35,True,,2024-07-28
DIVIDEND_PROC,SUCCESS,2024-07-04 20:30:00,2024-07-04 20:54:00,24,30,False,,2024-07-04
CLIENT_STMT_GEN,SUCCESS,2024-08-02 07:36:00,2024-08-02 08:33:00,57,60,False,,2024-08-02
COMPLIANCE_RPT,LATE,2024-10-02 07:49:00,2024-10-02 09:15:00,86,55,True,,2024-10-02
NAV_CALC_BATCH,SUCCESS,2024-03-11 19:16:00,2024-03-11 19:39:00,23,50,False,,2024-03-11
TRANS_LOG_PARSER,SUCCESS,2024-02-11 13:26:00,2024-02-11 13:47:00,21,25,False,,2024-02-11
INVEST_RECON_JOB,SUCCESS,2024-11-19 06:57:00,2024-11-19 07:13:00,16,45,False,,2024-11-19
EOD_CLOSE_PROC,SUCCESS,2024-03-26 03:26:00,2024-03-26 04:04:00,38,70,False,,2024-03-26
PERF_ATTR_JOB,SUCCESS,2024-08-28 23:06:00,2024-08-28 23:19:00,13,45,False,,2024-08-28
COMPLIANCE_RPT,SUCCESS,2024-08-08 00:44:00,2024-08-08 00:59:00,15,55,False,,2024-08-08
CASH_FLOW_EXTRACT,SUCCESS,2024-09-28 12:57:00,2024-09-28 13:08:00,11,20,False,,2024-09-28
TRANS_LOG_PARSER,SUCCESS,2024-12-22 17:15:00,2024-12-22 17:29:00,14,25,False,,2024-12-22
CASH_FLOW_EXTRACT,SUCCESS,2024-06-21 18:38:00,2024-06-21 18:52:00,14,20,False,,2024-06-21
CASH_FLOW_EXTRACT,LATE,2024-01-24 02:47:00,2024-01-24 03:34:00,47,20,True,,2024-01-24
RISK_CALC_JOB,RUNNING,2024-11-18 14:47:00,2024-11-18 15:19:00,32,40,False,,2024-11-18
SLA_MONITOR_BATCH,FAILED,2024-12-24 04:46:00,2024-12-24 04:48:00,2,15,False,JCL ERROR,2024-12-24
EOD_CLOSE_PROC,ABENDED,2024-09-17 02:09:00,2024-09-17 02:10:00,1,70,False,JCL ERROR,2024-09-17
FX_RATE_LOAD,SUCCESS,2024-11-28 14:24:00,2024-11-28 14:31:00,7,10,False,,2024-11-28
RISK_CALC_JOB,SUCCESS,2024-10-28 08:49:00,2024-10-28 09:00:00,11,40,False,,2024-10-28
CLIENT_STMT_GEN,SUCCESS,2024-06-23 01:36:00,2024-06-23 02:14:00,38,60,False,,2024-06-23
EOD_CLOSE_PROC,SUCCESS,2024-09-17 13:18:00,2024-09-17 14:04:00,46,70,False,,2024-09-17
POSITION_SYNC,SUCCESS,2024-04-01 04:02:00,2024-04-01 04:20:00,18,20,False,,2024-04-01
TRADE_SETTLE_CHK,RUNNING,2024-04-17 13:33:00,2024-04-17 13:46:00,13,35,False,,2024-04-17
FX_RATE_LOAD,ABENDED,2024-06-09 03:22:00,2024-06-09 03:25:00,3,10,False,RC=12,2024-06-09
CASH_FLOW_EXTRACT,SUCCESS,2024-09-06 14:14:00,2024-09-06 14:33:00,19,20,False,,2024-09-06
INVEST_RECON_JOB,SUCCESS,2024-05-12 19:48:00,2024-05-12 19:59:00,11,45,False,,2024-05-12
EOD_CLOSE_PROC,SUCCESS,2024-05-22 04:06:00,2024-05-22 04:37:00,31,70,False,,2024-05-22
DIVIDEND_PROC,ABENDED,2024-03-27 00:38:00,2024-03-27 00:53:00,15,30,False,RC=8,2024-03-27
EOD_CLOSE_PROC,SUCCESS,2024-04-09 00:31:00,2024-04-09 00:39:00,8,70,False,,2024-04-09
TRANS_LOG_PARSER,SUCCESS,2024-10-19 13:46:00,2024-10-19 14:05:00,19,25,False,,2024-10-19
DIVIDEND_PROC,SUCCESS,2024-08-20 09:58:00,2024-08-20 10:06:00,8,30,False,,2024-08-20
TRADE_SETTLE_CHK,FAILED,2024-03-02 14:56:00,2024-03-02 15:10:00,14,35,False,ABEND S222,2024-03-02
SLA_MONITOR_BATCH,SUCCESS,2024-03-11 08:46:00,2024-03-11 08:52:00,6,15,False,,2024-03-11
TRANS_LOG_PARSER,ABENDED,2024-04-23 23:04:00,2024-04-23 23:10:00,6,25,False,RC=12,2024-04-23
DIVIDEND_PROC,SUCCESS,2024-08-20 20:47:00,2024-08-20 21:08:00,21,30,False,,2024-08-20
NAV_CALC_BATCH,FAILED,2024-12-27 22:20:00,2024-12-27 22:22:00,2,50,False,ABEND S222,2024-12-27
CASH_FLOW_EXTRACT,LATE,2024-09-23 10:12:00,2024-09-23 11:30:00,78,20,True,,2024-09-23
DIVIDEND_PROC,FAILED,2024-11-16 01:40:00,2024-11-16 01:51:00,11,30,False,RC=8,2024-11-16
CLIENT_STMT_GEN,SUCCESS,2024-07-11 07:43:00,2024-07-11 08:00:00,17,60,False,,2024-07-11
SLA_MONITOR_BATCH,SUCCESS,2024-09-05 05:46:00,2024-09-05 05:58:00,12,15,False,,2024-09-05
SLA_MONITOR_BATCH,SUCCESS,2024-11-21 02:33:00,2024-11-21 02:41:00,8,15,False,,2024-11-21
PORTF_RPT_DAILY,SUCCESS,2024-09-08 17:39:00,2024-09-08 17:50:00,11,30,False,,2024-09-08
TRADE_SETTLE_CHK,SUCCESS,2024-08-02 22:16:00,2024-08-02 22:40:00,24,35,False,,2024-08-02
POSITION_SYNC,SUCCESS,2024-04-30 20:22:00,2024-04-30 20:34:00,12,20,False,,2024-04-30
DIVIDEND_PROC,FAILED,2024-04-02 09:53:00,2024-04-02 09:57:00,4,30,False,ABEND S0C7,2024-04-02
NAV_CALC_BATCH,SUCCESS,2024-11-18 12:38:00,2024-11-18 13:05:00,27,50,False,,2024-11-18
DIVIDEND_PROC,SUCCESS,2024-02-19 07:07:00,2024-02-19 07:36:00,29,30,False,,2024-02-19
PERF_ATTR_JOB,SUCCESS,2024-08-16 10:15:00,2024-08-16 10:47:00,32,45,False,,2024-08-16
CASH_FLOW_EXTRACT,SUCCESS,2024-06-12 21:07:00,2024-06-12 21:17:00,10,20,False,,2024-06-12
TRADE_SETTLE_CHK,SUCCESS,2024-03-06 15:53:00,2024-03-06 16:23:00,30,35,False,,2024-03-06
COMPLIANCE_RPT,SUCCESS,2024-07-29 21:15:00,2024-07-29 21:21:00,6,55,False,,2024-07-29
SLA_MONITOR_BATCH,SUCCESS,2024-04-20 13:03:00,2024-04-20 13:16:00,13,15,False,,2024-04-20
PERF_ATTR_JOB,SUCCESS,2024-12-11 10:26:00,2024-12-11 10:56:00,30,45,False,,2024-12-11
PERF_ATTR_JOB,SUCCESS,2024-07-23 08:58:00,2024-07-23 09:06:00,8,45,False,,2024-07-23
SLA_MONITOR_BATCH,SUCCESS,2024-04-22 10:40:00,2024-04-22 10:45:00,5,15,False,,2024-04-22
SLA_MONITOR_BATCH,SUCCESS,2024-04-23 18:56:00,2024-04-23 19:03:00,7,15,False,,2024-04-23
DIVIDEND_PROC,SUCCESS,2024-11-16 03:39:00,2024-11-16 04:03:00,24,30,False,,2024-11-16
TRANS_LOG_PARSER,SUCCESS,2024-10-03 00:46:00,2024-10-03 00:51:00,5,25,False,,2024-10-03
PERF_ATTR_JOB,SUCCESS,2024-12-26 10:58:00,2024-12-26 11:25:00,27,45,False,,2024-12-26
PERF_ATTR_JOB,FAILED,2024-02-02 20:03:00,2024-02-02 20:20:00,17,45,False,RC=12,2024-02-02
TRANS_LOG_PARSER,SUCCESS,2024-03-21 17:25:00,2024-03-21 17:37:00,12,25,False,,2024-03-21
SLA_MONITOR_BATCH,ABENDED,2024-07-10 10:26:00,2024-07-10 10:28:00,2,15,False,JCL ERROR,2024-07-10
TRADE_SETTLE_CHK,SUCCESS,2024-01-07 01:54:00,2024-01-07 01:59:00,5,35,False,,2024-01-07
PERF_ATTR_JOB,LATE,2024-02-22 16:25:00,2024-02-22 18:05:00,100,45,True,,2024-02-22
RISK_CALC_JOB,SUCCESS,2024-05-24 09:01:00,2024-05-24 09:20:00,19,40,False,,2024-05-24
NAV_CALC_BATCH,FAILED,2024-05-06 01:17:00,2024-05-06 01:41:00,24,50,False,RC=8,2024-05-06
COMPLIANCE_RPT,FAILED,2024-12-01 12:08:00,2024-12-01 12:35:00,27,55,False,ABEND S0C7,2024-12-01
COMPLIANCE_RPT,SUCCESS,2024-02-07 16:46:00,2024-02-07 17:36:00,50,55,False,,2024-02-07
PERF_ATTR_JOB,FAILED,2024-01-11 00:47:00,2024-01-11 01:05:00,18,45,False,JCL ERROR,2024-01-11
EOD_CLOSE_PROC,SUCCESS,2024-10-28 12:12:00,2024-10-28 12:56:00,44,70,False,,2024-10-28
PERF_ATTR_JOB,SUCCESS,2024-09-19 23:01:00,2024-09-19 23:25:00,24,45,False,,2024-09-19
SLA_MONITOR_BATCH,SUCCESS,2024-02-21 08:41:00,2024-02-21 08:55:00,14,15,False,,2024-02-21
RISK_CALC_JOB,SUCCESS,2024-08-07 02:14:00,2024-08-07 02:45:00,31,40,False,,2024-08-07
DIVIDEND_PROC,SUCCESS,2024-05-25 22:34:00,2024-05-25 22:55:00,21,30,False,,2024-05-25
CLIENT_STMT_GEN,SUCCESS,2024-09-11 23:25:00,2024-09-11 23:53:00,28,60,False,,2024-09-11
PERF_ATTR_JOB,SUCCESS,2024-02-25 14:14:00,2024-02-25 14:55:00,41,45,False,,2024-02-25
PORTF_RPT_DAILY,SUCCESS,2024-04-28 14:23:00,2024-04-28 14:43:00,20,30,False,,2024-04-28
FX_RATE_LOAD,SUCCESS,2024-06-08 10:09:00,2024-06-08 10:14:00,5,10,False,,2024-06-08
CASH_FLOW_EXTRACT,SUCCESS,2024-04-16 15:37:00,2024-04-16 15:45:00,8,20,False,,2024-04-16
CASH_FLOW_EXTRACT,SUCCESS,2024-11-11 15:33:00,2024-11-11 15:49:00,16,20,False,,2024-11-11
COMPLIANCE_RPT,SUCCESS,2024-04-29 01:49:00,2024-04-29 02:25:00,36,55,False,,2024-04-29
SLA_MONITOR_BATCH,SUCCESS,2024-06-21 04:02:00,2024-06-21 04:12:00,10,15,False,,2024-06-21
TRADE_SETTLE_CHK,SUCCESS,2024-07-27 00:17:00,2024-07-27 00:44:00,27,35,False,,2024-07-27
CLIENT_STMT_GEN,FAILED,2024-09-07 17:31:00,2024-09-07 17:42:00,11,60,False,RC=12,2024-09-07
TRANS_LOG_PARSER,SUCCESS,2024-09-04 16:35:00,2024-09-04 16:42:00,7,25,False,,2024-09-04
EOD_CLOSE_PROC,SUCCESS,2024-12-24 02:24:00,2024-12-24 02:45:00,21,70,False,,2024-12-24
PERF_ATTR_JOB,SUCCESS,2024-09-23 23:07:00,2024-09-23 23:22:00,15,45,False,,2024-09-23
CLIENT_STMT_GEN,SUCCESS,2024-02-28 01:56:00,2024-02-28 02:28:00,32,60,False,,2024-02-28
RISK_CALC_JOB,SUCCESS,2024-09-25 15:08:00,2024-09-25 15:39:00,31,40,False,,2024-09-25
POSITION_SYNC,SUCCESS,2024-03-01 13:18:00,2024-03-01 13:34:00,16,20,False,,2024-03-01
EOD_CLOSE_PROC,RUNNING,2024-05-18 16:20:00,2024-05-18 17:12:00,52,70,False,,2024-05-18
FX_RATE_LOAD,FAILED,2024-03-13 09:33:00,2024-03-13 09:35:00,2,10,False,JCL ERROR,2024-03-13
TRADE_SETTLE_CHK,SUCCESS,2024-11-05 08:30:00,2024-11-05 08:49:00,19,35,False,,2024-11-05
CLIENT_STMT_GEN,LATE,2024-03-10 05:33:00,2024-03-10 07:23:00,110,60,True,,2024-03-10
COMPLIANCE_RPT,SUCCESS,2024-06-11 13:11:00,2024-06-11 13:25:00,14,55,False,,2024-06-11
RISK_CALC_JOB,SUCCESS,2024-01-03 09:44:00,2024-01-03 10:01:00,17,40,False,,2024-01-03
CLIENT_STMT_GEN,FAILED,2024-10-02 14:21:00,2024-10-02 14:25:00,4,60,False,RC=8,2024-10-02
FX_RATE_LOAD,SUCCESS,2024-03-21 02:22:00,2024-03-21 02:31:00,9,10,False,,2024-03-21
EOD_CLOSE_PROC,SUCCESS,2024-11-17 00:59:00,2024-11-17 01:28:00,29,70,False,,2024-11-17
SLA_MONITOR_BATCH,SUCCESS,2024-08-06 18:46:00,2024-08-06 18:55:00,9,15,False,,2024-08-06
TRANS_LOG_PARSER,SUCCESS,2024-07-25 08:35:00,2024-07-25 08:57:00,22,25,False,,2024-07-25
NAV_CALC_BATCH,FAILED,2024-02-09 18:09:00,2024-02-09 18:13:00,4,50,False,RC=12,2024-02-09
SLA_MONITOR_BATCH,SUCCESS,2024-10-15 03:08:00,2024-10-15 03:21:00,13,15,False,,2024-10-15
FX_RATE_LOAD,SUCCESS,2024-07-15 10:36:00,2024-07-15 10:45:00,9,10,False,,2024-07-15
FX_RATE_LOAD,SUCCESS,2024-11-11 21:58:00,2024-11-11 22:06:00,8,10,False,,2024-11-11
CLIENT_STMT_GEN,SUCCESS,2024-04-28 06:05:00,2024-04-28 07:01:00,56,60,False,,2024-04-28
FX_RATE_LOAD,SUCCESS,2024-03-25 15:55:00,2024-03-25 16:00:00,5,10,False,,2024-03-25
TRANS_LOG_PARSER,SUCCESS,2024-01-27 04:32:00,2024-01-27 04:51:00,19,25,False,,2024-01-27
POSITION_SYNC,FAILED,2024-06-16 09:32:00,2024-06-16 09:34:00,2,20,False,RC=12,2024-06-16
DIVIDEND_PROC,SUCCESS,2024-07-16 22:30:00,2024-07-16 22:46:00,16,30,False,,2024-07-16
SLA_MONITOR_BATCH,ABENDED,2024-06-11 16:05:00,2024-06-11 16:10:00,5,15,False,RC=12,2024-06-11
INVEST_RECON_JOB,LATE,2024-05-22 22:09:00,2024-05-22 23:52:00,103,45,True,,2024-05-22
POSITION_SYNC,SUCCESS,2024-09-07 22:50:00,2024-09-07 22:59:00,9,20,False,,2024-09-07
NAV_CALC_BATCH,SUCCESS,2024-08-10 20:22:00,2024-08-10 20:38:00,16,50,False,,2024-08-10
PORTF_RPT_DAILY,ABENDED,2024-08-26 21:22:00,2024-08-26 21:34:00,12,30,False,ABEND S222,2024-08-26
CLIENT_STMT_GEN,SUCCESS,2024-04-07 12:23:00,2024-04-07 12:39:00,16,60,False,,2024-04-07
EOD_CLOSE_PROC,FAILED,2024-01-06 06:28:00,2024-01-06 06:52:00,24,70,False,JCL ERROR,2024-01-06
CLIENT_STMT_GEN,SUCCESS,2024-06-07 10:06:00,2024-06-07 10:34:00,28,60,False,,2024-06-07
EOD_CLOSE_PROC,SUCCESS,2024-01-07 19:17:00,2024-01-07 19:26:00,9,70,False,,2024-01-07
NAV_CALC_BATCH,SUCCESS,2024-09-02 12:02:00,2024-09-02 12:51:00,49,50,False,,2024-09-02
TRADE_SETTLE_CHK,SUCCESS,2024-11-16 01:36:00,2024-11-16 02:07:00,31,35,False,,2024-11-16
PORTF_RPT_DAILY,ABENDED,2024-08-29 19:40:00,2024-08-29 19:48:00,8,30,False,ABEND S222,2024-08-29
INVEST_RECON_JOB,SUCCESS,2024-11-27 17:51:00,2024-11-27 18:02:00,11,45,False,,2024-11-27
PORTF_RPT_DAILY,SUCCESS,2024-11-09 22:09:00,2024-11-09 22:36:00,27,30,False,,2024-11-09
TRADE_SETTLE_CHK,SUCCESS,2024-03-08 02:26:00,2024-03-08 02:57:00,31,35,False,,2024-03-08
COMPLIANCE_RPT,SUCCESS,2024-08-15 20:45:00,2024-08-15 20:53:00,8,55,False,,2024-08-15
TRANS_LOG_PARSER,SUCCESS,2024-10-05 08:54:00,2024-10-05 09:05:00,11,25,False,,2024-10-05
NAV_CALC_BATCH,SUCCESS,2024-01-09 10:53:00,2024-01-09 11:41:00,48,50,False,,2024-01-09
COMPLIANCE_RPT,RUNNING,2024-12-29 05:57:00,2024-12-29 06:39:00,42,55,False,,2024-12-29
TRADE_SETTLE_CHK,LATE,2024-09-21 00:42:00,2024-09-21 01:47:00,65,35,True,,2024-09-21
POSITION_SYNC,ABENDED,2024-12-08 01:04:00,2024-12-08 01:08:00,4,20,False,JCL ERROR,2024-12-08
INVEST_RECON_JOB,FAILED,2024-02-12 05:28:00,2024-02-12 05:30:00,2,45,False,ABEND S0C7,2024-02-12
FX_RATE_LOAD,SUCCESS,2024-09-15 13:11:00,2024-09-15 13:16:00,5,10,False,,2024-09-15
SLA_MONITOR_BATCH,SUCCESS,2024-06-28 03:21:00,2024-06-28 03:33:00,12,15,False,,2024-06-28
FX_RATE_LOAD,ABENDED,2024-02-14 18:59:00,2024-02-14 19:03:00,4,10,False,RC=8,2024-02-14
CASH_FLOW_EXTRACT,RUNNING,2024-04-03 23:05:00,2024-04-03 23:12:00,7,20,False,,2024-04-03
TRANS_LOG_PARSER,SUCCESS,2024-01-11 05:50:00,2024-01-11 05:55:00,5,25,False,,2024-01-11
CLIENT_STMT_GEN,SUCCESS,2024-08-23 02:56:00,2024-08-23 03:47:00,51,60,False,,2024-08-23
CLIENT_STMT_GEN,SUCCESS,2024-12-14 20:57:00,2024-12-14 21:14:00,17,60,False,,2024-12-14
TRADE_SETTLE_CHK,FAILED,2024-03-08 09:03:00,2024-03-08 09:16:00,13,35,False,ABEND S0C7,2024-03-08
INVEST_RECON_JOB,SUCCESS,2024-10-16 10:26:00,2024-10-16 10:45:00,19,45,False,,2024-10-16
COMPLIANCE_RPT,SUCCESS,2024-04-12 05:18:00,2024-04-12 05:39:00,21,55,False,,2024-04-12
TRADE_SETTLE_CHK,SUCCESS,2024-02-17 15:22:00,2024-02-17 15:45:00,23,35,False,,2024-02-17
TRANS_LOG_PARSER,SUCCESS,2024-11-24 16:28:00,2024-11-24 16:38:00,10,25,False,,2024-11-24
PORTF_RPT_DAILY,LATE,2024-10-26 12:09:00,2024-10-26 13:18:00,69,30,True,,2024-10-26
FX_RATE_LOAD,SUCCESS,2024-12-25 13:22:00,2024-12-25 13:29:00,7,10,False,,2024-12-25
CLIENT_STMT_GEN,SUCCESS,2024-09-14 17:53:00,2024-09-14 18:45:00,52,60,False,,2024-09-14
PERF_ATTR_JOB,SUCCESS,2024-09-19 06:16:00,2024-09-19 06:34:00,18,45,False,,2024-09-19
RISK_CALC_JOB,SUCCESS,2024-02-29 16:42:00,2024-02-29 16:58:00,16,40,False,,2024-02-29
RISK_CALC_JOB,SUCCESS,2024-10-27 10:23:00,2024-10-27 10:52:00,29,40,False,,2024-10-27
NAV_CALC_BATCH,SUCCESS,2024-01-18 10:44:00,2024-01-18 10:55:00,11,50,False,,2024-01-18
NAV_CALC_BATCH,SUCCESS,2024-01-05 05:26:00,2024-01-05 06:01:00,35,50,False,,2024-01-05
TRANS_LOG_PARSER,SUCCESS,2024-02-21 05:58:00,2024-02-21 06:14:00,16,25,False,,2024-02-21
SLA_MONITOR_BATCH,SUCCESS,2024-10-06 05:48:00,2024-10-06 05:53:00,5,15,False,,2024-10-06
RISK_CALC_JOB,ABENDED,2024-08-21 18:36:00,2024-08-21 18:50:00,14,40,False,ABEND S222,2024-08-21
RISK_CALC_JOB,ABENDED,2024-05-09 23:23:00,2024-05-09 23:43:00,20,40,False,ABEND S0C7,2024-05-09
RISK_CALC_JOB,FAILED,2024-06-02 01:59:00,2024-06-02 02:07:00,8,40,False,JCL ERROR,2024-06-02
CASH_FLOW_EXTRACT,SUCCESS,2024-05-17 18:25:00,2024-05-17 18:39:00,14,20,False,,2024-05-17
PORTF_RPT_DAILY,SUCCESS,2024-03-26 09:56:00,2024-03-26 10:20:00,24,30,False,,2024-03-26
TRADE_SETTLE_CHK,LATE,2024-04-11 18:48:00,2024-04-11 19:36:00,48,35,True,,2024-04-11
INVEST_RECON_JOB,FAILED,2024-01-28 02:19:00,2024-01-28 02:24:00,5,45,False,ABEND S0C7,2024-01-28
RISK_CALC_JOB,SUCCESS,2024-08-23 00:42:00,2024-08-23 00:56:00,14,40,False,,2024-08-23
CLIENT_STMT_GEN,RUNNING,2024-06-03 09:05:00,2024-06-03 09:21:00,16,60,False,,2024-06-03
CLIENT_STMT_GEN,ABENDED,2024-08-11 02:46:00,2024-08-11 02:54:00,8,60,False,RC=12,2024-08-11
NAV_CALC_BATCH,SUCCESS,2024-07-10 00:30:00,2024-07-10 00:45:00,15,50,False,,2024-07-10
TRANS_LOG_PARSER,SUCCESS,2024-10-08 21:25:00,2024-10-08 21:36:00,11,25,False,,2024-10-08
EOD_CLOSE_PROC,SUCCESS,2024-07-11 14:45:00,2024-07-11 15:21:00,36,70,False,,2024-07-11
PERF_ATTR_JOB,RUNNING,2024-07-17 04:20:00,2024-07-17 04:33:00,13,45,False,,2024-07-17
POSITION_SYNC,FAILED,2024-05-24 21:46:00,2024-05-24 21:53:00,7,20,False,JCL ERROR,2024-05-24
POSITION_SYNC,SUCCESS,2024-06-26 15:42:00,2024-06-26 15:58:00,16,20,False,,2024-06-26
FX_RATE_LOAD,SUCCESS,2024-11-07 05:49:00,2024-11-07 05:55:00,6,10,False,,2024-11-07
TRANS_LOG_PARSER,SUCCESS,2024-09-13 00:39:00,2024-09-13 01:03:00,24,25,False,,2024-09-13
PERF_ATTR_JOB,SUCCESS,2024-02-09 20:14:00,2024-02-09 20:27:00,13,45,False,,2024-02-09
RISK_CALC_JOB,SUCCESS,2024-04-18 09:27:00,2024-04-18 09:37:00,10,40,False,,2024-04-18
TRANS_LOG_PARSER,SUCCESS,2024-04-02 13:09:00,2024-04-02 13:23:00,14,25,False,,2024-04-02
SLA_MONITOR_BATCH,SUCCESS,2024-09-03 01:16:00,2024-09-03 01:27:00,11,15,False,,2024-09-03
INVEST_RECON_JOB,SUCCESS,2024-12-15 16:53:00,2024-12-15 17:04:00,11,45,False,,2024-12-15
RISK_CALC_JOB,ABENDED,2024-06-26 21:46:00,2024-06-26 21:50:00,4,40,False,ABEND S222,2024-06-26
PERF_ATTR_JOB,ABENDED,2024-03-23 10:08:00,2024-03-23 10:27:00,19,45,False,JCL ERROR,2024-03-23
POSITION_SYNC,FAILED,2024-01-06 15:41:00,2024-01-06 15:48:00,7,20,False,ABEND S222,2024-01-06
PERF_ATTR_JOB,SUCCESS,2024-08-05 08:47:00,2024-08-05 08:59:00,12,45,False,,2024-08-05
FX_RATE_LOAD,ABENDED,2024-08-18 16:23:00,2024-08-18 16:27:00,4,10,False,ABEND S0C7,2024-08-18
COMPLIANCE_RPT,SUCCESS,2024-07-05 03:50:00,2024-07-05 04:06:00,16,55,False,,2024-07-05
POSITION_SYNC,SUCCESS,2024-07-15 21:05:00,2024-07-15 21:12:00,7,20,False,,2024-07-15
PORTF_RPT_DAILY,SUCCESS,2024-12-28 18:16:00,2024-12-28 18:27:00,11,30,False,,2024-12-28
DIVIDEND_PROC,ABENDED,2024-08-20 13:03:00,2024-08-20 13:11:00,8,30,False,ABEND S0C7,2024-08-20
PORTF_RPT_DAILY,SUCCESS,2024-09-07 14:23:00,2024-09-07 14:29:00,6,30,False,,2024-09-07
EOD_CLOSE_PROC,SUCCESS,2024-07-08 08:27:00,2024-07-08 09:15:00,48,70,False,,2024-07-08
NAV_CALC_BATCH,SUCCESS,2024-01-13 17:17:00,2024-01-13 17:33:00,16,50,False,,2024-01-13
SLA_MONITOR_BATCH,SUCCESS,2024-01-09 14:20:00,2024-01-09 14:29:00,9,15,False,,2024-01-09
NAV_CALC_BATCH,SUCCESS,2024-02-27 11:46:00,2024-02-27 11:53:00,7,50,False,,2024-02-27
DIVIDEND_PROC,FAILED,2024-05-07 05:05:00,2024-05-07 05:14:00,9,30,False,RC=8,2024-05-07
INVEST_RECON_JOB,FAILED,2024-11-20 15:27:00,2024-11-20 15:36:00,9,45,False,ABEND S0C7,2024-11-20
RISK_CALC_JOB,FAILED,2024-05-04 23:52:00,2024-05-05 00:09:00,17,40,False,JCL ERROR,2024-05-04
RISK_CALC_JOB,SUCCESS,2024-06-16 11:02:00,2024-06-16 11:16:00,14,40,False,,2024-06-16
FX_RATE_LOAD,LATE,2024-11-22 03:24:00,2024-11-22 04:11:00,47,10,True,,2024-11-22
TRADE_SETTLE_CHK,SUCCESS,2024-11-22 23:19:00,2024-11-22 23:37:00,18,35,False,,2024-11-22
POSITION_SYNC,SUCCESS,2024-05-11 23:41:00,2024-05-11 23:57:00,16,20,False,,2024-05-11
EOD_CLOSE_PROC,SUCCESS,2024-08-09 03:50:00,2024-08-09 04:19:00,29,70,False,,2024-08-09
FX_RATE_LOAD,SUCCESS,2024-06-04 19:32:00,2024-06-04 19:41:00,9,10,False,,2024-06-04
COMPLIANCE_RPT,FAILED,2024-12-21 01:23:00,2024-12-21 01:42:00,19,55,False,ABEND S222,2024-12-21
CLIENT_STMT_GEN,FAILED,2024-08-11 08:47:00,2024-08-11 09:10:00,23,60,False,RC=12,2024-08-11
SLA_MONITOR_BATCH,SUCCESS,2024-01-24 19:25:00,2024-01-24 19:32:00,7,15,False,,2024-01-24
NAV_CALC_BATCH,SUCCESS,2024-01-03 13:13:00,2024-01-03 13:19:00,6,50,False,,2024-01-03
PERF_ATTR_JOB,SUCCESS,2024-03-07 08:17:00,2024-03-07 08:51:00,34,45,False,,2024-03-07
FX_RATE_LOAD,FAILED,2024-11-21 10:06:00,2024-11-21 10:08:00,2,10,False,RC=12,2024-11-21
PORTF_RPT_DAILY,FAILED,2024-04-23 02:39:00,2024-04-23 02:44:00,5,30,False,JCL ERROR,2024-04-23
COMPLIANCE_RPT,SUCCESS,2024-08-03 20:38:00,2024-08-03 21:04:00,26,55,False,,2024-08-03
DIVIDEND_PROC,SUCCESS,2024-10-12 00:21:00,2024-10-12 00:36:00,15,30,False,,2024-10-12
TRANS_LOG_PARSER,SUCCESS,2024-08-15 04:29:00,2024-08-15 04:49:00,20,25,False,,2024-08-15
CLIENT_STMT_GEN,SUCCESS,2024-03-28 21:24:00,2024-03-28 21:45:00,21,60,False,,2024-03-28
POSITION_SYNC,SUCCESS,2024-10-19 02:40:00,2024-10-19 02:52:00,12,20,False,,2024-10-19
DIVIDEND_PROC,LATE,2024-02-12 06:47:00,2024-02-12 07:55:00,68,30,True,,2024-02-12
TRANS_LOG_PARSER,SUCCESS,2024-06-10 14:43:00,2024-06-10 15:02:00,19,25,False,,2024-06-10
PORTF_RPT_DAILY,SUCCESS,2024-10-26 05:39:00,2024-10-26 05:55:00,16,30,False,,2024-10-26
FX_RATE_LOAD,SUCCESS,2024-01-12 09:35:00,2024-01-12 09:43:00,8,10,False,,2024-01-12
CLIENT_STMT_GEN,SUCCESS,2024-10-02 04:24:00,2024-10-02 05:07:00,43,60,False,,2024-10-02
COMPLIANCE_RPT,SUCCESS,2024-07-21 06:13:00,2024-07-21 06:25:00,12,55,False,,2024-07-21
FX_RATE_LOAD,SUCCESS,2024-03-22 23:25:00,2024-03-22 23:34:00,9,10,False,,2024-03-22
POSITION_SYNC,SUCCESS,2024-04-21 13:57:00,2024-04-21 14:11:00,14,20,False,,2024-04-21
SLA_MONITOR_BATCH,SUCCESS,2024-07-04 20:06:00,2024-07-04 20:16:00,10,15,False,,2024-07-04
DIVIDEND_PROC,SUCCESS,2024-07-19 07:54:00,2024-07-19 08:11:00,17,30,False,,2024-07-19
RISK_CALC_JOB,FAILED,2024-05-26 14:10:00,2024-05-26 14:16:00,6,40,False,ABEND S222,2024-05-26
SLA_MONITOR_BATCH,SUCCESS,2024-06-20 14:41:00,2024-06-20 14:48:00,7,15,False,,2024-06-20
NAV_CALC_BATCH,RUNNING,2024-07-15 18:41:00,2024-07-15 19:12:00,31,50,False,,2024-07-15
POSITION_SYNC,SUCCESS,2024-11-21 00:39:00,2024-11-21 00:47:00,8,20,False,,2024-11-21
INVEST_RECON_JOB,SUCCESS,2024-09-14 02:38:00,2024-09-14 03:19:00,41,45,False,,2024-09-14
TRADE_SETTLE_CHK,SUCCESS,2024-01-12 10:39:00,2024-01-12 10:51:00,12,35,False,,2024-01-12
INVEST_RECON_JOB,SUCCESS,2024-08-29 21:05:00,2024-08-29 21:33:00,28,45,False,,2024-08-29
PORTF_RPT_DAILY,FAILED,2024-11-30 12:35:00,2024-11-30 12:44:00,9,30,False,RC=12,2024-11-30
COMPLIANCE_RPT,RUNNING,2024-08-22 11:46:00,2024-08-22 12:06:00,20,55,False,,2024-08-22
INVEST_RECON_JOB,SUCCESS,2024-12-30 06:20:00,2024-12-30 06:33:00,13,45,False,,2024-12-30
SLA_MONITOR_BATCH,SUCCESS,2024-01-16 06:36:00,2024-01-16 06:48:00,12,15,False,,2024-01-16
RISK_CALC_JOB,SUCCESS,2024-11-04 14:15:00,2024-11-04 14:31:00,16,40,False,,2024-11-04
RISK_CALC_JOB,SUCCESS,2024-02-26 19:53:00,2024-02-26 20:19:00,26,40,False,,2024-02-26
COMPLIANCE_RPT,RUNNING,2024-03-22 07:29:00,2024-03-22 08:20:00,51,55,False,,2024-03-22
CASH_FLOW_EXTRACT,SUCCESS,2024-01-17 21:43:00,2024-01-17 21:54:00,11,20,False,,2024-01-17
COMPLIANCE_RPT,SUCCESS,2024-08-28 12:04:00,2024-08-28 12:35:00,31,55,False,,2024-08-28
SLA_MONITOR_BATCH,RUNNING,2024-10-02 03:45:00,2024-10-02 03:59:00,14,15,False,,2024-10-02
NAV_CALC_BATCH,LATE,2024-01-13 14:30:00,2024-01-13 16:17:00,107,50,True,,2024-01-13
TRADE_SETTLE_CHK,SUCCESS,2024-07-22 23:49:00,2024-07-22 23:55:00,6,35,False,,2024-07-22
TRANS_LOG_PARSER,SUCCESS,2024-09-18 20:41:00,2024-09-18 21:00:00,19,25,False,,2024-09-18
POSITION_SYNC,FAILED,2024-02-23 04:54:00,2024-02-23 04:59:00,5,20,False,JCL ERROR,2024-02-23
PERF_ATTR_JOB,FAILED,2024-03-27 11:26:00,2024-03-27 11:48:00,22,45,False,ABEND S0C7,2024-03-27
INVEST_RECON_JOB,RUNNING,2024-09-04 06:16:00,2024-09-04 06:27:00,11,45,False,,2024-09-04
TRANS_LOG_PARSER,SUCCESS,2024-02-07 14:57:00,2024-02-07 15:17:00,20,25,False,,2024-02-07
PERF_ATTR_JOB,SUCCESS,2024-05-13 10:18:00,2024-05-13 10:51:00,33,45,False,,2024-05-13
TRANS_LOG_PARSER,FAILED,2024-12-24 08:36:00,2024-12-24 08:41:00,5,25,False,JCL ERROR,2024-12-24
PORTF_RPT_DAILY,FAILED,2024-03-16 16:18:00,2024-03-16 16:19:00,1,30,False,RC=12,2024-03-16
EOD_CLOSE_PROC,SUCCESS,2024-07-04 22:18:00,2024-07-04 23:02:00,44,70,False,,2024-07-04
TRADE_SETTLE_CHK,SUCCESS,2024-11-20 09:30:00,2024-11-20 09:57:00,27,35,False,,2024-11-20
RISK_CALC_JOB,FAILED,2024-03-20 23:51:00,2024-03-20 23:56:00,5,40,False,RC=12,2024-03-20
FX_RATE_LOAD,SUCCESS,2024-07-15 08:40:00,2024-07-15 08:46:00,6,10,False,,2024-07-15
PORTF_RPT_DAILY,ABENDED,2024-10-25 09:09:00,2024-10-25 09:19:00,10,30,False,RC=8,2024-10-25
SLA_MONITOR_BATCH,SUCCESS,2024-09-17 23:55:00,2024-09-18 00:08:00,13,15,False,,2024-09-17
POSITION_SYNC,SUCCESS,2024-03-28 11:41:00,2024-03-28 11:48:00,7,20,False,,2024-03-28
FX_RATE_LOAD,ABENDED,2024-06-09 16:23:00,2024-06-09 16:27:00,4,10,False,ABEND S222,2024-06-09
NAV_CALC_BATCH,SUCCESS,2024-09-25 15:11:00,2024-09-25 15:46:00,35,50,False,,2024-09-25
EOD_CLOSE_PROC,SUCCESS,2024-12-08 02:21:00,2024-12-08 02:54:00,33,70,False,,2024-12-08
SLA_MONITOR_BATCH,SUCCESS,2024-03-17 08:38:00,2024-03-17 08:44:00,6,15,False,,2024-03-17
NAV_CALC_BATCH,SUCCESS,2024-09-12 14:36:00,2024-09-12 15:21:00,45,50,False,,2024-09-12
EOD_CLOSE_PROC,SUCCESS,2024-09-25 07:47:00,2024-09-25 08:17:00,30,70,False,,2024-09-25
TRANS_LOG_PARSER,FAILED,2024-07-23 20:06:00,2024-07-23 20:12:00,6,25,False,JCL ERROR,2024-07-23
CASH_FLOW_EXTRACT,SUCCESS,2024-09-30 23:34:00,2024-09-30 23:52:00,18,20,False,,2024-09-30
CASH_FLOW_EXTRACT,LATE,2024-01-29 14:36:00,2024-01-29 15:34:00,58,20,True,,2024-01-29
CLIENT_STMT_GEN,SUCCESS,2024-04-03 22:59:00,2024-04-03 23:45:00,46,60,False,,2024-04-03
COMPLIANCE_RPT,SUCCESS,2024-12-19 22:29:00,2024-12-19 22:45:00,16,55,False,,2024-12-19
PORTF_RPT_DAILY,LATE,2024-05-16 17:17:00,2024-05-16 17:57:00,40,30,True,,2024-05-16
TRADE_SETTLE_CHK,SUCCESS,2024-02-02 04:33:00,2024-02-02 04:47:00,14,35,False,,2024-02-02
PORTF_RPT_DAILY,SUCCESS,2024-05-04 18:48:00,2024-05-04 19:11:00,23,30,False,,2024-05-04
RISK_CALC_JOB,SUCCESS,2024-10-01 01:20:00,2024-10-01 01:29:00,9,40,False,,2024-10-01
CLIENT_STMT_GEN,SUCCESS,2024-08-14 02:30:00,2024-08-14 02:47:00,17,60,False,,2024-08-14
CASH_FLOW_EXTRACT,SUCCESS,2024-04-20 19:31:00,2024-04-20 19:40:00,9,20,False,,2024-04-20
FX_RATE_LOAD,SUCCESS,2024-08-08 03:46:00,2024-08-08 03:54:00,8,10,False,,2024-08-08
PERF_ATTR_JOB,SUCCESS,2024-10-28 20:39:00,2024-10-28 21:13:00,34,45,False,,2024-10-28
PORTF_RPT_DAILY,SUCCESS,2024-07-27 19:17:00,2024-07-27 19:37:00,20,30,False,,2024-07-27
NAV_CALC_BATCH,SUCCESS,2024-09-16 15:32:00,2024-09-16 15:55:00,23,50,False,,2024-09-16
NAV_CALC_BATCH,SUCCESS,2024-09-29 07:21:00,2024-09-29 07:43:00,22,50,False,,2024-09-29
NAV_CALC_BATCH,SUCCESS,2024-06-07 20:28:00,2024-06-07 20:40:00,12,50,False,,2024-06-07
PERF_ATTR_JOB,LATE,2024-09-06 00:20:00,2024-09-06 01:42:00,82,45,True,,2024-09-06
RISK_CALC_JOB,SUCCESS,2024-04-01 02:48:00,2024-04-01 03:20:00,32,40,False,,2024-04-01
NAV_CALC_BATCH,SUCCESS,2024-08-14 10:40:00,2024-08-14 11:28:00,48,50,False,,2024-08-14
DIVIDEND_PROC,ABENDED,2024-04-09 03:48:00,2024-04-09 03:52:00,4,30,False,RC=12,2024-04-09
SLA_MONITOR_BATCH,SUCCESS,2024-06-12 16:30:00,2024-06-12 16:36:00,6,15,False,,2024-06-12
NAV_CALC_BATCH,SUCCESS,2024-11-08 06:36:00,2024-11-08 07:24:00,48,50,False,,2024-11-08
INVEST_RECON_JOB,SUCCESS,2024-04-08 12:50:00,2024-04-08 13:05:00,15,45,False,,2024-04-08
COMPLIANCE_RPT,SUCCESS,2024-12-05 05:20:00,2024-12-05 05:58:00,38,55,False,,2024-12-05
RISK_CALC_JOB,FAILED,2024-08-01 23:17:00,2024-08-01 23:25:00,8,40,False,ABEND S0C7,2024-08-01
RISK_CALC_JOB,LATE,2024-06-04 11:09:00,2024-06-04 12:13:00,64,40,True,,2024-06-04
TRANS_LOG_PARSER,FAILED,2024-06-10 14:19:00,2024-06-10 14:26:00,7,25,False,JCL ERROR,2024-06-10
POSITION_SYNC,FAILED,2024-01-03 12:03:00,2024-01-03 12:10:00,7,20,False,ABEND S0C7,2024-01-03
NAV_CALC_BATCH,ABENDED,2024-08-21 08:01:00,2024-08-21 08:24:00,23,50,False,RC=12,2024-08-21
CLIENT_STMT_GEN,FAILED,2024-05-11 09:53:00,2024-05-11 10:05:00,12,60,False,RC=8,2024-05-11
TRANS_LOG_PARSER,SUCCESS,2024-07-14 10:35:00,2024-07-14 10:57:00,22,25,False,,2024-07-14
TRADE_SETTLE_CHK,SUCCESS,2024-04-20 19:32:00,2024-04-20 19:51:00,19,35,False,,2024-04-20
COMPLIANCE_RPT,SUCCESS,2024-02-08 07:10:00,2024-02-08 07:35:00,25,55,False,,2024-02-08
TRADE_SETTLE_CHK,SUCCESS,2024-10-30 15:02:00,2024-10-30 15:31:00,29,35,False,,2024-10-30
NAV_CALC_BATCH,SUCCESS,2024-12-27 15:15:00,2024-12-27 15:37:00,22,50,False,,2024-12-27
FX_RATE_LOAD,SUCCESS,2024-01-31 03:03:00,2024-01-31 03:10:00,7,10,False,,2024-01-31
SLA_MONITOR_BATCH,SUCCESS,2024-08-12 09:07:00,2024-08-12 09:19:00,12,15,False,,2024-08-12
INVEST_RECON_JOB,RUNNING,2024-02-07 10:49:00,2024-02-07 11:20:00,31,45,False,,2024-02-07
COMPLIANCE_RPT,SUCCESS,2024-03-18 18:19:00,2024-03-18 19:00:00,41,55,False,,2024-03-18
CLIENT_STMT_GEN,SUCCESS,2024-08-12 07:20:00,2024-08-12 08:01:00,41,60,False,,2024-08-12
DIVIDEND_PROC,FAILED,2024-05-13 17:33:00,2024-05-13 17:47:00,14,30,False,ABEND S0C7,2024-05-13
TRADE_SETTLE_CHK,SUCCESS,2024-02-04 22:45:00,2024-02-04 23:13:00,28,35,False,,2024-02-04
TRANS_LOG_PARSER,LATE,2024-07-03 14:47:00,2024-07-03 15:30:00,43,25,True,,2024-07-03
INVEST_RECON_JOB,SUCCESS,2024-04-26 14:23:00,2024-04-26 14:49:00,26,45,False,,2024-04-26
CLIENT_STMT_GEN,FAILED,2024-12-26 08:16:00,2024-12-26 08:36:00,20,60,False,RC=8,2024-12-26
INVEST_RECON_JOB,SUCCESS,2024-07-29 13:25:00,2024-07-29 14:01:00,36,45,False,,2024-07-29
PERF_ATTR_JOB,SUCCESS,2024-09-27 01:58:00,2024-09-27 02:35:00,37,45,False,,2024-09-27
TRANS_LOG_PARSER,SUCCESS,2024-08-11 01:32:00,2024-08-11 01:47:00,15,25,False,,2024-08-11
PERF_ATTR_JOB,SUCCESS,2024-05-24 18:21:00,2024-05-24 18:30:00,9,45,False,,2024-05-24
TRADE_SETTLE_CHK,SUCCESS,2024-02-17 17:49:00,2024-02-17 17:57:00,8,35,False,,2024-02-17
DIVIDEND_PROC,SUCCESS,2024-09-19 02:36:00,2024-09-19 02:55:00,19,30,False,,2024-09-19
FX_RATE_LOAD,FAILED,2024-04-07 02:49:00,2024-04-07 02:53:00,4,10,False,ABEND S0C7,2024-04-07
RISK_CALC_JOB,SUCCESS,2024-03-18 20:21:00,2024-03-18 20:30:00,9,40,False,,2024-03-18
INVEST_RECON_JOB,SUCCESS,2024-06-22 14:33:00,2024-06-22 15:05:00,32,45,False,,2024-06-22
EOD_CLOSE_PROC,SUCCESS,2024-10-21 09:00:00,2024-10-21 09:54:00,54,70,False,,2024-10-21
PORTF_RPT_DAILY,SUCCESS,2024-06-14 13:09:00,2024-06-14 13:22:00,13,30,False,,2024-06-14
COMPLIANCE_RPT,SUCCESS,2024-12-11 10:34:00,2024-12-11 11:08:00,34,55,False,,2024-12-11
NAV_CALC_BATCH,FAILED,2024-10-21 11:57:00,2024-10-21 12:20:00,23,50,False,JCL ERROR,2024-10-21
INVEST_RECON_JOB,SUCCESS,2024-03-16 06:19:00,2024-03-16 06:35:00,16,45,False,,2024-03-16
CASH_FLOW_EXTRACT,SUCCESS,2024-11-04 01:49:00,2024-11-04 01:56:00,7,20,False,,2024-11-04
DIVIDEND_PROC,SUCCESS,2024-02-05 10:55:00,2024-02-05 11:10:00,15,30,False,,2024-02-05
EOD_CLOSE_PROC,SUCCESS,2024-04-16 06:19:00,2024-04-16 06:44:00,25,70,False,,2024-04-16
POSITION_SYNC,LATE,2024-04-29 06:49:00,2024-04-29 07:36:00,47,20,True,,2024-04-29
PORTF_RPT_DAILY,SUCCESS,2024-08-13 03:53:00,2024-08-13 04:10:00,17,30,False,,2024-08-13
PORTF_RPT_DAILY,SUCCESS,2024-04-16 12:03:00,2024-04-16 12:22:00,19,30,False,,2024-04-16
RISK_CALC_JOB,SUCCESS,2024-04-15 12:37:00,2024-04-15 12:49:00,12,40,False,,2024-04-15
CASH_FLOW_EXTRACT,LATE,2024-09-16 18:46:00,2024-09-16 19:44:00,58,20,True,,2024-09-16
CASH_FLOW_EXTRACT,SUCCESS,2024-04-17 03:31:00,2024-04-17 03:47:00,16,20,False,,2024-04-17
FX_RATE_LOAD,SUCCESS,2024-06-11 13:12:00,2024-06-11 13:18:00,6,10,False,,2024-06-11
CASH_FLOW_EXTRACT,FAILED,2024-07-03 15:16:00,2024-07-03 15:25:00,9,20,False,RC=8,2024-07-03
RISK_CALC_JOB,SUCCESS,2024-07-13 13:25:00,2024-07-13 13:36:00,11,40,False,,2024-07-13
TRANS_LOG_PARSER,SUCCESS,2024-06-07 02:27:00,2024-06-07 02:41:00,14,25,False,,2024-06-07
CLIENT_STMT_GEN,LATE,2024-02-13 20:41:00,2024-02-13 22:37:00,116,60,True,,2024-02-13
POSITION_SYNC,ABENDED,2024-01-09 08:46:00,2024-01-09 08:52:00,6,20,False,RC=8,2024-01-09
INVEST_RECON_JOB,ABENDED,2024-03-31 18:00:00,2024-03-31 18:05:00,5,45,False,JCL ERROR,2024-03-31
INVEST_RECON_JOB,SUCCESS,2024-08-28 01:03:00,2024-08-28 01:46:00,43,45,False,,2024-08-28
PERF_ATTR_JOB,SUCCESS,2024-12-04 09:23:00,2024-12-04 10:07:00,44,45,False,,2024-12-04
POSITION_SYNC,ABENDED,2024-08-02 05:11:00,2024-08-02 05:20:00,9,20,False,RC=12,2024-08-02
TRADE_SETTLE_CHK,ABENDED,2024-12-08 05:23:00,2024-12-08 05:27:00,4,35,False,RC=12,2024-12-08
PORTF_RPT_DAILY,SUCCESS,2024-06-05 12:40:00,2024-06-05 12:56:00,16,30,False,,2024-06-05
EOD_CLOSE_PROC,ABENDED,2024-11-14 10:01:00,2024-11-14 10:03:00,2,70,False,ABEND S0C7,2024-11-14
PORTF_RPT_DAILY,RUNNING,2024-01-18 23:55:00,2024-01-19 00:04:00,9,30,False,,2024-01-18
EOD_CLOSE_PROC,SUCCESS,2024-10-03 12:48:00,2024-10-03 13:14:00,26,70,False,,2024-10-03
INVEST_RECON_JOB,SUCCESS,2024-06-27 07:05:00,2024-06-27 07:36:00,31,45,False,,2024-06-27
CASH_FLOW_EXTRACT,SUCCESS,2024-08-31 14:26:00,2024-08-31 14:44:00,18,20,False,,2024-08-31
EOD_CLOSE_PROC,SUCCESS,2024-03-09 19:51:00,2024-03-09 19:56:00,5,70,False,,2024-03-09
SLA_MONITOR_BATCH,SUCCESS,2024-05-11 04:20:00,2024-05-11 04:33:00,13,15,False,,2024-05-11
TRANS_LOG_PARSER,LATE,2024-12-08 22:06:00,2024-12-08 23:06:00,60,25,True,,2024-12-08
RISK_CALC_JOB,FAILED,2024-10-19 06:08:00,2024-10-19 06:16:00,8,40,False,JCL ERROR,2024-10-19
INVEST_RECON_JOB,ABENDED,2024-03-14 07:42:00,2024-03-14 07:45:00,3,45,False,RC=8,2024-03-14
TRADE_SETTLE_CHK,SUCCESS,2024-11-10 03:15:00,2024-11-10 03:27:00,12,35,False,,2024-11-10
SLA_MONITOR_BATCH,SUCCESS,2024-12-03 09:21:00,2024-12-03 09:33:00,12,15,False,,2024-12-03
NAV_CALC_BATCH,SUCCESS,2024-09-21 18:56:00,2024-09-21 19:18:00,22,50,False,,2024-09-21
PERF_ATTR_JOB,RUNNING,2024-06-16 13:23:00,2024-06-16 13:37:00,14,45,False,,2024-06-16
FX_RATE_LOAD,FAILED,2024-01-18 23:57:00,2024-01-19 00:01:00,4,10,False,RC=8,2024-01-18
PERF_ATTR_JOB,SUCCESS,2024-04-03 00:09:00,2024-04-03 00:16:00,7,45,False,,2024-04-03
COMPLIANCE_RPT,FAILED,2024-03-23 12:20:00,2024-03-23 12:21:00,1,55,False,JCL ERROR,2024-03-23
RISK_CALC_JOB,SUCCESS,2024-06-25 06:40:00,2024-06-25 07:10:00,30,40,False,,2024-06-25
RISK_CALC_JOB,LATE,2024-08-20 19:16:00,2024-08-20 20:35:00,79,40,True,,2024-08-20
RISK_CALC_JOB,SUCCESS,2024-05-23 20:49:00,2024-05-23 21:26:00,37,40,False,,2024-05-23
EOD_CLOSE_PROC,SUCCESS,2024-04-05 08:21:00,2024-04-05 09:28:00,67,70,False,,2024-04-05
PERF_ATTR_JOB,SUCCESS,2024-12-05 03:42:00,2024-12-05 04:08:00,26,45,False,,2024-12-05
PERF_ATTR_JOB,SUCCESS,2024-02-02 11:27:00,2024-02-02 11:33:00,6,45,False,,2024-02-02
DIVIDEND_PROC,SUCCESS,2024-04-26 14:53:00,2024-04-26 15:01:00,8,30,False,,2024-04-26
CASH_FLOW_EXTRACT,SUCCESS,2024-05-31 04:55:00,2024-05-31 05:05:00,10,20,False,,2024-05-31
SLA_MONITOR_BATCH,SUCCESS,2024-10-10 02:55:00,2024-10-10 03:08:00,13,15,False,,2024-10-10
INVEST_RECON_JOB,SUCCESS,2024-09-18 06:09:00,2024-09-18 06:28:00,19,45,False,,2024-09-18
PERF_ATTR_JOB,SUCCESS,2024-06-30 16:38:00,2024-06-30 16:52:00,14,45,False,,2024-06-30
FX_RATE_LOAD,ABENDED,2024-09-25 01:51:00,2024-09-25 01:56:00,5,10,False,ABEND S0C7,2024-09-25
DIVIDEND_PROC,SUCCESS,2024-09-28 05:23:00,2024-09-28 05:33:00,10,30,False,,2024-09-28
CASH_FLOW_EXTRACT,FAILED,2024-11-21 20:54:00,2024-11-21 21:04:00,10,20,False,RC=12,2024-11-21
COMPLIANCE_RPT,LATE,2024-03-18 17:39:00,2024-03-18 19:06:00,87,55,True,,2024-03-18
COMPLIANCE_RPT,SUCCESS,2024-01-26 12:18:00,2024-01-26 12:47:00,29,55,False,,2024-01-26
EOD_CLOSE_PROC,SUCCESS,2024-08-03 15:29:00,2024-08-03 16:15:00,46,70,False,,2024-08-03
INVEST_RECON_JOB,FAILED,2024-06-02 00:04:00,2024-06-02 00:13:00,9,45,False,JCL ERROR,2024-06-02
NAV_CALC_BATCH,SUCCESS,2024-11-09 19:04:00,2024-11-09 19:12:00,8,50,False,,2024-11-09
PERF_ATTR_JOB,SUCCESS,2024-03-14 15:52:00,2024-03-14 16:07:00,15,45,False,,2024-03-14
PERF_ATTR_JOB,LATE,2024-05-04 12:50:00,2024-05-04 13:50:00,60,45,True,,2024-05-04
NAV_CALC_BATCH,SUCCESS,2024-10-29 06:15:00,2024-10-29 06:42:00,27,50,False,,2024-10-29
CASH_FLOW_EXTRACT,SUCCESS,2024-05-21 04:57:00,2024-05-21 05:08:00,11,20,False,,2024-05-21
CASH_FLOW_EXTRACT,FAILED,2024-10-26 21:09:00,2024-10-26 21:13:00,4,20,False,ABEND S222,2024-10-26
INVEST_RECON_JOB,FAILED,2024-06-16 00:40:00,2024-06-16 00:44:00,4,45,False,JCL ERROR,2024-06-16
SLA_MONITOR_BATCH,SUCCESS,2024-11-17 19:30:00,2024-11-17 19:38:00,8,15,False,,2024-11-17
NAV_CALC_BATCH,SUCCESS,2024-03-04 17:47:00,2024-03-04 18:31:00,44,50,False,,2024-03-04
RISK_CALC_JOB,SUCCESS,2024-06-23 08:02:00,2024-06-23 08:31:00,29,40,False,,2024-06-23
COMPLIANCE_RPT,RUNNING,2024-02-27 20:29:00,2024-02-27 21:01:00,32,55,False,,2024-02-27
FX_RATE_LOAD,SUCCESS,2024-12-29 22:55:00,2024-12-29 23:03:00,8,10,False,,2024-12-29
PERF_ATTR_JOB,SUCCESS,2024-09-24 03:05:00,2024-09-24 03:48:00,43,45,False,,2024-09-24
FX_RATE_LOAD,ABENDED,2024-05-03 21:31:00,2024-05-03 21:35:00,4,10,False,ABEND S222,2024-05-03
PORTF_RPT_DAILY,SUCCESS,2024-05-23 23:46:00,2024-05-23 23:59:00,13,30,False,,2024-05-23
EOD_CLOSE_PROC,SUCCESS,2024-09-17 10:26:00,2024-09-17 11:03:00,37,70,False,,2024-09-17
TRANS_LOG_PARSER,SUCCESS,2024-02-21 22:51:00,2024-02-21 23:11:00,20,25,False,,2024-02-21
CLIENT_STMT_GEN,SUCCESS,2024-04-23 18:27:00,2024-04-23 19:14:00,47,60,False,,2024-04-23
SLA_MONITOR_BATCH,SUCCESS,2024-12-28 15:35:00,2024-12-28 15:49:00,14,15,False,,2024-12-28
COMPLIANCE_RPT,SUCCESS,2024-11-06 16:55:00,2024-11-06 17:42:00,47,55,False,,2024-11-06
POSITION_SYNC,SUCCESS,2024-02-25 18:53:00,2024-02-25 19:10:00,17,20,False,,2024-02-25
NAV_CALC_BATCH,LATE,2024-10-21 03:07:00,2024-10-21 04:50:00,103,50,True,,2024-10-21
CLIENT_STMT_GEN,SUCCESS,2024-12-10 22:57:00,2024-12-10 23:40:00,43,60,False,,2024-12-10
POSITION_SYNC,ABENDED,2024-01-21 11:41:00,2024-01-21 11:49:00,8,20,False,ABEND S222,2024-01-21
FX_RATE_LOAD,ABENDED,2024-01-20 12:52:00,2024-01-20 12:56:00,4,10,False,RC=8,2024-01-20
CLIENT_STMT_GEN,SUCCESS,2024-01-13 20:21:00,2024-01-13 20:32:00,11,60,False,,2024-01-13
SLA_MONITOR_BATCH,RUNNING,2024-01-15 23:29:00,2024-01-15 23:38:00,9,15,False,,2024-01-15
TRANS_LOG_PARSER,ABENDED,2024-06-25 11:15:00,2024-06-25 11:20:00,5,25,False,ABEND S222,2024-06-25
PERF_ATTR_JOB,SUCCESS,2024-08-22 22:40:00,2024-08-22 23:01:00,21,45,False,,2024-08-22
PERF_ATTR_JOB,FAILED,2024-04-17 17:49:00,2024-04-17 18:07:00,18,45,False,ABEND S0C7,2024-04-17
TRADE_SETTLE_CHK,SUCCESS,2024-06-27 05:54:00,2024-06-27 06:14:00,20,35,False,,2024-06-27
COMPLIANCE_RPT,SUCCESS,2024-06-29 19:34:00,2024-06-29 20:26:00,52,55,False,,2024-06-29
PERF_ATTR_JOB,ABENDED,2024-04-26 10:53:00,2024-04-26 11:03:00,10,45,False,RC=8,2024-04-26
EOD_CLOSE_PROC,FAILED,2024-11-23 12:20:00,2024-11-23 12:52:00,32,70,False,RC=12,2024-11-23
PERF_ATTR_JOB,SUCCESS,2024-05-15 22:31:00,2024-05-15 22:58:00,27,45,False,,2024-05-15
TRANS_LOG_PARSER,ABENDED,2024-07-04 05:10:00,2024-07-04 05:16:00,6,25,False,RC=8,2024-07-04
CASH_FLOW_EXTRACT,SUCCESS,2024-06-07 16:44:00,2024-06-07 16:59:00,15,20,False,,2024-06-07
DIVIDEND_PROC,SUCCESS,2024-10-13 17:11:00,2024-10-13 17:28:00,17,30,False,,2024-10-13
FX_RATE_LOAD,FAILED,2024-04-11 02:05:00,2024-04-11 02:10:00,5,10,False,ABEND S222,2024-04-11
COMPLIANCE_RPT,SUCCESS,2024-06-23 17:22:00,2024-06-23 17:52:00,30,55,False,,2024-06-23
INVEST_RECON_JOB,RUNNING,2024-02-23 23:52:00,2024-02-24 00:15:00,23,45,False,,2024-02-23
FX_RATE_LOAD,SUCCESS,2024-02-12 10:14:00,2024-02-12 10:22:00,8,10,False,,2024-02-12
COMPLIANCE_RPT,SUCCESS,2024-10-07 04:42:00,2024-10-07 05:04:00,22,55,False,,2024-10-07
PORTF_RPT_DAILY,SUCCESS,2024-12-21 07:15:00,2024-12-21 07:27:00,12,30,False,,2024-12-21
RISK_CALC_JOB,SUCCESS,2024-04-20 04:00:00,2024-04-20 04:23:00,23,40,False,,2024-04-20
CLIENT_STMT_GEN,LATE,2024-11-09 15:53:00,2024-11-09 17:26:00,93,60,True,,2024-11-09
POSITION_SYNC,SUCCESS,2024-10-17 06:26:00,2024-10-17 06:33:00,7,20,False,,2024-10-17
COMPLIANCE_RPT,SUCCESS,2024-07-23 20:36:00,2024-07-23 21:05:00,29,55,False,,2024-07-23
TRADE_SETTLE_CHK,SUCCESS,2024-07-05 08:27:00,2024-07-05 08:43:00,16,35,False,,2024-07-05
TRANS_LOG_PARSER,RUNNING,2024-04-30 10:34:00,2024-04-30 10:50:00,16,25,False,,2024-04-30
CASH_FLOW_EXTRACT,LATE,2024-03-09 10:55:00,2024-03-09 12:12:00,77,20,True,,2024-03-09
TRADE_SETTLE_CHK,SUCCESS,2024-10-02 18:08:00,2024-10-02 18:16:00,8,35,False,,2024-10-02
EOD_CLOSE_PROC,FAILED,2024-09-16 22:30:00,2024-09-16 23:05:00,35,70,False,ABEND S0C7,2024-09-16
CASH_FLOW_EXTRACT,ABENDED,2024-11-05 07:46:00,2024-11-05 07:52:00,6,20,False,JCL ERROR,2024-11-05
COMPLIANCE_RPT,LATE,2024-08-26 08:36:00,2024-08-26 10:29:00,113,55,True,,2024-08-26
PORTF_RPT_DAILY,SUCCESS,2024-08-12 15:37:00,2024-08-12 15:55:00,18,30,False,,2024-08-12
CASH_FLOW_EXTRACT,LATE,2024-03-28 00:35:00,2024-03-28 01:28:00,53,20,True,,2024-03-28
DIVIDEND_PROC,FAILED,2024-06-26 15:55:00,2024-06-26 16:07:00,12,30,False,RC=12,2024-06-26
CASH_FLOW_EXTRACT,FAILED,2024-02-03 23:17:00,2024-02-03 23:27:00,10,20,False,ABEND S0C7,2024-02-03
EOD_CLOSE_PROC,FAILED,2024-11-02 15:27:00,2024-11-02 15:36:00,9,70,False,ABEND S222,2024-11-02
CLIENT_STMT_GEN,FAILED,2024-06-07 17:44:00,2024-06-07 18:06:00,22,60,False,ABEND S0C7,2024-06-07
TRANS_LOG_PARSER,SUCCESS,2024-09-17 13:09:00,2024-09-17 13:31:00,22,25,False,,2024-09-17
NAV_CALC_BATCH,SUCCESS,2024-01-04 19:03:00,2024-01-04 19:30:00,27,50,False,,2024-01-04
FX_RATE_LOAD,SUCCESS,2024-02-06 19:04:00,2024-02-06 19:13:00,9,10,False,,2024-02-06
POSITION_SYNC,FAILED,2024-04-09 07:38:00,2024-04-09 07:41:00,3,20,False,RC=12,2024-04-09
PORTF_RPT_DAILY,SUCCESS,2024-09-10 23:07:00,2024-09-10 23:22:00,15,30,False,,2024-09-10
CASH_FLOW_EXTRACT,SUCCESS,2024-07-25 18:44:00,2024-07-25 18:59:00,15,20,False,,2024-07-25
POSITION_SYNC,ABENDED,2024-07-14 22:30:00,2024-07-14 22:33:00,3,20,False,ABEND S0C7,2024-07-14
INVEST_RECON_JOB,SUCCESS,2024-06-30 05:45:00,2024-06-30 06:17:00,32,45,False,,2024-06-30
EOD_CLOSE_PROC,SUCCESS,2024-02-16 05:16:00,2024-02-16 06:12:00,56,70,False,,2024-02-16
CLIENT_STMT_GEN,SUCCESS,2024-11-27 20:05:00,2024-11-27 20:31:00,26,60,False,,2024-11-27
RISK_CALC_JOB,FAILED,2024-09-25 08:01:00,2024-09-25 08:21:00,20,40,False,RC=8,2024-09-25
DIVIDEND_PROC,SUCCESS,2024-07-10 03:10:00,2024-07-10 03:15:00,5,30,False,,2024-07-10
DIVIDEND_PROC,SUCCESS,2024-06-16 12:19:00,2024-06-16 12:24:00,5,30,False,,2024-06-16
PERF_ATTR_JOB,RUNNING,2024-10-15 11:54:00,2024-10-15 12:03:00,9,45,False,,2024-10-15
INVEST_RECON_JOB,SUCCESS,2024-11-13 15:11:00,2024-11-13 15:50:00,39,45,False,,2024-11-13
CLIENT_STMT_GEN,LATE,2024-02-19 21:58:00,2024-02-19 23:12:00,74,60,True,,2024-02-19
FX_RATE_LOAD,SUCCESS,2024-03-31 14:45:00,2024-03-31 14:51:00,6,10,False,,2024-03-31
DIVIDEND_PROC,SUCCESS,2024-08-15 00:39:00,2024-08-15 00:45:00,6,30,False,,2024-08-15
EOD_CLOSE_PROC,SUCCESS,2024-03-02 09:59:00,2024-03-02 10:41:00,42,70,False,,2024-03-02
CASH_FLOW_EXTRACT,SUCCESS,2024-04-02 18:33:00,2024-04-02 18:40:00,7,20,False,,2024-04-02
EOD_CLOSE_PROC,SUCCESS,2024-04-08 19:09:00,2024-04-08 19:57:00,48,70,False,,2024-04-08
RISK_CALC_JOB,RUNNING,2024-10-07 12:50:00,2024-10-07 13:23:00,33,40,False,,2024-10-07
CASH_FLOW_EXTRACT,FAILED,2024-02-03 10:15:00,2024-02-03 10:21:00,6,20,False,RC=12,2024-02-03
CLIENT_STMT_GEN,LATE,2024-09-08 06:50:00,2024-09-08 08:20:00,90,60,True,,2024-09-08
PORTF_RPT_DAILY,SUCCESS,2024-09-02 21:45:00,2024-09-02 22:14:00,29,30,False,,2024-09-02
COMPLIANCE_RPT,SUCCESS,2024-09-23 02:42:00,2024-09-23 03:28:00,46,55,False,,2024-09-23
TRANS_LOG_PARSER,RUNNING,2024-10-15 18:44:00,2024-10-15 19:06:00,22,25,False,,2024-10-15
DIVIDEND_PROC,SUCCESS,2024-10-06 20:12:00,2024-10-06 20:26:00,14,30,False,,2024-10-06
TRANS_LOG_PARSER,SUCCESS,2024-04-11 09:40:00,2024-04-11 09:58:00,18,25,False,,2024-04-11
POSITION_SYNC,SUCCESS,2024-02-12 15:01:00,2024-02-12 15:13:00,12,20,False,,2024-02-12
CASH_FLOW_EXTRACT,SUCCESS,2024-09-04 19:24:00,2024-09-04 19:33:00,9,20,False,,2024-09-04
RISK_CALC_JOB,LATE,2024-05-27 21:44:00,2024-05-27 22:32:00,48,40,True,,2024-05-27
DIVIDEND_PROC,ABENDED,2024-04-06 02:19:00,2024-04-06 02:34:00,15,30,False,JCL ERROR,2024-04-06
TRADE_SETTLE_CHK,RUNNING,2024-10-04 05:41:00,2024-10-04 05:56:00,15,35,False,,2024-10-04
TRADE_SETTLE_CHK,SUCCESS,2024-01-15 01:19:00,2024-01-15 01:36:00,17,35,False,,2024-01-15
CLIENT_STMT_GEN,SUCCESS,2024-10-02 01:52:00,2024-10-02 02:49:00,57,60,False,,2024-10-02
NAV_CALC_BATCH,ABENDED,2024-09-17 16:54:00,2024-09-17 17:00:00,6,50,False,JCL ERROR,2024-09-17
TRANS_LOG_PARSER,FAILED,2024-01-23 06:06:00,2024-01-23 06:14:00,8,25,False,RC=12,2024-01-23
EOD_CLOSE_PROC,SUCCESS,2024-06-12 02:45:00,2024-06-12 03:16:00,31,70,False,,2024-06-12
RISK_CALC_JOB,SUCCESS,2024-11-23 19:00:00,2024-11-23 19:07:00,7,40,False,,2024-11-23
EOD_CLOSE_PROC,SUCCESS,2024-12-18 03:59:00,2024-12-18 04:41:00,42,70,False,,2024-12-18
PORTF_RPT_DAILY,RUNNING,2024-12-03 10:11:00,2024-12-03 10:28:00,17,30,False,,2024-12-03
COMPLIANCE_RPT,SUCCESS,2024-07-24 01:09:00,2024-07-24 01:23:00,14,55,False,,2024-07-24
FX_RATE_LOAD,SUCCESS,2024-12-08 08:56:00,2024-12-08 09:04:00,8,10,False,,2024-12-08
NAV_CALC_BATCH,SUCCESS,2024-11-16 09:13:00,2024-11-16 09:59:00,46,50,False,,2024-11-16
TRADE_SETTLE_CHK,RUNNING,2024-07-28 22:00:00,2024-07-28 22:18:00,18,35,False,,2024-07-28
COMPLIANCE_RPT,SUCCESS,2024-05-22 06:52:00,2024-05-22 07:46:00,54,55,False,,2024-05-22
RISK_CALC_JOB,SUCCESS,2024-01-06 20:44:00,2024-01-06 21:14:00,30,40,False,,2024-01-06
PORTF_RPT_DAILY,FAILED,2024-08-17 04:42:00,2024-08-17 04:54:00,12,30,False,RC=12,2024-08-17
CASH_FLOW_EXTRACT,SUCCESS,2024-02-29 05:57:00,2024-02-29 06:14:00,17,20,False,,2024-02-29
RISK_CALC_JOB,SUCCESS,2024-10-01 10:10:00,2024-10-01 10:31:00,21,40,False,,2024-10-01
NAV_CALC_BATCH,FAILED,2024-12-21 12:18:00,2024-12-21 12:36:00,18,50,False,ABEND S0C7,2024-12-21
SLA_MONITOR_BATCH,ABENDED,2024-05-13 03:48:00,2024-05-13 03:49:00,1,15,False,ABEND S222,2024-05-13
COMPLIANCE_RPT,RUNNING,2024-04-13 02:35:00,2024-04-13 03:11:00,36,55,False,,2024-04-13
CLIENT_STMT_GEN,SUCCESS,2024-01-19 15:30:00,2024-01-19 15:41:00,11,60,False,,2024-01-19
CASH_FLOW_EXTRACT,SUCCESS,2024-07-17 05:05:00,2024-07-17 05:22:00,17,20,False,,2024-07-17
TRADE_SETTLE_CHK,ABENDED,2024-05-03 13:39:00,2024-05-03 13:51:00,12,35,False,ABEND S222,2024-05-03
TRADE_SETTLE_CHK,SUCCESS,2024-11-01 01:42:00,2024-11-01 02:16:00,34,35,False,,2024-11-01
DIVIDEND_PROC,FAILED,2024-04-06 06:46:00,2024-04-06 06:52:00,6,30,False,RC=8,2024-04-06
FX_RATE_LOAD,SUCCESS,2024-03-19 10:55:00,2024-03-19 11:02:00,7,10,False,,2024-03-19
EOD_CLOSE_PROC,SUCCESS,2024-08-24 06:57:00,2024-08-24 07:09:00,12,70,False,,2024-08-24
POSITION_SYNC,SUCCESS,2024-05-29 16:04:00,2024-05-29 16:12:00,8,20,False,,2024-05-29
INVEST_RECON_JOB,SUCCESS,2024-06-20 21:46:00,2024-06-20 22:19:00,33,45,False,,2024-06-20
PORTF_RPT_DAILY,ABENDED,2024-02-05 07:38:00,2024-02-05 07:47:00,9,30,False,ABEND S0C7,2024-02-05
DIVIDEND_PROC,SUCCESS,2024-10-07 10:03:00,2024-10-07 10:11:00,8,30,False,,2024-10-07
NAV_CALC_BATCH,SUCCESS,2024-09-22 17:01:00,2024-09-22 17:45:00,44,50,False,,2024-09-22
TRADE_SETTLE_CHK,SUCCESS,2024-06-13 11:02:00,2024-06-13 11:11:00,9,35,False,,2024-06-13
EOD_CLOSE_PROC,SUCCESS,2024-04-29 00:24:00,2024-04-29 00:29:00,5,70,False,,2024-04-29
FX_RATE_LOAD,SUCCESS,2024-07-17 18:07:00,2024-07-17 18:13:00,6,10,False,,2024-07-17
PERF_ATTR_JOB,SUCCESS,2024-10-15 17:04:00,2024-10-15 17:10:00,6,45,False,,2024-10-15
NAV_CALC_BATCH,ABENDED,2024-08-31 18:41:00,2024-08-31 18:54:00,13,50,False,ABEND S0C7,2024-08-31
NAV_CALC_BATCH,SUCCESS,2024-08-18 23:15:00,2024-08-19 00:03:00,48,50,False,,2024-08-18
RISK_CALC_JOB,SUCCESS,2024-06-25 20:29:00,2024-06-25 21:04:00,35,40,False,,2024-06-25
EOD_CLOSE_PROC,RUNNING,2024-08-20 17:56:00,2024-08-20 18:47:00,51,70,False,,2024-08-20
CLIENT_STMT_GEN,SUCCESS,2024-11-22 23:11:00,2024-11-22 23:40:00,29,60,False,,2024-11-22
SLA_MONITOR_BATCH,RUNNING,2024-07-07 23:01:00,2024-07-07 23:12:00,11,15,False,,2024-07-07
PERF_ATTR_JOB,SUCCESS,2024-01-22 14:26:00,2024-01-22 15:05:00,39,45,False,,2024-01-22
COMPLIANCE_RPT,SUCCESS,2024-07-24 04:53:00,2024-07-24 05:38:00,45,55,False,,2024-07-24
TRANS_LOG_PARSER,SUCCESS,2024-07-26 13:56:00,2024-07-26 14:14:00,18,25,False,,2024-07-26
RISK_CALC_JOB,FAILED,2024-08-15 12:29:00,2024-08-15 12:41:00,12,40,False,ABEND S0C7,2024-08-15
TRANS_LOG_PARSER,FAILED,2024-03-09 23:33:00,2024-03-09 23:37:00,4,25,False,RC=12,2024-03-09
CLIENT_STMT_GEN,FAILED,2024-10-18 06:55:00,2024-10-18 07:19:00,24,60,False,JCL ERROR,2024-10-18
TRANS_LOG_PARSER,RUNNING,2024-10-07 13:23:00,2024-10-07 13:37:00,14,25,False,,2024-10-07
CLIENT_STMT_GEN,SUCCESS,2024-08-28 03:34:00,2024-08-28 04:20:00,46,60,False,,2024-08-28
RISK_CALC_JOB,SUCCESS,2024-11-15 13:03:00,2024-11-15 13:20:00,17,40,False,,2024-11-15
CLIENT_STMT_GEN,SUCCESS,2024-03-21 21:24:00,2024-03-21 22:02:00,38,60,False,,2024-03-21
POSITION_SYNC,SUCCESS,2024-08-14 00:44:00,2024-08-14 00:52:00,8,20,False,,2024-08-14
POSITION_SYNC,SUCCESS,2024-03-29 08:47:00,2024-03-29 09:02:00,15,20,False,,2024-03-29
FX_RATE_LOAD,FAILED,2024-11-24 12:36:00,2024-11-24 12:38:00,2,10,False,RC=12,2024-11-24
POSITION_SYNC,SUCCESS,2024-05-05 23:08:00,2024-05-05 23:25:00,17,20,False,,2024-05-05
EOD_CLOSE_PROC,SUCCESS,2024-11-08 19:33:00,2024-11-08 19:42:00,9,70,False,,2024-11-08
NAV_CALC_BATCH,SUCCESS,2024-02-03 02:01:00,2024-02-03 02:06:00,5,50,False,,2024-02-03
EOD_CLOSE_PROC,ABENDED,2024-01-28 10:54:00,2024-01-28 11:00:00,6,70,False,ABEND S0C7,2024-01-28
EOD_CLOSE_PROC,RUNNING,2024-04-13 23:09:00,2024-04-13 23:41:00,32,70,False,,2024-04-13
SLA_MONITOR_BATCH,ABENDED,2024-07-04 19:58:00,2024-07-04 20:01:00,3,15,False,JCL ERROR,2024-07-04
EOD_CLOSE_PROC,ABENDED,2024-08-31 10:45:00,2024-08-31 10:57:00,12,70,False,ABEND S0C7,2024-08-31
SLA_MONITOR_BATCH,SUCCESS,2024-10-14 05:57:00,2024-10-14 06:04:00,7,15,False,,2024-10-14
INVEST_RECON_JOB,SUCCESS,2024-09-29 19:26:00,2024-09-29 19:41:00,15,45,False,,2024-09-29
DIVIDEND_PROC,SUCCESS,2024-08-28 22:17:00,2024-08-28 22:44:00,27,30,False,,2024-08-28
COMPLIANCE_RPT,RUNNING,2024-02-28 21:09:00,2024-02-28 21:42:00,33,55,False,,2024-02-28
CASH_FLOW_EXTRACT,FAILED,2024-03-10 12:30:00,2024-03-10 12:37:00,7,20,False,ABEND S222,2024-03-10
INVEST_RECON_JOB,FAILED,2024-10-27 22:52:00,2024-10-27 23:04:00,12,45,False,ABEND S222,2024-10-27
FX_RATE_LOAD,SUCCESS,2024-08-17 00:31:00,2024-08-17 00:40:00,9,10,False,,2024-08-17
TRANS_LOG_PARSER,RUNNING,2024-02-13 11:04:00,2024-02-13 11:14:00,10,25,False,,2024-02-13
INVEST_RECON_JOB,SUCCESS,2024-12-12 12:58:00,2024-12-12 13:12:00,14,45,False,,2024-12-12
CASH_FLOW_EXTRACT,LATE,2024-12-08 06:40:00,2024-12-08 07:25:00,45,20,True,,2024-12-08
SLA_MONITOR_BATCH,FAILED,2024-02-12 11:38:00,2024-02-12 11:45:00,7,15,False,ABEND S222,2024-02-12
PORTF_RPT_DAILY,SUCCESS,2024-10-29 13:10:00,2024-10-29 13:26:00,16,30,False,,2024-10-29
COMPLIANCE_RPT,SUCCESS,2024-09-19 08:33:00,2024-09-19 08:39:00,6,55,False,,2024-09-19
RISK_CALC_JOB,SUCCESS,2024-03-26 01:41:00,2024-03-26 02:01:00,20,40,False,,2024-03-26
TRADE_SETTLE_CHK,SUCCESS,2024-08-17 13:21:00,2024-08-17 13:27:00,6,35,False,,2024-08-17
SLA_MONITOR_BATCH,FAILED,2024-12-02 14:42:00,2024-12-02 14:43:00,1,15,False,ABEND S0C7,2024-12-02
DIVIDEND_PROC,SUCCESS,2024-11-15 00:47:00,2024-11-15 01:10:00,23,30,False,,2024-11-15
PORTF_RPT_DAILY,SUCCESS,2024-04-12 15:24:00,2024-04-12 15:41:00,17,30,False,,2024-04-12
PORTF_RPT_DAILY,FAILED,2024-05-18 22:24:00,2024-05-18 22:30:00,6,30,False,ABEND S0C7,2024-05-18
PERF_ATTR_JOB,SUCCESS,2024-08-05 13:45:00,2024-08-05 14:11:00,26,45,False,,2024-08-05
INVEST_RECON_JOB,LATE,2024-05-13 17:12:00,2024-05-13 18:33:00,81,45,True,,2024-05-13
SLA_MONITOR_BATCH,SUCCESS,2024-08-18 21:05:00,2024-08-18 21:15:00,10,15,False,,2024-08-18
COMPLIANCE_RPT,SUCCESS,2024-02-28 00:51:00,2024-02-28 01:04:00,13,55,False,,2024-02-28
PERF_ATTR_JOB,FAILED,2024-05-04 02:11:00,2024-05-04 02:23:00,12,45,False,RC=8,2024-05-04
INVEST_RECON_JOB,SUCCESS,2024-05-01 02:55:00,2024-05-01 03:04:00,9,45,False,,2024-05-01
PORTF_RPT_DAILY,FAILED,2024-06-23 19:04:00,2024-06-23 19:07:00,3,30,False,JCL ERROR,2024-06-23
NAV_CALC_BATCH,LATE,2024-08-23 20:55:00,2024-08-23 22:11:00,76,50,True,,2024-08-23
PERF_ATTR_JOB,FAILED,2024-11-09 03:03:00,2024-11-09 03:08:00,5,45,False,RC=12,2024-11-09
EOD_CLOSE_PROC,FAILED,2024-02-11 05:05:00,2024-02-11 05:11:00,6,70,False,RC=8,2024-02-11
POSITION_SYNC,FAILED,2024-04-29 06:03:00,2024-04-29 06:05:00,2,20,False,ABEND S222,2024-04-29
TRANS_LOG_PARSER,SUCCESS,2024-04-08 15:52:00,2024-04-08 16:03:00,11,25,False,,2024-04-08
TRADE_SETTLE_CHK,LATE,2024-11-05 22:11:00,2024-11-05 23:21:00,70,35,True,,2024-11-05
SLA_MONITOR_BATCH,FAILED,2024-10-30 01:28:00,2024-10-30 01:30:00,2,15,False,JCL ERROR,2024-10-30
PORTF_RPT_DAILY,SUCCESS,2024-04-11 08:09:00,2024-04-11 08:31:00,22,30,False,,2024-04-11
FX_RATE_LOAD,LATE,2024-12-24 03:44:00,2024-12-24 04:47:00,63,10,True,,2024-12-24
CASH_FLOW_EXTRACT,SUCCESS,2024-06-13 07:10:00,2024-06-13 07:21:00,11,20,False,,2024-06-13
NAV_CALC_BATCH,ABENDED,2024-05-31 19:26:00,2024-05-31 19:43:00,17,50,False,ABEND S0C7,2024-05-31
CLIENT_STMT_GEN,SUCCESS,2024-06-25 23:15:00,2024-06-25 23:53:00,38,60,False,,2024-06-25
PORTF_RPT_DAILY,FAILED,2024-12-15 08:18:00,2024-12-15 08:31:00,13,30,False,RC=12,2024-12-15
CASH_FLOW_EXTRACT,SUCCESS,2024-09-09 11:57:00,2024-09-09 12:13:00,16,20,False,,2024-09-09
PORTF_RPT_DAILY,SUCCESS,2024-08-08 02:43:00,2024-08-08 03:12:00,29,30,False,,2024-08-08
EOD_CLOSE_PROC,FAILED,2024-01-07 23:43:00,2024-01-07 23:49:00,6,70,False,ABEND S0C7,2024-01-07
FX_RATE_LOAD,FAILED,2024-07-04 22:43:00,2024-07-04 22:48:00,5,10,False,RC=8,2024-07-04
FX_RATE_LOAD,SUCCESS,2024-06-12 14:22:00,2024-06-12 14:30:00,8,10,False,,2024-06-12
TRANS_LOG_PARSER,SUCCESS,2024-09-07 10:34:00,2024-09-07 10:45:00,11,25,False,,2024-09-07
CLIENT_STMT_GEN,SUCCESS,2024-01-22 22:22:00,2024-01-22 22:53:00,31,60,False,,2024-01-22
RISK_CALC_JOB,ABENDED,2024-06-15 12:29:00,2024-06-15 12:44:00,15,40,False,ABEND S222,2024-06-15
INVEST_RECON_JOB,SUCCESS,2024-07-16 13:01:00,2024-07-16 13:14:00,13,45,False,,2024-07-16
PERF_ATTR_JOB,SUCCESS,2024-11-19 04:25:00,2024-11-19 04:53:00,28,45,False,,2024-11-19
PORTF_RPT_DAILY,SUCCESS,2024-12-04 05:09:00,2024-12-04 05:32:00,23,30,False,,2024-12-04
INVEST_RECON_JOB,SUCCESS,2024-01-09 12:30:00,2024-01-09 12:44:00,14,45,False,,2024-01-09
SLA_MONITOR_BATCH,SUCCESS,2024-01-12 15:25:00,2024-01-12 15:32:00,7,15,False,,2024-01-12
SLA_MONITOR_BATCH,ABENDED,2024-10-08 08:14:00,2024-10-08 08:16:00,2,15,False,ABEND S222,2024-10-08
FX_RATE_LOAD,FAILED,2024-08-09 13:54:00,2024-08-09 13:56:00,2,10,False,ABEND S222,2024-08-09
NAV_CALC_BATCH,SUCCESS,2024-02-24 02:20:00,2024-02-24 02:55:00,35,50,False,,2024-02-24
FX_RATE_LOAD,SUCCESS,2024-04-30 16:31:00,2024-04-30 16:37:00,6,10,False,,2024-04-30
POSITION_SYNC,SUCCESS,2024-06-06 20:10:00,2024-06-06 20:20:00,10,20,False,,2024-06-06
NAV_CALC_BATCH,SUCCESS,2024-11-12 13:39:00,2024-11-12 13:51:00,12,50,False,,2024-11-12
FX_RATE_LOAD,SUCCESS,2024-05-24 10:46:00,2024-05-24 10:53:00,7,10,False,,2024-05-24
PERF_ATTR_JOB,FAILED,2024-03-06 11:36:00,2024-03-06 11:52:00,16,45,False,RC=8,2024-03-06
PORTF_RPT_DAILY,SUCCESS,2024-08-01 07:13:00,2024-08-01 07:28:00,15,30,False,,2024-08-01
TRADE_SETTLE_CHK,SUCCESS,2024-06-09 20:58:00,2024-06-09 21:31:00,33,35,False,,2024-06-09
RISK_CALC_JOB,FAILED,2024-10-11 10:36:00,2024-10-11 10:47:00,11,40,False,RC=12,2024-10-11
EOD_CLOSE_PROC,SUCCESS,2024-06-13 20:36:00,2024-06-13 21:10:00,34,70,False,,2024-06-13
TRADE_SETTLE_CHK,SUCCESS,2024-05-01 07:31:00,2024-05-01 07:54:00,23,35,False,,2024-05-01
RISK_CALC_JOB,RUNNING,2024-06-09 16:56:00,2024-06-09 17:07:00,11,40,False,,2024-06-09
POSITION_SYNC,FAILED,2024-11-15 10:05:00,2024-11-15 10:14:00,9,20,False,ABEND S222,2024-11-15
RISK_CALC_JOB,SUCCESS,2024-05-16 02:28:00,2024-05-16 02:57:00,29,40,False,,2024-05-16
PERF_ATTR_JOB,SUCCESS,2024-05-21 22:09:00,2024-05-21 22:37:00,28,45,False,,2024-05-21
COMPLIANCE_RPT,FAILED,2024-08-30 07:14:00,2024-08-30 07:35:00,21,55,False,RC=8,2024-08-30
TRANS_LOG_PARSER,SUCCESS,2024-11-13 15:35:00,2024-11-13 15:44:00,9,25,False,,2024-11-13
PERF_ATTR_JOB,SUCCESS,2024-06-12 15:20:00,2024-06-12 16:03:00,43,45,False,,2024-06-12
EOD_CLOSE_PROC,SUCCESS,2024-11-26 06:59:00,2024-11-26 07:19:00,20,70,False,,2024-11-26
SLA_MONITOR_BATCH,FAILED,2024-04-09 16:51:00,2024-04-09 16:56:00,5,15,False,ABEND S0C7,2024-04-09
CLIENT_STMT_GEN,FAILED,2024-08-04 22:52:00,2024-08-04 23:20:00,28,60,False,RC=8,2024-08-04
SLA_MONITOR_BATCH,SUCCESS,2024-03-14 09:01:00,2024-03-14 09:06:00,5,15,False,,2024-03-14
NAV_CALC_BATCH,SUCCESS,2024-08-03 02:23:00,2024-08-03 02:57:00,34,50,False,,2024-08-03
PERF_ATTR_JOB,RUNNING,2024-03-16 14:40:00,2024-03-16 15:09:00,29,45,False,,2024-03-16
DIVIDEND_PROC,SUCCESS,2024-08-15 10:06:00,2024-08-15 10:19:00,13,30,False,,2024-08-15
RISK_CALC_JOB,SUCCESS,2024-12-27 19:29:00,2024-12-27 19:52:00,23,40,False,,2024-12-27
INVEST_RECON_JOB,SUCCESS,2024-06-14 00:07:00,2024-06-14 00:15:00,8,45,False,,2024-06-14
COMPLIANCE_RPT,SUCCESS,2024-09-01 11:09:00,2024-09-01 11:34:00,25,55,False,,2024-09-01
COMPLIANCE_RPT,FAILED,2024-10-08 00:40:00,2024-10-08 00:54:00,14,55,False,ABEND S0C7,2024-10-08
POSITION_SYNC,SUCCESS,2024-11-09 01:41:00,2024-11-09 01:50:00,9,20,False,,2024-11-09
TRANS_LOG_PARSER,SUCCESS,2024-10-18 01:56:00,2024-10-18 02:17:00,21,25,False,,2024-10-18
PORTF_RPT_DAILY,FAILED,2024-03-08 15:04:00,2024-03-08 15:19:00,15,30,False,RC=8,2024-03-08
INVEST_RECON_JOB,SUCCESS,2024-09-24 05:45:00,2024-09-24 06:05:00,20,45,False,,2024-09-24
CASH_FLOW_EXTRACT,FAILED,2024-07-01 10:05:00,2024-07-01 10:12:00,7,20,False,ABEND S0C7,2024-07-01
PERF_ATTR_JOB,SUCCESS,2024-07-24 17:03:00,2024-07-24 17:41:00,38,45,False,,2024-07-24
POSITION_SYNC,SUCCESS,2024-07-21 22:09:00,2024-07-21 22:22:00,13,20,False,,2024-07-21
COMPLIANCE_RPT,SUCCESS,2024-04-16 14:10:00,2024-04-16 14:22:00,12,55,False,,2024-04-16
PERF_ATTR_JOB,RUNNING,2024-05-13 07:15:00,2024-05-13 07:23:00,8,45,False,,2024-05-13
NAV_CALC_BATCH,FAILED,2024-01-13 01:41:00,2024-01-13 02:04:00,23,50,False,RC=12,2024-01-13
RISK_CALC_JOB,SUCCESS,2024-04-22 07:09:00,2024-04-22 07:22:00,13,40,False,,2024-04-22
DIVIDEND_PROC,SUCCESS,2024-07-17 20:42:00,2024-07-17 20:59:00,17,30,False,,2024-07-17
PORTF_RPT_DAILY,SUCCESS,2024-05-28 15:01:00,2024-05-28 15:27:00,26,30,False,,2024-05-28
TRADE_SETTLE_CHK,FAILED,2024-10-08 02:02:00,2024-10-08 02:09:00,7,35,False,JCL ERROR,2024-10-08
PORTF_RPT_DAILY,SUCCESS,2024-10-25 15:00:00,2024-10-25 15:16:00,16,30,False,,2024-10-25
TRADE_SETTLE_CHK,SUCCESS,2024-07-07 16:57:00,2024-07-07 17:28:00,31,35,False,,2024-07-07
INVEST_RECON_JOB,SUCCESS,2024-03-18 17:00:00,2024-03-18 17:44:00,44,45,False,,2024-03-18
SLA_MONITOR_BATCH,SUCCESS,2024-07-10 16:24:00,2024-07-10 16:31:00,7,15,False,,2024-07-10
COMPLIANCE_RPT,SUCCESS,2024-11-07 08:21:00,2024-11-07 08:38:00,17,55,False,,2024-11-07
TRANS_LOG_PARSER,RUNNING,2024-07-20 03:41:00,2024-07-20 03:55:00,14,25,False,,2024-07-20
RISK_CALC_JOB,SUCCESS,2024-11-04 20:42:00,2024-11-04 21:19:00,37,40,False,,2024-11-04
PERF_ATTR_JOB,SUCCESS,2024-04-04 03:02:00,2024-04-04 03:31:00,29,45,False,,2024-04-04
PERF_ATTR_JOB,SUCCESS,2024-04-15 06:48:00,2024-04-15 07:29:00,41,45,False,,2024-04-15
TRADE_SETTLE_CHK,FAILED,2024-12-19 21:13:00,2024-12-19 21:23:00,10,35,False,ABEND S0C7,2024-12-19
RISK_CALC_JOB,SUCCESS,2024-11-16 07:36:00,2024-11-16 07:57:00,21,40,False,,2024-11-16
CLIENT_STMT_GEN,SUCCESS,2024-06-07 00:13:00,2024-06-07 01:11:00,58,60,False,,2024-06-07
INVEST_RECON_JOB,ABENDED,2024-04-15 15:46:00,2024-04-15 15:59:00,13,45,False,ABEND S0C7,2024-04-15
RISK_CALC_JOB,LATE,2024-11-04 05:58:00,2024-11-04 07:14:00,76,40,True,,2024-11-04
RISK_CALC_JOB,SUCCESS,2024-05-26 21:54:00,2024-05-26 22:14:00,20,40,False,,2024-05-26
CASH_FLOW_EXTRACT,SUCCESS,2024-01-01 00:39:00,2024-01-01 00:44:00,5,20,False,,2024-01-01
COMPLIANCE_RPT,SUCCESS,2024-05-20 00:19:00,2024-05-20 00:52:00,33,55,False,,2024-05-20
POSITION_SYNC,FAILED,2024-03-22 03:03:00,2024-03-22 03:09:00,6,20,False,RC=12,2024-03-22
NAV_CALC_BATCH,SUCCESS,2024-08-04 23:56:00,2024-08-05 00:24:00,28,50,False,,2024-08-04
CASH_FLOW_EXTRACT,SUCCESS,2024-11-30 00:19:00,2024-11-30 00:36:00,17,20,False,,2024-11-30
PORTF_RPT_DAILY,RUNNING,2024-06-03 04:16:00,2024-06-03 04:35:00,19,30,False,,2024-06-03
EOD_CLOSE_PROC,LATE,2024-04-14 03:58:00,2024-04-14 05:53:00,115,70,True,,2024-04-14
TRADE_SETTLE_CHK,LATE,2024-01-16 15:11:00,2024-01-16 15:51:00,40,35,True,,2024-01-16
CASH_FLOW_EXTRACT,SUCCESS,2024-04-30 14:55:00,2024-04-30 15:14:00,19,20,False,,2024-04-30
FX_RATE_LOAD,FAILED,2024-05-19 08:01:00,2024-05-19 08:06:00,5,10,False,ABEND S222,2024-05-19
CASH_FLOW_EXTRACT,FAILED,2024-03-19 06:04:00,2024-03-19 06:11:00,7,20,False,ABEND S222,2024-03-19
PORTF_RPT_DAILY,SUCCESS,2024-08-09 14:26:00,2024-08-09 14:36:00,10,30,False,,2024-08-09
PORTF_RPT_DAILY,SUCCESS,2024-01-23 21:04:00,2024-01-23 21:33:00,29,30,False,,2024-01-23
EOD_CLOSE_PROC,SUCCESS,2024-05-24 23:30:00,2024-05-25 00:00:00,30,70,False,,2024-05-24
PERF_ATTR_JOB,SUCCESS,2024-12-09 08:55:00,2024-12-09 09:12:00,17,45,False,,2024-12-09
CLIENT_STMT_GEN,FAILED,2024-01-01 20:02:00,2024-01-01 20:30:00,28,60,False,JCL ERROR,2024-01-01
COMPLIANCE_RPT,ABENDED,2024-10-13 22:31:00,2024-10-13 22:57:00,26,55,False,RC=12,2024-10-13
TRADE_SETTLE_CHK,ABENDED,2024-01-25 09:23:00,2024-01-25 09:26:00,3,35,False,JCL ERROR,2024-01-25
TRANS_LOG_PARSER,SUCCESS,2024-08-29 17:10:00,2024-08-29 17:26:00,16,25,False,,2024-08-29
NAV_CALC_BATCH,RUNNING,2024-10-09 17:09:00,2024-10-09 17:34:00,25,50,False,,2024-10-09
TRADE_SETTLE_CHK,SUCCESS,2024-07-27 05:37:00,2024-07-27 05:54:00,17,35,False,,2024-07-27
TRANS_LOG_PARSER,SUCCESS,2024-06-26 09:09:00,2024-06-26 09:29:00,20,25,False,,2024-06-26
NAV_CALC_BATCH,SUCCESS,2024-07-03 13:05:00,2024-07-03 13:48:00,43,50,False,,2024-07-03
SLA_MONITOR_BATCH,RUNNING,2024-06-19 11:41:00,2024-06-19 11:53:00,12,15,False,,2024-06-19
RISK_CALC_JOB,FAILED,2024-12-14 05:56:00,2024-12-14 05:58:00,2,40,False,ABEND S0C7,2024-12-14
DIVIDEND_PROC,RUNNING,2024-11-16 04:38:00,2024-11-16 04:53:00,15,30,False,,2024-11-16
DIVIDEND_PROC,SUCCESS,2024-03-22 18:08:00,2024-03-22 18:19:00,11,30,False,,2024-03-22
COMPLIANCE_RPT,FAILED,2024-02-11 13:56:00,2024-02-11 14:00:00,4,55,False,JCL ERROR,2024-02-11
DIVIDEND_PROC,SUCCESS,2024-02-23 18:00:00,2024-02-23 18:13:00,13,30,False,,2024-02-23
EOD_CLOSE_PROC,SUCCESS,2024-03-25 23:14:00,2024-03-26 00:01:00,47,70,False,,2024-03-25
RISK_CALC_JOB,SUCCESS,2024-07-10 17:59:00,2024-07-10 18:29:00,30,40,False,,2024-07-10
DIVIDEND_PROC,FAILED,2024-07-20 07:36:00,2024-07-20 07:42:00,6,30,False,ABEND S222,2024-07-20
TRADE_SETTLE_CHK,FAILED,2024-02-24 07:40:00,2024-02-24 07:55:00,15,35,False,RC=12,2024-02-24
COMPLIANCE_RPT,FAILED,2024-04-06 22:00:00,2024-04-06 22:26:00,26,55,False,JCL ERROR,2024-04-06
PERF_ATTR_JOB,SUCCESS,2024-03-14 02:44:00,2024-03-14 03:08:00,24,45,False,,2024-03-14
CLIENT_STMT_GEN,FAILED,2024-06-04 06:34:00,2024-06-04 06:55:00,21,60,False,RC=8,2024-06-04
COMPLIANCE_RPT,SUCCESS,2024-01-09 00:18:00,2024-01-09 00:30:00,12,55,False,,2024-01-09
CLIENT_STMT_GEN,SUCCESS,2024-12-14 02:04:00,2024-12-14 02:25:00,21,60,False,,2024-12-14
RISK_CALC_JOB,LATE,2024-08-04 11:42:00,2024-08-04 12:52:00,70,40,True,,2024-08-04
PORTF_RPT_DAILY,FAILED,2024-06-02 10:24:00,2024-06-02 10:30:00,6,30,False,RC=12,2024-06-02
SLA_MONITOR_BATCH,SUCCESS,2024-10-28 15:40:00,2024-10-28 15:54:00,14,15,False,,2024-10-28
FX_RATE_LOAD,SUCCESS,2024-09-08 01:31:00,2024-09-08 01:38:00,7,10,False,,2024-09-08
TRANS_LOG_PARSER,SUCCESS,2024-12-24 15:55:00,2024-12-24 16:12:00,17,25,False,,2024-12-24
PERF_ATTR_JOB,SUCCESS,2024-02-20 13:44:00,2024-02-20 14:26:00,42,45,False,,2024-02-20
FX_RATE_LOAD,RUNNING,2024-12-16 15:01:00,2024-12-16 15:09:00,8,10,False,,2024-12-16
PORTF_RPT_DAILY,LATE,2024-02-14 15:16:00,2024-02-14 16:25:00,69,30,True,,2024-02-14
CASH_FLOW_EXTRACT,SUCCESS,2024-11-19 03:29:00,2024-11-19 03:40:00,11,20,False,,2024-11-19
TRADE_SETTLE_CHK,SUCCESS,2024-11-05 15:02:00,2024-11-05 15:17:00,15,35,False,,2024-11-05
SLA_MONITOR_BATCH,SUCCESS,2024-12-26 14:13:00,2024-12-26 14:27:00,14,15,False,,2024-12-26
POSITION_SYNC,SUCCESS,2024-12-16 04:37:00,2024-12-16 04:55:00,18,20,False,,2024-12-16
NAV_CALC_BATCH,FAILED,2024-09-16 14:04:00,2024-09-16 14:21:00,17,50,False,RC=12,2024-09-16
RISK_CALC_JOB,SUCCESS,2024-10-16 12:51:00,2024-10-16 13:30:00,39,40,False,,2024-10-16
NAV_CALC_BATCH,FAILED,2024-05-09 18:07:00,2024-05-09 18:30:00,23,50,False,JCL ERROR,2024-05-09
RISK_CALC_JOB,SUCCESS,2024-08-19 09:54:00,2024-08-19 10:09:00,15,40,False,,2024-08-19
PORTF_RPT_DAILY,SUCCESS,2024-06-18 13:07:00,2024-06-18 13:33:00,26,30,False,,2024-06-18
INVEST_RECON_JOB,LATE,2024-02-09 06:30:00,2024-02-09 07:51:00,81,45,True,,2024-02-09
CLIENT_STMT_GEN,SUCCESS,2024-11-30 05:49:00,2024-11-30 06:18:00,29,60,False,,2024-11-30
PORTF_RPT_DAILY,SUCCESS,2024-04-24 10:55:00,2024-04-24 11:21:00,26,30,False,,2024-04-24
FX_RATE_LOAD,ABENDED,2024-04-27 22:28:00,2024-04-27 22:29:00,1,10,False,RC=8,2024-04-27
INVEST_RECON_JOB,SUCCESS,2024-11-05 18:01:00,2024-11-05 18:34:00,33,45,False,,2024-11-05
RISK_CALC_JOB,SUCCESS,2024-12-23 13:01:00,2024-12-23 13:39:00,38,40,False,,2024-12-23
EOD_CLOSE_PROC,FAILED,2024-11-21 17:06:00,2024-11-21 17:33:00,27,70,False,ABEND S222,2024-11-21
PORTF_RPT_DAILY,SUCCESS,2024-10-12 22:27:00,2024-10-12 22:34:00,7,30,False,,2024-10-12
CASH_FLOW_EXTRACT,SUCCESS,2024-12-06 11:30:00,2024-12-06 11:41:00,11,20,False,,2024-12-06
DIVIDEND_PROC,RUNNING,2024-03-11 03:01:00,2024-03-11 03:11:00,10,30,False,,2024-03-11
CASH_FLOW_EXTRACT,SUCCESS,2024-12-06 06:28:00,2024-12-06 06:43:00,15,20,False,,2024-12-06
DIVIDEND_PROC,SUCCESS,2024-05-14 15:04:00,2024-05-14 15:30:00,26,30,False,,2024-05-14
INVEST_RECON_JOB,SUCCESS,2024-02-29 17:02:00,2024-02-29 17:21:00,19,45,False,,2024-02-29
CLIENT_STMT_GEN,SUCCESS,2024-03-09 23:44:00,2024-03-10 00:14:00,30,60,False,,2024-03-09
PORTF_RPT_DAILY,SUCCESS,2024-09-18 00:07:00,2024-09-18 00:28:00,21,30,False,,2024-09-18
NAV_CALC_BATCH,SUCCESS,2024-09-28 00:19:00,2024-09-28 00:32:00,13,50,False,,2024-09-28
TRANS_LOG_PARSER,RUNNING,2024-09-02 06:12:00,2024-09-02 06:32:00,20,25,False,,2024-09-02
RISK_CALC_JOB,SUCCESS,2024-02-20 05:24:00,2024-02-20 06:03:00,39,40,False,,2024-02-20
COMPLIANCE_RPT,ABENDED,2024-03-15 21:08:00,2024-03-15 21:25:00,17,55,False,RC=12,2024-03-15
COMPLIANCE_RPT,FAILED,2024-09-01 16:04:00,2024-09-01 16:23:00,19,55,False,RC=12,2024-09-01
CLIENT_STMT_GEN,SUCCESS,2024-07-30 20:23:00,2024-07-30 20:42:00,19,60,False,,2024-07-30
COMPLIANCE_RPT,SUCCESS,2024-01-31 13:02:00,2024-01-31 13:27:00,25,55,False,,2024-01-31
PERF_ATTR_JOB,SUCCESS,2024-04-08 21:46:00,2024-04-08 22:14:00,28,45,False,,2024-04-08
POSITION_SYNC,SUCCESS,2024-04-25 23:58:00,2024-04-26 00:05:00,7,20,False,,2024-04-25
RISK_CALC_JOB,SUCCESS,2024-09-17 13:41:00,2024-09-17 13:56:00,15,40,False,,2024-09-17
CLIENT_STMT_GEN,SUCCESS,2024-05-27 15:49:00,2024-05-27 15:58:00,9,60,False,,2024-05-27
POSITION_SYNC,SUCCESS,2024-08-01 02:35:00,2024-08-01 02:41:00,6,20,False,,2024-08-01
TRADE_SETTLE_CHK,RUNNING,2024-03-15 20:02:00,2024-03-15 20:18:00,16,35,False,,2024-03-15
SLA_MONITOR_BATCH,SUCCESS,2024-08-25 20:51:00,2024-08-25 21:01:00,10,15,False,,2024-08-25
SLA_MONITOR_BATCH,ABENDED,2024-11-05 10:58:00,2024-11-05 11:01:00,3,15,False,ABEND S222,2024-11-05
DIVIDEND_PROC,SUCCESS,2024-12-18 18:44:00,2024-12-18 19:06:00,22,30,False,,2024-12-18
EOD_CLOSE_PROC,FAILED,2024-11-02 21:50:00,2024-11-02 21:59:00,9,70,False,ABEND S222,2024-11-02
TRANS_LOG_PARSER,SUCCESS,2024-09-07 10:34:00,2024-09-07 10:55:00,21,25,False,,2024-09-07
FX_RATE_LOAD,SUCCESS,2024-05-08 20:17:00,2024-05-08 20:24:00,7,10,False,,2024-05-08
COMPLIANCE_RPT,SUCCESS,2024-09-19 07:20:00,2024-09-19 07:45:00,25,55,False,,2024-09-19
EOD_CLOSE_PROC,SUCCESS,2024-04-07 11:19:00,2024-04-07 11:48:00,29,70,False,,2024-04-07
COMPLIANCE_RPT,SUCCESS,2024-12-12 13:17:00,2024-12-12 13:38:00,21,55,False,,2024-12-12
FX_RATE_LOAD,SUCCESS,2024-12-03 06:49:00,2024-12-03 06:58:00,9,10,False,,2024-12-03
EOD_CLOSE_PROC,FAILED,2024-12-18 09:12:00,2024-12-18 09:36:00,24,70,False,JCL ERROR,2024-12-18
DIVIDEND_PROC,SUCCESS,2024-08-24 18:33:00,2024-08-24 18:43:00,10,30,False,,2024-08-24
CASH_FLOW_EXTRACT,FAILED,2024-05-29 20:15:00,2024-05-29 20:19:00,4,20,False,JCL ERROR,2024-05-29
PERF_ATTR_JOB,SUCCESS,2024-06-21 05:56:00,2024-06-21 06:32:00,36,45,False,,2024-06-21
TRANS_LOG_PARSER,SUCCESS,2024-09-04 22:17:00,2024-09-04 22:40:00,23,25,False,,2024-09-04
RISK_CALC_JOB,SUCCESS,2024-03-15 08:38:00,2024-03-15 08:47:00,9,40,False,,2024-03-15
SLA_MONITOR_BATCH,SUCCESS,2024-07-11 17:25:00,2024-07-11 17:30:00,5,15,False,,2024-07-11
CASH_FLOW_EXTRACT,SUCCESS,2024-05-10 15:29:00,2024-05-10 15:48:00,19,20,False,,2024-05-10
DIVIDEND_PROC,SUCCESS,2024-05-21 16:36:00,2024-05-21 16:54:00,18,30,False,,2024-05-21
CLIENT_STMT_GEN,SUCCESS,2024-08-06 20:31:00,2024-08-06 21:14:00,43,60,False,,2024-08-06
CASH_FLOW_EXTRACT,SUCCESS,2024-07-17 10:07:00,2024-07-17 10:14:00,7,20,False,,2024-07-17
INVEST_RECON_JOB,SUCCESS,2024-01-28 01:54:00,2024-01-28 02:03:00,9,45,False,,2024-01-28
SLA_MONITOR_BATCH,SUCCESS,2024-10-01 08:08:00,2024-10-01 08:14:00,6,15,False,,2024-10-01
EOD_CLOSE_PROC,FAILED,2024-08-04 06:02:00,2024-08-04 06:06:00,4,70,False,RC=8,2024-08-04
CASH_FLOW_EXTRACT,SUCCESS,2024-11-15 23:17:00,2024-11-15 23:26:00,9,20,False,,2024-11-15
POSITION_SYNC,SUCCESS,2024-04-22 19:38:00,2024-04-22 19:52:00,14,20,False,,2024-04-22
PERF_ATTR_JOB,SUCCESS,2024-10-09 11:53:00,2024-10-09 12:13:00,20,45,False,,2024-10-09
INVEST_RECON_JOB,SUCCESS,2024-10-26 10:48:00,2024-10-26 11:07:00,19,45,False,,2024-10-26
INVEST_RECON_JOB,ABENDED,2024-07-15 06:34:00,2024-07-15 06:54:00,20,45,False,RC=8,2024-07-15
INVEST_RECON_JOB,SUCCESS,2024-11-10 08:51:00,2024-11-10 09:27:00,36,45,False,,2024-11-10
CASH_FLOW_EXTRACT,SUCCESS,2024-07-27 07:15:00,2024-07-27 07:27:00,12,20,False,,2024-07-27
FX_RATE_LOAD,SUCCESS,2024-03-29 07:17:00,2024-03-29 07:22:00,5,10,False,,2024-03-29
PORTF_RPT_DAILY,SUCCESS,2024-06-06 13:37:00,2024-06-06 14:01:00,24,30,False,,2024-06-06
COMPLIANCE_RPT,SUCCESS,2024-04-19 07:06:00,2024-04-19 07:16:00,10,55,False,,2024-04-19
POSITION_SYNC,FAILED,2024-08-14 04:47:00,2024-08-14 04:54:00,7,20,False,JCL ERROR,2024-08-14
PERF_ATTR_JOB,SUCCESS,2024-10-04 08:13:00,2024-10-04 08:49:00,36,45,False,,2024-10-04
POSITION_SYNC,FAILED,2024-09-25 10:20:00,2024-09-25 10:21:00,1,20,False,ABEND S222,2024-09-25
DIVIDEND_PROC,SUCCESS,2024-08-14 19:13:00,2024-08-14 19:29:00,16,30,False,,2024-08-14
INVEST_RECON_JOB,FAILED,2024-11-03 22:43:00,2024-11-03 22:56:00,13,45,False,RC=12,2024-11-03
PERF_ATTR_JOB,SUCCESS,2024-04-21 10:22:00,2024-04-21 10:52:00,30,45,False,,2024-04-21
SLA_MONITOR_BATCH,SUCCESS,2024-05-28 07:24:00,2024-05-28 07:38:00,14,15,False,,2024-05-28
EOD_CLOSE_PROC,SUCCESS,2024-01-13 21:59:00,2024-01-13 22:35:00,36,70,False,,2024-01-13
NAV_CALC_BATCH,FAILED,2024-08-19 22:51:00,2024-08-19 22:52:00,1,50,False,ABEND S222,2024-08-19
FX_RATE_LOAD,SUCCESS,2024-07-14 00:31:00,2024-07-14 00:39:00,8,10,False,,2024-07-14
TRADE_SETTLE_CHK,SUCCESS,2024-08-05 02:27:00,2024-08-05 02:40:00,13,35,False,,2024-08-05
TRANS_LOG_PARSER,SUCCESS,2024-07-06 08:30:00,2024-07-06 08:40:00,10,25,False,,2024-07-06
INVEST_RECON_JOB,SUCCESS,2024-10-26 20:33:00,2024-10-26 21:16:00,43,45,False,,2024-10-26
DIVIDEND_PROC,ABENDED,2024-01-19 12:23:00,2024-01-19 12:24:00,1,30,False,RC=12,2024-01-19
CASH_FLOW_EXTRACT,FAILED,2024-03-22 02:39:00,2024-03-22 02:48:00,9,20,False,RC=8,2024-03-22
SLA_MONITOR_BATCH,SUCCESS,2024-05-10 14:09:00,2024-05-10 14:18:00,9,15,False,,2024-05-10
INVEST_RECON_JOB,ABENDED,2024-05-22 05:14:00,2024-05-22 05:28:00,14,45,False,ABEND S0C7,2024-05-22
INVEST_RECON_JOB,SUCCESS,2024-04-28 02:39:00,2024-04-28 02:47:00,8,45,False,,2024-04-28
FX_RATE_LOAD,FAILED,2024-03-31 09:35:00,2024-03-31 09:39:00,4,10,False,ABEND S222,2024-03-31
EOD_CLOSE_PROC,SUCCESS,2024-01-09 06:38:00,2024-01-09 06:52:00,14,70,False,,2024-01-09
CASH_FLOW_EXTRACT,FAILED,2024-05-17 05:34:00,2024-05-17 05:36:00,2,20,False,ABEND S222,2024-05-17
DIVIDEND_PROC,FAILED,2024-04-01 04:34:00,2024-04-01 04:49:00,15,30,False,RC=12,2024-04-01
CLIENT_STMT_GEN,FAILED,2024-06-15 05:49:00,2024-06-15 05:58:00,9,60,False,JCL ERROR,2024-06-15
COMPLIANCE_RPT,SUCCESS,2024-09-15 01:25:00,2024-09-15 01:38:00,13,55,False,,2024-09-15
INVEST_RECON_JOB,SUCCESS,2024-03-20 04:15:00,2024-03-20 04:58:00,43,45,False,,2024-03-20
COMPLIANCE_RPT,SUCCESS,2024-05-22 14:15:00,2024-05-22 14:49:00,34,55,False,,2024-05-22
INVEST_RECON_JOB,FAILED,2024-05-07 05:40:00,2024-05-07 06:00:00,20,45,False,RC=8,2024-05-07
CASH_FLOW_EXTRACT,LATE,2024-03-10 00:18:00,2024-03-10 01:12:00,54,20,True,,2024-03-10
DIVIDEND_PROC,FAILED,2024-12-12 12:35:00,2024-12-12 12:44:00,9,30,False,ABEND S222,2024-12-12
EOD_CLOSE_PROC,SUCCESS,2024-11-27 16:22:00,2024-11-27 17:18:00,56,70,False,,2024-11-27
PERF_ATTR_JOB,SUCCESS,2024-07-27 05:32:00,2024-07-27 06:08:00,36,45,False,,2024-07-27
INVEST_RECON_JOB,ABENDED,2024-04-15 02:38:00,2024-04-15 02:50:00,12,45,False,ABEND S0C7,2024-04-15
CASH_FLOW_EXTRACT,SUCCESS,2024-07-30 12:24:00,2024-07-30 12:33:00,9,20,False,,2024-07-30
TRANS_LOG_PARSER,SUCCESS,2024-09-06 06:48:00,2024-09-06 06:53:00,5,25,False,,2024-09-06
CLIENT_STMT_GEN,SUCCESS,2024-11-22 04:28:00,2024-11-22 05:10:00,42,60,False,,2024-11-22
PERF_ATTR_JOB,FAILED,2024-03-12 20:50:00,2024-03-12 21:00:00,10,45,False,ABEND S222,2024-03-12
CLIENT_STMT_GEN,SUCCESS,2024-04-26 14:16:00,2024-04-26 14:52:00,36,60,False,,2024-04-26
POSITION_SYNC,SUCCESS,2024-08-26 11:56:00,2024-08-26 12:04:00,8,20,False,,2024-08-26
RISK_CALC_JOB,SUCCESS,2024-01-27 07:09:00,2024-01-27 07:20:00,11,40,False,,2024-01-27
SLA_MONITOR_BATCH,SUCCESS,2024-06-28 14:58:00,2024-06-28 15:09:00,11,15,False,,2024-06-28
EOD_CLOSE_PROC,FAILED,2024-08-09 02:38:00,2024-08-09 02:57:00,19,70,False,ABEND S0C7,2024-08-09
COMPLIANCE_RPT,SUCCESS,2024-09-01 01:59:00,2024-09-01 02:34:00,35,55,False,,2024-09-01
CASH_FLOW_EXTRACT,SUCCESS,2024-04-09 09:59:00,2024-04-09 10:12:00,13,20,False,,2024-04-09
INVEST_RECON_JOB,SUCCESS,2024-02-21 04:47:00,2024-02-21 05:27:00,40,45,False,,2024-02-21
SLA_MONITOR_BATCH,SUCCESS,2024-09-17 06:40:00,2024-09-17 06:53:00,13,15,False,,2024-09-17
TRANS_LOG_PARSER,SUCCESS,2024-07-25 10:51:00,2024-07-25 11:15:00,24,25,False,,2024-07-25
RISK_CALC_JOB,SUCCESS,2024-06-16 09:23:00,2024-06-16 09:31:00,8,40,False,,2024-06-16
PERF_ATTR_JOB,SUCCESS,2024-03-04 14:48:00,2024-03-04 15:24:00,36,45,False,,2024-03-04
POSITION_SYNC,FAILED,2024-01-19 21:49:00,2024-01-19 21:58:00,9,20,False,JCL ERROR,2024-01-19
DIVIDEND_PROC,SUCCESS,2024-03-19 12:21:00,2024-03-19 12:47:00,26,30,False,,2024-03-19
TRADE_SETTLE_CHK,SUCCESS,2024-11-21 08:09:00,2024-11-21 08:18:00,9,35,False,,2024-11-21
PERF_ATTR_JOB,RUNNING,2024-02-17 19:24:00,2024-02-17 19:46:00,22,45,False,,2024-02-17
POSITION_SYNC,SUCCESS,2024-01-23 09:00:00,2024-01-23 09:07:00,7,20,False,,2024-01-23
CLIENT_STMT_GEN,SUCCESS,2024-04-09 13:51:00,2024-04-09 14:48:00,57,60,False,,2024-04-09
EOD_CLOSE_PROC,SUCCESS,2024-10-07 18:16:00,2024-10-07 18:47:00,31,70,False,,2024-10-07
PORTF_RPT_DAILY,LATE,2024-03-24 01:16:00,2024-03-24 02:37:00,81,30,True,,2024-03-24
RISK_CALC_JOB,FAILED,2024-04-22 14:58:00,2024-04-22 15:04:00,6,40,False,ABEND S222,2024-04-22
CASH_FLOW_EXTRACT,SUCCESS,2024-08-23 10:39:00,2024-08-23 10:55:00,16,20,False,,2024-08-23
TRANS_LOG_PARSER,ABENDED,2024-05-12 18:35:00,2024-05-12 18:44:00,9,25,False,ABEND S0C7,2024-05-12
NAV_CALC_BATCH,FAILED,2024-09-26 04:42:00,2024-09-26 05:04:00,22,50,False,JCL ERROR,2024-09-26
DIVIDEND_PROC,FAILED,2024-10-31 07:14:00,2024-10-31 07:28:00,14,30,False,RC=8,2024-10-31
POSITION_SYNC,SUCCESS,2024-06-17 16:19:00,2024-06-17 16:31:00,12,20,False,,2024-06-17
TRADE_SETTLE_CHK,LATE,2024-01-27 18:19:00,2024-01-27 19:50:00,91,35,True,,2024-01-27
COMPLIANCE_RPT,SUCCESS,2024-03-16 17:14:00,2024-03-16 17:33:00,19,55,False,,2024-03-16
EOD_CLOSE_PROC,LATE,2024-08-25 04:59:00,2024-08-25 06:20:00,81,70,True,,2024-08-25
TRADE_SETTLE_CHK,SUCCESS,2024-07-04 13:47:00,2024-07-04 14:04:00,17,35,False,,2024-07-04
POSITION_SYNC,SUCCESS,2024-06-02 02:15:00,2024-06-02 02:22:00,7,20,False,,2024-06-02
FX_RATE_LOAD,SUCCESS,2024-12-05 02:49:00,2024-12-05 02:56:00,7,10,False,,2024-12-05
EOD_CLOSE_PROC,RUNNING,2024-08-11 12:52:00,2024-08-11 13:52:00,60,70,False,,2024-08-11
INVEST_RECON_JOB,SUCCESS,2024-01-16 10:23:00,2024-01-16 10:35:00,12,45,False,,2024-01-16
SLA_MONITOR_BATCH,SUCCESS,2024-09-08 12:37:00,2024-09-08 12:45:00,8,15,False,,2024-09-08
POSITION_SYNC,SUCCESS,2024-04-30 09:15:00,2024-04-30 09:29:00,14,20,False,,2024-04-30
PERF_ATTR_JOB,SUCCESS,2024-03-22 19:20:00,2024-03-22 20:02:00,42,45,False,,2024-03-22
POSITION_SYNC,ABENDED,2024-02-21 02:05:00,2024-02-21 02:06:00,1,20,False,RC=12,2024-02-21
DIVIDEND_PROC,SUCCESS,2024-02-17 22:41:00,2024-02-17 22:50:00,9,30,False,,2024-02-17
PORTF_RPT_DAILY,SUCCESS,2024-03-31 01:08:00,2024-03-31 01:22:00,14,30,False,,2024-03-31
COMPLIANCE_RPT,SUCCESS,2024-12-17 22:22:00,2024-12-17 23:09:00,47,55,False,,2024-12-17
FX_RATE_LOAD,SUCCESS,2024-03-25 09:21:00,2024-03-25 09:26:00,5,10,False,,2024-03-25
PORTF_RPT_DAILY,LATE,2024-02-12 01:39:00,2024-02-12 02:14:00,35,30,True,,2024-02-12
COMPLIANCE_RPT,RUNNING,2024-03-28 12:52:00,2024-03-28 13:28:00,36,55,False,,2024-03-28
CASH_FLOW_EXTRACT,SUCCESS,2024-05-29 19:53:00,2024-05-29 20:06:00,13,20,False,,2024-05-29
CASH_FLOW_EXTRACT,ABENDED,2024-05-25 04:04:00,2024-05-25 04:12:00,8,20,False,JCL ERROR,2024-05-25
COMPLIANCE_RPT,SUCCESS,2024-11-25 22:32:00,2024-11-25 22:43:00,11,55,False,,2024-11-25
RISK_CALC_JOB,SUCCESS,2024-12-18 09:02:00,2024-12-18 09:32:00,30,40,False,,2024-12-18
COMPLIANCE_RPT,SUCCESS,2024-03-24 22:30:00,2024-03-24 23:03:00,33,55,False,,2024-03-24
TRANS_LOG_PARSER,LATE,2024-06-05 09:41:00,2024-06-05 10:56:00,75,25,True,,2024-06-05
COMPLIANCE_RPT,SUCCESS,2024-04-30 09:42:00,2024-04-30 10:07:00,25,55,False,,2024-04-30
CLIENT_STMT_GEN,SUCCESS,2024-03-17 22:09:00,2024-03-17 22:16:00,7,60,False,,2024-03-17
CASH_FLOW_EXTRACT,SUCCESS,2024-03-01 04:06:00,2024-03-01 04:18:00,12,20,False,,2024-03-01
INVEST_RECON_JOB,SUCCESS,2024-02-07 09:49:00,2024-02-07 10:15:00,26,45,False,,2024-02-07
TRADE_SETTLE_CHK,SUCCESS,2024-05-02 22:30:00,2024-05-02 22:48:00,18,35,False,,2024-05-02
POSITION_SYNC,SUCCESS,2024-11-25 21:42:00,2024-11-25 21:55:00,13,20,False,,2024-11-25
TRADE_SETTLE_CHK,SUCCESS,2024-12-29 06:57:00,2024-12-29 07:17:00,20,35,False,,2024-12-29
NAV_CALC_BATCH,SUCCESS,2024-03-21 12:12:00,2024-03-21 12:39:00,27,50,False,,2024-03-21
CASH_FLOW_EXTRACT,SUCCESS,2024-05-09 12:11:00,2024-05-09 12:29:00,18,20,False,,2024-05-09
RISK_CALC_JOB,SUCCESS,2024-07-22 22:55:00,2024-07-22 23:20:00,25,40,False,,2024-07-22
RISK_CALC_JOB,SUCCESS,2024-06-16 23:45:00,2024-06-17 00:17:00,32,40,False,,2024-06-16
NAV_CALC_BATCH,SUCCESS,2024-10-17 22:11:00,2024-10-17 22:16:00,5,50,False,,2024-10-17
COMPLIANCE_RPT,FAILED,2024-05-08 13:05:00,2024-05-08 13:21:00,16,55,False,ABEND S0C7,2024-05-08
INVEST_RECON_JOB,SUCCESS,2024-03-12 07:32:00,2024-03-12 08:15:00,43,45,False,,2024-03-12
RISK_CALC_JOB,LATE,2024-04-13 23:11:00,2024-04-14 00:22:00,71,40,True,,2024-04-13
PORTF_RPT_DAILY,FAILED,2024-11-19 11:45:00,2024-11-19 11:51:00,6,30,False,JCL ERROR,2024-11-19
TRANS_LOG_PARSER,SUCCESS,2024-02-23 15:49:00,2024-02-23 16:10:00,21,25,False,,2024-02-23
CLIENT_STMT_GEN,SUCCESS,2024-06-19 21:42:00,2024-06-19 22:41:00,59,60,False,,2024-06-19
TRADE_SETTLE_CHK,FAILED,2024-05-20 16:25:00,2024-05-20 16:42:00,17,35,False,JCL ERROR,2024-05-20
FX_RATE_LOAD,RUNNING,2024-04-10 13:49:00,2024-04-10 13:54:00,5,10,False,,2024-04-10
RISK_CALC_JOB,LATE,2024-10-29 17:18:00,2024-10-29 18:37:00,79,40,True,,2024-10-29
PERF_ATTR_JOB,SUCCESS,2024-05-25 10:01:00,2024-05-25 10:32:00,31,45,False,,2024-05-25
FX_RATE_LOAD,SUCCESS,2024-02-02 15:53:00,2024-02-02 16:01:00,8,10,False,,2024-02-02
EOD_CLOSE_PROC,SUCCESS,2024-11-07 18:14:00,2024-11-07 18:59:00,45,70,False,,2024-11-07
COMPLIANCE_RPT,SUCCESS,2024-08-18 08:19:00,2024-08-18 09:05:00,46,55,False,,2024-08-18
COMPLIANCE_RPT,SUCCESS,2024-04-27 21:57:00,2024-04-27 22:39:00,42,55,False,,2024-04-27
SLA_MONITOR_BATCH,SUCCESS,2024-01-03 16:14:00,2024-01-03 16:19:00,5,15,False,,2024-01-03
CLIENT_STMT_GEN,LATE,2024-08-18 07:25:00,2024-08-18 08:30:00,65,60,True,,2024-08-18
POSITION_SYNC,SUCCESS,2024-02-08 08:34:00,2024-02-08 08:52:00,18,20,False,,2024-02-08
EOD_CLOSE_PROC,SUCCESS,2024-08-01 00:32:00,2024-08-01 01:16:00,44,70,False,,2024-08-01
PERF_ATTR_JOB,SUCCESS,2024-01-27 15:37:00,2024-01-27 15:55:00,18,45,False,,2024-01-27
DIVIDEND_PROC,FAILED,2024-05-27 03:54:00,2024-05-27 03:58:00,4,30,False,ABEND S222,2024-05-27
DIVIDEND_PROC,FAILED,2024-03-31 17:41:00,2024-03-31 17:45:00,4,30,False,RC=8,2024-03-31
NAV_CALC_BATCH,SUCCESS,2024-06-17 20:15:00,2024-06-17 20:50:00,35,50,False,,2024-06-17
PORTF_RPT_DAILY,SUCCESS,2024-05-12 05:42:00,2024-05-12 05:56:00,14,30,False,,2024-05-12
NAV_CALC_BATCH,SUCCESS,2024-03-23 13:13:00,2024-03-23 13:28:00,15,50,False,,2024-03-23
TRANS_LOG_PARSER,SUCCESS,2024-05-27 09:34:00,2024-05-27 09:56:00,22,25,False,,2024-05-27
NAV_CALC_BATCH,SUCCESS,2024-03-20 03:54:00,2024-03-20 03:59:00,5,50,False,,2024-03-20
CLIENT_STMT_GEN,SUCCESS,2024-05-18 05:07:00,2024-05-18 06:00:00,53,60,False,,2024-05-18
RISK_CALC_JOB,SUCCESS,2024-09-13 17:29:00,2024-09-13 18:06:00,37,40,False,,2024-09-13
CASH_FLOW_EXTRACT,SUCCESS,2024-11-10 08:50:00,2024-11-10 08:56:00,6,20,False,,2024-11-10
TRANS_LOG_PARSER,FAILED,2024-06-29 05:24:00,2024-06-29 05:28:00,4,25,False,JCL ERROR,2024-06-29
SLA_MONITOR_BATCH,FAILED,2024-11-13 02:04:00,2024-11-13 02:06:00,2,15,False,RC=12,2024-11-13
TRANS_LOG_PARSER,SUCCESS,2024-12-19 17:12:00,2024-12-19 17:32:00,20,25,False,,2024-12-19
EOD_CLOSE_PROC,FAILED,2024-06-28 00:21:00,2024-06-28 00:46:00,25,70,False,ABEND S222,2024-06-28
CASH_FLOW_EXTRACT,ABENDED,2024-07-25 06:10:00,2024-07-25 06:14:00,4,20,False,JCL ERROR,2024-07-25
NAV_CALC_BATCH,SUCCESS,2024-10-27 23:44:00,2024-10-27 23:53:00,9,50,False,,2024-10-27
TRADE_SETTLE_CHK,SUCCESS,2024-12-02 15:35:00,2024-12-02 16:04:00,29,35,False,,2024-12-02
RISK_CALC_JOB,SUCCESS,2024-11-24 11:12:00,2024-11-24 11:19:00,7,40,False,,2024-11-24
PORTF_RPT_DAILY,SUCCESS,2024-01-02 18:22:00,2024-01-02 18:27:00,5,30,False,,2024-01-02
NAV_CALC_BATCH,LATE,2024-11-28 10:26:00,2024-11-28 12:08:00,102,50,True,,2024-11-28
COMPLIANCE_RPT,SUCCESS,2024-06-10 14:05:00,2024-06-10 14:18:00,13,55,False,,2024-06-10
COMPLIANCE_RPT,SUCCESS,2024-09-23 17:49:00,2024-09-23 18:01:00,12,55,False,,2024-09-23
FX_RATE_LOAD,SUCCESS,2024-09-10 17:35:00,2024-09-10 17:42:00,7,10,False,,2024-09-10
CASH_FLOW_EXTRACT,SUCCESS,2024-01-17 20:20:00,2024-01-17 20:28:00,8,20,False,,2024-01-17
SLA_MONITOR_BATCH,SUCCESS,2024-08-05 09:02:00,2024-08-05 09:08:00,6,15,False,,2024-08-05
PORTF_RPT_DAILY,LATE,2024-12-06 04:44:00,2024-12-06 05:35:00,51,30,True,,2024-12-06
COMPLIANCE_RPT,SUCCESS,2024-03-19 08:21:00,2024-03-19 08:52:00,31,55,False,,2024-03-19
CASH_FLOW_EXTRACT,LATE,2024-07-05 02:31:00,2024-07-05 03:15:00,44,20,True,,2024-07-05
TRADE_SETTLE_CHK,SUCCESS,2024-01-12 00:18:00,2024-01-12 00:33:00,15,35,False,,2024-01-12
INVEST_RECON_JOB,FAILED,2024-03-11 16:38:00,2024-03-11 16:58:00,20,45,False,RC=8,2024-03-11
TRANS_LOG_PARSER,SUCCESS,2024-05-15 10:20:00,2024-05-15 10:28:00,8,25,False,,2024-05-15
INVEST_RECON_JOB,SUCCESS,2024-10-25 02:14:00,2024-10-25 02:22:00,8,45,False,,2024-10-25
SLA_MONITOR_BATCH,SUCCESS,2024-10-08 17:58:00,2024-10-08 18:04:00,6,15,False,,2024-10-08
PERF_ATTR_JOB,FAILED,2024-10-22 22:34:00,2024-10-22 22:44:00,10,45,False,JCL ERROR,2024-10-22
NAV_CALC_BATCH,SUCCESS,2024-07-25 01:19:00,2024-07-25 01:50:00,31,50,False,,2024-07-25
CASH_FLOW_EXTRACT,FAILED,2024-05-17 23:03:00,2024-05-17 23:06:00,3,20,False,RC=8,2024-05-17
CASH_FLOW_EXTRACT,LATE,2024-10-28 00:06:00,2024-10-28 01:01:00,55,20,True,,2024-10-28
PORTF_RPT_DAILY,SUCCESS,2024-07-03 12:34:00,2024-07-03 12:42:00,8,30,False,,2024-07-03
SLA_MONITOR_BATCH,SUCCESS,2024-10-14 07:05:00,2024-10-14 07:15:00,10,15,False,,2024-10-14
INVEST_RECON_JOB,SUCCESS,2024-10-18 22:55:00,2024-10-18 23:06:00,11,45,False,,2024-10-18
NAV_CALC_BATCH,ABENDED,2024-08-28 06:46:00,2024-08-28 07:09:00,23,50,False,RC=12,2024-08-28
INVEST_RECON_JOB,FAILED,2024-12-15 16:15:00,2024-12-15 16:29:00,14,45,False,RC=8,2024-12-15
NAV_CALC_BATCH,SUCCESS,2024-05-19 18:50:00,2024-05-19 19:07:00,17,50,False,,2024-05-19
RISK_CALC_JOB,SUCCESS,2024-01-31 13:13:00,2024-01-31 13:42:00,29,40,False,,2024-01-31
CLIENT_STMT_GEN,ABENDED,2024-05-29 11:08:00,2024-05-29 11:21:00,13,60,False,JCL ERROR,2024-05-29
POSITION_SYNC,RUNNING,2024-05-27 08:15:00,2024-05-27 08:29:00,14,20,False,,2024-05-27
COMPLIANCE_RPT,RUNNING,2024-12-27 13:16:00,2024-12-27 14:02:00,46,55,False,,2024-12-27
FX_RATE_LOAD,SUCCESS,2024-02-28 12:37:00,2024-02-28 12:43:00,6,10,False,,2024-02-28
TRADE_SETTLE_CHK,SUCCESS,2024-03-06 18:11:00,2024-03-06 18:42:00,31,35,False,,2024-03-06
NAV_CALC_BATCH,SUCCESS,2024-12-09 07:08:00,2024-12-09 07:15:00,7,50,False,,2024-12-09
CLIENT_STMT_GEN,LATE,2024-01-24 23:04:00,2024-01-25 00:52:00,108,60,True,,2024-01-24
POSITION_SYNC,SUCCESS,2024-04-21 08:07:00,2024-04-21 08:21:00,14,20,False,,2024-04-21
PORTF_RPT_DAILY,FAILED,2024-02-26 22:00:00,2024-02-26 22:07:00,7,30,False,RC=8,2024-02-26
TRANS_LOG_PARSER,SUCCESS,2024-03-14 04:46:00,2024-03-14 04:54:00,8,25,False,,2024-03-14
COMPLIANCE_RPT,SUCCESS,2024-07-29 12:42:00,2024-07-29 13:20:00,38,55,False,,2024-07-29
NAV_CALC_BATCH,SUCCESS,2024-12-05 06:54:00,2024-12-05 07:39:00,45,50,False,,2024-12-05
INVEST_RECON_JOB,SUCCESS,2024-06-29 06:55:00,2024-06-29 07:15:00,20,45,False,,2024-06-29
RISK_CALC_JOB,SUCCESS,2024-05-20 13:03:00,2024-05-20 13:24:00,21,40,False,,2024-05-20
PORTF_RPT_DAILY,SUCCESS,2024-03-22 01:50:00,2024-03-22 01:56:00,6,30,False,,2024-03-22
TRADE_SETTLE_CHK,SUCCESS,2024-05-28 06:26:00,2024-05-28 06:34:00,8,35,False,,2024-05-28
EOD_CLOSE_PROC,SUCCESS,2024-05-25 08:11:00,2024-05-25 09:10:00,59,70,False,,2024-05-25
PERF_ATTR_JOB,SUCCESS,2024-09-28 02:37:00,2024-09-28 03:11:00,34,45,False,,2024-09-28
TRANS_LOG_PARSER,SUCCESS,2024-04-24 14:12:00,2024-04-24 14:25:00,13,25,False,,2024-04-24
COMPLIANCE_RPT,SUCCESS,2024-07-18 08:10:00,2024-07-18 08:45:00,35,55,False,,2024-07-18
CLIENT_STMT_GEN,SUCCESS,2024-03-09 00:49:00,2024-03-09 01:09:00,20,60,False,,2024-03-09
NAV_CALC_BATCH,SUCCESS,2024-04-22 17:32:00,2024-04-22 18:18:00,46,50,False,,2024-04-22
EOD_CLOSE_PROC,SUCCESS,2024-05-17 23:23:00,2024-05-18 00:00:00,37,70,False,,2024-05-17
TRADE_SETTLE_CHK,SUCCESS,2024-12-03 16:51:00,2024-12-03 17:05:00,14,35,False,,2024-12-03
TRADE_SETTLE_CHK,SUCCESS,2024-02-02 18:56:00,2024-02-02 19:04:00,8,35,False,,2024-02-02
CLIENT_STMT_GEN,RUNNING,2024-05-09 07:48:00,2024-05-09 08:35:00,47,60,False,,2024-05-09
EOD_CLOSE_PROC,SUCCESS,2024-11-10 18:51:00,2024-11-10 19:19:00,28,70,False,,2024-11-10
NAV_CALC_BATCH,SUCCESS,2024-09-27 00:09:00,2024-09-27 00:15:00,6,50,False,,2024-09-27
TRANS_LOG_PARSER,FAILED,2024-10-10 13:36:00,2024-10-10 13:42:00,6,25,False,RC=8,2024-10-10
RISK_CALC_JOB,SUCCESS,2024-02-25 23:19:00,2024-02-25 23:51:00,32,40,False,,2024-02-25
SLA_MONITOR_BATCH,FAILED,2024-05-19 18:12:00,2024-05-19 18:18:00,6,15,False,ABEND S222,2024-05-19
NAV_CALC_BATCH,ABENDED,2024-11-04 18:36:00,2024-11-04 18:48:00,12,50,False,RC=8,2024-11-04
POSITION_SYNC,SUCCESS,2024-04-10 07:20:00,2024-04-10 07:25:00,5,20,False,,2024-04-10
COMPLIANCE_RPT,SUCCESS,2024-08-29 07:34:00,2024-08-29 08:00:00,26,55,False,,2024-08-29
RISK_CALC_JOB,SUCCESS,2024-10-14 00:44:00,2024-10-14 00:53:00,9,40,False,,2024-10-14
CASH_FLOW_EXTRACT,SUCCESS,2024-03-11 07:26:00,2024-03-11 07:44:00,18,20,False,,2024-03-11
PORTF_RPT_DAILY,SUCCESS,2024-07-30 17:47:00,2024-07-30 17:54:00,7,30,False,,2024-07-30
CASH_FLOW_EXTRACT,FAILED,2024-10-07 14:45:00,2024-10-07 14:48:00,3,20,False,RC=12,2024-10-07
TRADE_SETTLE_CHK,SUCCESS,2024-07-08 03:02:00,2024-07-08 03:15:00,13,35,False,,2024-07-08
PORTF_RPT_DAILY,RUNNING,2024-07-28 03:17:00,2024-07-28 03:42:00,25,30,False,,2024-07-28
FX_RATE_LOAD,RUNNING,2024-04-17 02:21:00,2024-04-17 02:27:00,6,10,False,,2024-04-17
FX_RATE_LOAD,SUCCESS,2024-05-08 19:34:00,2024-05-08 19:40:00,6,10,False,,2024-05-08
PORTF_RPT_DAILY,SUCCESS,2024-05-21 17:10:00,2024-05-21 17:36:00,26,30,False,,2024-05-21
PERF_ATTR_JOB,FAILED,2024-01-04 15:52:00,2024-01-04 15:59:00,7,45,False,ABEND S222,2024-01-04
EOD_CLOSE_PROC,SUCCESS,2024-02-15 16:37:00,2024-02-15 17:11:00,34,70,False,,2024-02-15
EOD_CLOSE_PROC,SUCCESS,2024-01-01 13:44:00,2024-01-01 14:33:00,49,70,False,,2024-01-01
EOD_CLOSE_PROC,SUCCESS,2024-08-19 17:44:00,2024-08-19 18:10:00,26,70,False,,2024-08-19
PORTF_RPT_DAILY,FAILED,2024-11-17 18:01:00,2024-11-17 18:12:00,11,30,False,ABEND S0C7,2024-11-17
CLIENT_STMT_GEN,SUCCESS,2024-03-21 07:47:00,2024-03-21 07:54:00,7,60,False,,2024-03-21
TRADE_SETTLE_CHK,SUCCESS,2024-04-17 06:08:00,2024-04-17 06:22:00,14,35,False,,2024-04-17
RISK_CALC_JOB,SUCCESS,2024-08-18 07:39:00,2024-08-18 07:52:00,13,40,False,,2024-08-18
PORTF_RPT_DAILY,SUCCESS,2024-04-14 11:40:00,2024-04-14 12:09:00,29,30,False,,2024-04-14
EOD_CLOSE_PROC,FAILED,2024-12-17 13:09:00,2024-12-17 13:14:00,5,70,False,RC=12,2024-12-17
RISK_CALC_JOB,SUCCESS,2024-03-28 11:02:00,2024-03-28 11:41:00,39,40,False,,2024-03-28
INVEST_RECON_JOB,FAILED,2024-08-03 03:05:00,2024-08-03 03:11:00,6,45,False,RC=12,2024-08-03
CASH_FLOW_EXTRACT,SUCCESS,2024-02-25 13:14:00,2024-02-25 13:30:00,16,20,False,,2024-02-25
COMPLIANCE_RPT,SUCCESS,2024-09-23 22:35:00,2024-09-23 23:23:00,48,55,False,,2024-09-23
DIVIDEND_PROC,LATE,2024-10-29 18:21:00,2024-10-29 19:24:00,63,30,True,,2024-10-29
INVEST_RECON_JOB,ABENDED,2024-10-31 17:42:00,2024-10-31 18:01:00,19,45,False,RC=12,2024-10-31
RISK_CALC_JOB,SUCCESS,2024-11-08 14:17:00,2024-11-08 14:42:00,25,40,False,,2024-11-08
SLA_MONITOR_BATCH,SUCCESS,2024-01-11 06:25:00,2024-01-11 06:34:00,9,15,False,,2024-01-11
POSITION_SYNC,FAILED,2024-08-26 02:55:00,2024-08-26 03:05:00,10,20,False,RC=8,2024-08-26
PERF_ATTR_JOB,FAILED,2024-01-28 07:47:00,2024-01-28 08:05:00,18,45,False,RC=8,2024-01-28
DIVIDEND_PROC,SUCCESS,2024-11-28 18:45:00,2024-11-28 19:13:00,28,30,False,,2024-11-28
COMPLIANCE_RPT,SUCCESS,2024-09-22 05:34:00,2024-09-22 05:53:00,19,55,False,,2024-09-22
PERF_ATTR_JOB,SUCCESS,2024-01-26 16:54:00,2024-01-26 17:37:00,43,45,False,,2024-01-26
DIVIDEND_PROC,RUNNING,2024-05-03 17:35:00,2024-05-03 17:42:00,7,30,False,,2024-05-03
TRANS_LOG_PARSER,SUCCESS,2024-02-17 08:16:00,2024-02-17 08:31:00,15,25,False,,2024-02-17
DIVIDEND_PROC,SUCCESS,2024-04-01 01:27:00,2024-04-01 01:47:00,20,30,False,,2024-04-01
COMPLIANCE_RPT,ABENDED,2024-03-12 07:44:00,2024-03-12 08:05:00,21,55,False,RC=8,2024-03-12
DIVIDEND_PROC,SUCCESS,2024-08-14 02:27:00,2024-08-14 02:55:00,28,30,False,,2024-08-14
NAV_CALC_BATCH,SUCCESS,2024-06-13 14:10:00,2024-06-13 14:58:00,48,50,False,,2024-06-13
SLA_MONITOR_BATCH,LATE,2024-06-21 00:02:00,2024-06-21 01:10:00,68,15,True,,2024-06-21
PORTF_RPT_DAILY,FAILED,2024-12-06 22:01:00,2024-12-06 22:15:00,14,30,False,RC=8,2024-12-06
CASH_FLOW_EXTRACT,SUCCESS,2024-11-22 18:05:00,2024-11-22 18:11:00,6,20,False,,2024-11-22
TRADE_SETTLE_CHK,SUCCESS,2024-02-20 14:50:00,2024-02-20 15:23:00,33,35,False,,2024-02-20
DIVIDEND_PROC,SUCCESS,2024-01-30 20:47:00,2024-01-30 21:11:00,24,30,False,,2024-01-30
PORTF_RPT_DAILY,FAILED,2024-06-29 10:24:00,2024-06-29 10:35:00,11,30,False,RC=8,2024-06-29
PERF_ATTR_JOB,RUNNING,2024-11-26 09:48:00,2024-11-26 10:11:00,23,45,False,,2024-11-26
SLA_MONITOR_BATCH,SUCCESS,2024-10-06 04:38:00,2024-10-06 04:52:00,14,15,False,,2024-10-06
DIVIDEND_PROC,SUCCESS,2024-09-08 16:58:00,2024-09-08 17:27:00,29,30,False,,2024-09-08
CASH_FLOW_EXTRACT,SUCCESS,2024-05-27 16:39:00,2024-05-27 16:56:00,17,20,False,,2024-05-27
PORTF_RPT_DAILY,SUCCESS,2024-08-28 01:32:00,2024-08-28 01:50:00,18,30,False,,2024-08-28
RISK_CALC_JOB,SUCCESS,2024-11-02 01:00:00,2024-11-02 01:21:00,21,40,False,,2024-11-02
EOD_CLOSE_PROC,SUCCESS,2024-06-25 20:21:00,2024-06-25 20:37:00,16,70,False,,2024-06-25
TRANS_LOG_PARSER,FAILED,2024-05-20 16:09:00,2024-05-20 16:16:00,7,25,False,ABEND S222,2024-05-20
FX_RATE_LOAD,SUCCESS,2024-07-30 04:51:00,2024-07-30 04:58:00,7,10,False,,2024-07-30
DIVIDEND_PROC,SUCCESS,2024-06-13 11:42:00,2024-06-13 11:48:00,6,30,False,,2024-06-13
TRANS_LOG_PARSER,SUCCESS,2024-03-28 18:24:00,2024-03-28 18:30:00,6,25,False,,2024-03-28
DIVIDEND_PROC,FAILED,2024-11-16 15:03:00,2024-11-16 15:10:00,7,30,False,RC=12,2024-11-16
CLIENT_STMT_GEN,SUCCESS,2024-11-10 17:29:00,2024-11-10 18:13:00,44,60,False,,2024-11-10
TRANS_LOG_PARSER,FAILED,2024-01-09 19:49:00,2024-01-09 20:00:00,11,25,False,JCL ERROR,2024-01-09
INVEST_RECON_JOB,SUCCESS,2024-02-01 08:51:00,2024-02-01 08:59:00,8,45,False,,2024-02-01
EOD_CLOSE_PROC,SUCCESS,2024-07-19 08:53:00,2024-07-19 09:13:00,20,70,False,,2024-07-19
EOD_CLOSE_PROC,SUCCESS,2024-09-27 23:00:00,2024-09-27 23:38:00,38,70,False,,2024-09-27
NAV_CALC_BATCH,FAILED,2024-11-25 05:35:00,2024-11-25 05:51:00,16,50,False,ABEND S222,2024-11-25
EOD_CLOSE_PROC,LATE,2024-09-21 06:24:00,2024-09-21 08:24:00,120,70,True,,2024-09-21
PERF_ATTR_JOB,SUCCESS,2024-11-27 02:25:00,2024-11-27 02:47:00,22,45,False,,2024-11-27
CLIENT_STMT_GEN,SUCCESS,2024-02-03 04:44:00,2024-02-03 05:14:00,30,60,False,,2024-02-03
FX_RATE_LOAD,FAILED,2024-03-28 16:36:00,2024-03-28 16:39:00,3,10,False,ABEND S222,2024-03-28
SLA_MONITOR_BATCH,SUCCESS,2024-05-04 13:48:00,2024-05-04 13:55:00,7,15,False,,2024-05-04
TRANS_LOG_PARSER,FAILED,2024-09-27 13:13:00,2024-09-27 13:15:00,2,25,False,ABEND S0C7,2024-09-27
PERF_ATTR_JOB,SUCCESS,2024-08-24 01:52:00,2024-08-24 02:21:00,29,45,False,,2024-08-24
SLA_MONITOR_BATCH,LATE,2024-11-19 12:10:00,2024-11-19 12:52:00,42,15,True,,2024-11-19
PERF_ATTR_JOB,SUCCESS,2024-05-28 01:11:00,2024-05-28 01:41:00,30,45,False,,2024-05-28
PERF_ATTR_JOB,SUCCESS,2024-12-11 11:21:00,2024-12-11 12:00:00,39,45,False,,2024-12-11
NAV_CALC_BATCH,SUCCESS,2024-04-08 23:01:00,2024-04-08 23:48:00,47,50,False,,2024-04-08
CASH_FLOW_EXTRACT,SUCCESS,2024-06-06 13:50:00,2024-06-06 13:59:00,9,20,False,,2024-06-06
COMPLIANCE_RPT,SUCCESS,2024-10-21 16:32:00,2024-10-21 16:38:00,6,55,False,,2024-10-21
PERF_ATTR_JOB,SUCCESS,2024-02-25 11:15:00,2024-02-25 11:55:00,40,45,False,,2024-02-25
TRADE_SETTLE_CHK,SUCCESS,2024-04-01 08:21:00,2024-04-01 08:49:00,28,35,False,,2024-04-01
INVEST_RECON_JOB,SUCCESS,2024-12-22 01:43:00,2024-12-22 02:09:00,26,45,False,,2024-12-22
PORTF_RPT_DAILY,SUCCESS,2024-11-23 01:54:00,2024-11-23 02:08:00,14,30,False,,2024-11-23
CLIENT_STMT_GEN,SUCCESS,2024-04-20 06:48:00,2024-04-20 07:45:00,57,60,False,,2024-04-20
TRANS_LOG_PARSER,SUCCESS,2024-09-26 08:37:00,2024-09-26 08:52:00,15,25,False,,2024-09-26
EOD_CLOSE_PROC,FAILED,2024-07-21 23:14:00,2024-07-21 23:24:00,10,70,False,RC=8,2024-07-21
CASH_FLOW_EXTRACT,SUCCESS,2024-11-03 14:33:00,2024-11-03 14:45:00,12,20,False,,2024-11-03
TRADE_SETTLE_CHK,ABENDED,2024-03-04 17:03:00,2024-03-04 17:10:00,7,35,False,RC=12,2024-03-04
FX_RATE_LOAD,SUCCESS,2024-12-13 06:31:00,2024-12-13 06:37:00,6,10,False,,2024-12-13
INVEST_RECON_JOB,SUCCESS,2024-06-14 07:02:00,2024-06-14 07:33:00,31,45,False,,2024-06-14
COMPLIANCE_RPT,SUCCESS,2024-02-09 02:58:00,2024-02-09 03:51:00,53,55,False,,2024-02-09
FX_RATE_LOAD,FAILED,2024-09-11 10:24:00,2024-09-11 10:25:00,1,10,False,ABEND S222,2024-09-11
DIVIDEND_PROC,ABENDED,2024-10-09 23:55:00,2024-10-10 00:04:00,9,30,False,RC=8,2024-10-09
PORTF_RPT_DAILY,RUNNING,2024-04-16 00:51:00,2024-04-16 00:56:00,5,30,False,,2024-04-16
FX_RATE_LOAD,SUCCESS,2024-07-31 03:35:00,2024-07-31 03:41:00,6,10,False,,2024-07-31
COMPLIANCE_RPT,SUCCESS,2024-01-07 07:44:00,2024-01-07 08:13:00,29,55,False,,2024-01-07
TRANS_LOG_PARSER,SUCCESS,2024-12-25 15:16:00,2024-12-25 15:30:00,14,25,False,,2024-12-25
COMPLIANCE_RPT,LATE,2024-03-02 23:58:00,2024-03-03 01:24:00,86,55,True,,2024-03-02
EOD_CLOSE_PROC,SUCCESS,2024-11-13 21:13:00,2024-11-13 22:08:00,55,70,False,,2024-11-13
TRANS_LOG_PARSER,SUCCESS,2024-06-26 04:56:00,2024-06-26 05:02:00,6,25,False,,2024-06-26
CASH_FLOW_EXTRACT,SUCCESS,2024-02-06 03:55:00,2024-02-06 04:08:00,13,20,False,,2024-02-06
NAV_CALC_BATCH,FAILED,2024-05-26 03:34:00,2024-05-26 03:44:00,10,50,False,RC=12,2024-05-26
CLIENT_STMT_GEN,SUCCESS,2024-09-01 10:53:00,2024-09-01 10:59:00,6,60,False,,2024-09-01
FX_RATE_LOAD,SUCCESS,2024-07-27 06:10:00,2024-07-27 06:16:00,6,10,False,,2024-07-27
CLIENT_STMT_GEN,SUCCESS,2024-09-15 04:04:00,2024-09-15 04:24:00,20,60,False,,2024-09-15
RISK_CALC_JOB,SUCCESS,2024-06-21 13:04:00,2024-06-21 13:14:00,10,40,False,,2024-06-21
SLA_MONITOR_BATCH,LATE,2024-12-22 23:54:00,2024-12-23 01:00:00,66,15,True,,2024-12-22
SLA_MONITOR_BATCH,SUCCESS,2024-10-01 13:47:00,2024-10-01 13:52:00,5,15,False,,2024-10-01
COMPLIANCE_RPT,SUCCESS,2024-01-11 10:15:00,2024-01-11 10:51:00,36,55,False,,2024-01-11
EOD_CLOSE_PROC,SUCCESS,2024-08-10 23:02:00,2024-08-10 23:19:00,17,70,False,,2024-08-10
CASH_FLOW_EXTRACT,FAILED,2024-08-06 00:02:00,2024-08-06 00:06:00,4,20,False,RC=8,2024-08-06
DIVIDEND_PROC,RUNNING,2024-07-03 12:25:00,2024-07-03 12:49:00,24,30,False,,2024-07-03
CASH_FLOW_EXTRACT,ABENDED,2024-01-14 12:09:00,2024-01-14 12:17:00,8,20,False,RC=8,2024-01-14
TRANS_LOG_PARSER,LATE,2024-04-18 03:11:00,2024-04-18 04:30:00,79,25,True,,2024-04-18
CLIENT_STMT_GEN,SUCCESS,2024-06-23 11:03:00,2024-06-23 12:00:00,57,60,False,,2024-06-23
POSITION_SYNC,SUCCESS,2024-04-03 13:36:00,2024-04-03 13:42:00,6,20,False,,2024-04-03
RISK_CALC_JOB,SUCCESS,2024-09-05 13:48:00,2024-09-05 14:02:00,14,40,False,,2024-09-05
FX_RATE_LOAD,SUCCESS,2024-09-25 08:18:00,2024-09-25 08:23:00,5,10,False,,2024-09-25
CASH_FLOW_EXTRACT,SUCCESS,2024-10-10 00:50:00,2024-10-10 01:03:00,13,20,False,,2024-10-10
RISK_CALC_JOB,FAILED,2024-06-24 09:15:00,2024-06-24 09:31:00,16,40,False,JCL ERROR,2024-06-24
TRADE_SETTLE_CHK,RUNNING,2024-03-10 13:02:00,2024-03-10 13:13:00,11,35,False,,2024-03-10
CLIENT_STMT_GEN,SUCCESS,2024-11-10 23:07:00,2024-11-10 23:15:00,8,60,False,,2024-11-10
CASH_FLOW_EXTRACT,FAILED,2024-08-19 22:44:00,2024-08-19 22:45:00,1,20,False,JCL ERROR,2024-08-19
COMPLIANCE_RPT,SUCCESS,2024-07-07 18:37:00,2024-07-07 19:27:00,50,55,False,,2024-07-07
CASH_FLOW_EXTRACT,ABENDED,2024-05-26 18:11:00,2024-05-26 18:12:00,1,20,False,ABEND S222,2024-05-26
SLA_MONITOR_BATCH,SUCCESS,2024-03-25 12:48:00,2024-03-25 13:02:00,14,15,False,,2024-03-25
TRADE_SETTLE_CHK,SUCCESS,2024-11-16 13:49:00,2024-11-16 14:13:00,24,35,False,,2024-11-16
FX_RATE_LOAD,ABENDED,2024-12-02 09:53:00,2024-12-02 09:58:00,5,10,False,JCL ERROR,2024-12-02
PERF_ATTR_JOB,SUCCESS,2024-12-12 21:48:00,2024-12-12 22:22:00,34,45,False,,2024-12-12
CASH_FLOW_EXTRACT,RUNNING,2024-05-31 04:34:00,2024-05-31 04:51:00,17,20,False,,2024-05-31
TRANS_LOG_PARSER,SUCCESS,2024-11-22 18:15:00,2024-11-22 18:24:00,9,25,False,,2024-11-22
TRANS_LOG_PARSER,SUCCESS,2024-05-30 00:49:00,2024-05-30 01:10:00,21,25,False,,2024-05-30
EOD_CLOSE_PROC,SUCCESS,2024-11-12 06:11:00,2024-11-12 06:40:00,29,70,False,,2024-11-12
CASH_FLOW_EXTRACT,SUCCESS,2024-04-24 09:49:00,2024-04-24 09:56:00,7,20,False,,2024-04-24
PERF_ATTR_JOB,LATE,2024-07-25 18:35:00,2024-07-25 19:28:00,53,45,True,,2024-07-25
POSITION_SYNC,SUCCESS,2024-01-12 17:30:00,2024-01-12 17:37:00,7,20,False,,2024-01-12
POSITION_SYNC,SUCCESS,2024-08-22 13:57:00,2024-08-22 14:02:00,5,20,False,,2024-08-22
NAV_CALC_BATCH,SUCCESS,2024-04-20 09:35:00,2024-04-20 09:54:00,19,50,False,,2024-04-20
DIVIDEND_PROC,SUCCESS,2024-06-15 21:42:00,2024-06-15 22:06:00,24,30,False,,2024-06-15
EOD_CLOSE_PROC,SUCCESS,2024-05-04 16:08:00,2024-05-04 16:15:00,7,70,False,,2024-05-04
COMPLIANCE_RPT,ABENDED,2024-05-25 00:57:00,2024-05-25 01:09:00,12,55,False,ABEND S222,2024-05-25
EOD_CLOSE_PROC,FAILED,2024-03-13 22:36:00,2024-03-13 23:04:00,28,70,False,ABEND S0C7,2024-03-13
PORTF_RPT_DAILY,SUCCESS,2024-03-16 12:37:00,2024-03-16 13:06:00,29,30,False,,2024-03-16
TRANS_LOG_PARSER,SUCCESS,2024-03-16 13:42:00,2024-03-16 13:55:00,13,25,False,,2024-03-16
CASH_FLOW_EXTRACT,FAILED,2024-07-14 18:24:00,2024-07-14 18:30:00,6,20,False,ABEND S222,2024-07-14
NAV_CALC_BATCH,SUCCESS,2024-04-20 00:35:00,2024-04-20 01:10:00,35,50,False,,2024-04-20
PERF_ATTR_JOB,SUCCESS,2024-12-10 21:56:00,2024-12-10 22:10:00,14,45,False,,2024-12-10
PERF_ATTR_JOB,SUCCESS,2024-09-27 10:36:00,2024-09-27 11:02:00,26,45,False,,2024-09-27
EOD_CLOSE_PROC,FAILED,2024-05-08 06:49:00,2024-05-08 07:07:00,18,70,False,ABEND S222,2024-05-08
DIVIDEND_PROC,SUCCESS,2024-10-27 09:54:00,2024-10-27 10:15:00,21,30,False,,2024-10-27
SLA_MONITOR_BATCH,SUCCESS,2024-01-21 00:53:00,2024-01-21 01:00:00,7,15,False,,2024-01-21
RISK_CALC_JOB,FAILED,2024-01-01 00:42:00,2024-01-01 00:59:00,17,40,False,ABEND S222,2024-01-01
FX_RATE_LOAD,SUCCESS,2024-07-18 02:03:00,2024-07-18 02:08:00,5,10,False,,2024-07-18
COMPLIANCE_RPT,LATE,2024-07-17 16:12:00,2024-07-17 17:16:00,64,55,True,,2024-07-17
CASH_FLOW_EXTRACT,FAILED,2024-11-09 10:52:00,2024-11-09 10:53:00,1,20,False,RC=8,2024-11-09
CASH_FLOW_EXTRACT,SUCCESS,2024-01-29 19:41:00,2024-01-29 19:50:00,9,20,False,,2024-01-29
CASH_FLOW_EXTRACT,SUCCESS,2024-11-06 02:54:00,2024-11-06 03:10:00,16,20,False,,2024-11-06
TRANS_LOG_PARSER,SUCCESS,2024-07-27 05:55:00,2024-07-27 06:16:00,21,25,False,,2024-07-27
CLIENT_STMT_GEN,ABENDED,2024-08-14 20:26:00,2024-08-14 20:47:00,21,60,False,RC=12,2024-08-14
PORTF_RPT_DAILY,FAILED,2024-04-22 20:17:00,2024-04-22 20:22:00,5,30,False,RC=8,2024-04-22
EOD_CLOSE_PROC,SUCCESS,2024-08-14 19:18:00,2024-08-14 20:13:00,55,70,False,,2024-08-14
INVEST_RECON_JOB,SUCCESS,2024-08-17 04:46:00,2024-08-17 05:16:00,30,45,False,,2024-08-17
PERF_ATTR_JOB,ABENDED,2024-12-09 04:38:00,2024-12-09 04:43:00,5,45,False,ABEND S0C7,2024-12-09
PORTF_RPT_DAILY,SUCCESS,2024-02-17 23:55:00,2024-02-18 00:15:00,20,30,False,,2024-02-17
TRADE_SETTLE_CHK,SUCCESS,2024-08-30 12:59:00,2024-08-30 13:05:00,6,35,False,,2024-08-30
INVEST_RECON_JOB,SUCCESS,2024-11-04 02:49:00,2024-11-04 03:10:00,21,45,False,,2024-11-04
PORTF_RPT_DAILY,SUCCESS,2024-09-25 21:34:00,2024-09-25 21:47:00,13,30,False,,2024-09-25
CASH_FLOW_EXTRACT,LATE,2024-04-11 06:29:00,2024-04-11 07:08:00,39,20,True,,2024-04-11
CASH_FLOW_EXTRACT,LATE,2024-06-09 11:45:00,2024-06-09 12:20:00,35,20,True,,2024-06-09
CLIENT_STMT_GEN,SUCCESS,2024-07-24 03:29:00,2024-07-24 04:08:00,39,60,False,,2024-07-24
EOD_CLOSE_PROC,SUCCESS,2024-01-06 06:54:00,2024-01-06 07:20:00,26,70,False,,2024-01-06
NAV_CALC_BATCH,SUCCESS,2024-11-04 05:00:00,2024-11-04 05:29:00,29,50,False,,2024-11-04
CASH_FLOW_EXTRACT,SUCCESS,2024-08-04 07:52:00,2024-08-04 08:05:00,13,20,False,,2024-08-04
NAV_CALC_BATCH,SUCCESS,2024-08-27 15:34:00,2024-08-27 16:15:00,41,50,False,,2024-08-27
TRANS_LOG_PARSER,SUCCESS,2024-04-07 06:28:00,2024-04-07 06:35:00,7,25,False,,2024-04-07
EOD_CLOSE_PROC,FAILED,2024-05-31 09:16:00,2024-05-31 09:20:00,4,70,False,RC=12,2024-05-31
COMPLIANCE_RPT,SUCCESS,2024-01-25 04:55:00,2024-01-25 05:25:00,30,55,False,,2024-01-25
SLA_MONITOR_BATCH,SUCCESS,2024-02-18 13:17:00,2024-02-18 13:26:00,9,15,False,,2024-02-18
PORTF_RPT_DAILY,SUCCESS,2024-04-14 21:16:00,2024-04-14 21:24:00,8,30,False,,2024-04-14
POSITION_SYNC,SUCCESS,2024-02-25 04:57:00,2024-02-25 05:09:00,12,20,False,,2024-02-25
TRADE_SETTLE_CHK,FAILED,2024-12-07 16:10:00,2024-12-07 16:16:00,6,35,False,RC=8,2024-12-07
PORTF_RPT_DAILY,ABENDED,2024-11-23 02:56:00,2024-11-23 03:04:00,8,30,False,JCL ERROR,2024-11-23
DIVIDEND_PROC,ABENDED,2024-02-22 20:12:00,2024-02-22 20:17:00,5,30,False,JCL ERROR,2024-02-22
EOD_CLOSE_PROC,LATE,2024-03-28 18:34:00,2024-03-28 20:10:00,96,70,True,,2024-03-28
TRADE_SETTLE_CHK,ABENDED,2024-12-17 19:28:00,2024-12-17 19:36:00,8,35,False,ABEND S222,2024-12-17
COMPLIANCE_RPT,ABENDED,2024-10-03 07:56:00,2024-10-03 08:00:00,4,55,False,JCL ERROR,2024-10-03
INVEST_RECON_JOB,SUCCESS,2024-06-12 13:01:00,2024-06-12 13:27:00,26,45,False,,2024-06-12
CLIENT_STMT_GEN,SUCCESS,2024-08-18 23:01:00,2024-08-18 23:37:00,36,60,False,,2024-08-18
PERF_ATTR_JOB,FAILED,2024-10-05 23:40:00,2024-10-05 23:54:00,14,45,False,ABEND S222,2024-10-05
NAV_CALC_BATCH,RUNNING,2024-03-01 14:30:00,2024-03-01 15:19:00,49,50,False,,2024-03-01
PORTF_RPT_DAILY,SUCCESS,2024-09-11 07:57:00,2024-09-11 08:14:00,17,30,False,,2024-09-11
DIVIDEND_PROC,FAILED,2024-03-16 00:23:00,2024-03-16 00:36:00,13,30,False,RC=8,2024-03-16
POSITION_SYNC,SUCCESS,2024-02-13 21:53:00,2024-02-13 22:00:00,7,20,False,,2024-02-13
INVEST_RECON_JOB,SUCCESS,2024-06-27 10:43:00,2024-06-27 10:58:00,15,45,False,,2024-06-27
CASH_FLOW_EXTRACT,LATE,2024-12-13 21:23:00,2024-12-13 21:48:00,25,20,True,,2024-12-13
PERF_ATTR_JOB,SUCCESS,2024-08-17 03:43:00,2024-08-17 04:04:00,21,45,False,,2024-08-17
POSITION_SYNC,SUCCESS,2024-02-07 16:41:00,2024-02-07 16:58:00,17,20,False,,2024-02-07
EOD_CLOSE_PROC,SUCCESS,2024-10-19 04:20:00,2024-10-19 05:15:00,55,70,False,,2024-10-19
RISK_CALC_JOB,FAILED,2024-01-21 17:37:00,2024-01-21 17:55:00,18,40,False,ABEND S0C7,2024-01-21
CLIENT_STMT_GEN,SUCCESS,2024-11-07 17:18:00,2024-11-07 18:13:00,55,60,False,,2024-11-07
DIVIDEND_PROC,ABENDED,2024-03-22 04:57:00,2024-03-22 05:12:00,15,30,False,RC=8,2024-03-22
COMPLIANCE_RPT,SUCCESS,2024-01-18 19:44:00,2024-01-18 20:35:00,51,55,False,,2024-01-18
CLIENT_STMT_GEN,FAILED,2024-10-04 13:46:00,2024-10-04 14:06:00,20,60,False,ABEND S0C7,2024-10-04
DIVIDEND_PROC,LATE,2024-11-27 04:19:00,2024-11-27 05:32:00,73,30,True,,2024-11-27
TRANS_LOG_PARSER,ABENDED,2024-11-08 16:35:00,2024-11-08 16:46:00,11,25,False,RC=8,2024-11-08
NAV_CALC_BATCH,SUCCESS,2024-06-26 14:40:00,2024-06-26 15:19:00,39,50,False,,2024-06-26
DIVIDEND_PROC,SUCCESS,2024-01-19 22:41:00,2024-01-19 23:00:00,19,30,False,,2024-01-19
CASH_FLOW_EXTRACT,SUCCESS,2024-04-01 07:57:00,2024-04-01 08:10:00,13,20,False,,2024-04-01
POSITION_SYNC,SUCCESS,2024-09-01 06:34:00,2024-09-01 06:51:00,17,20,False,,2024-09-01
NAV_CALC_BATCH,SUCCESS,2024-11-11 14:17:00,2024-11-11 14:46:00,29,50,False,,2024-11-11
PERF_ATTR_JOB,SUCCESS,2024-11-10 02:46:00,2024-11-10 03:20:00,34,45,False,,2024-11-10
RISK_CALC_JOB,SUCCESS,2024-09-09 12:34:00,2024-09-09 12:48:00,14,40,False,,2024-09-09
COMPLIANCE_RPT,SUCCESS,2024-08-11 16:31:00,2024-08-11 17:21:00,50,55,False,,2024-08-11
COMPLIANCE_RPT,SUCCESS,2024-03-07 10:33:00,2024-03-07 11:14:00,41,55,False,,2024-03-07
CLIENT_STMT_GEN,SUCCESS,2024-01-20 20:34:00,2024-01-20 20:59:00,25,60,False,,2024-01-20
NAV_CALC_BATCH,SUCCESS,2024-07-23 20:11:00,2024-07-23 20:59:00,48,50,False,,2024-07-23
NAV_CALC_BATCH,FAILED,2024-07-07 01:44:00,2024-07-07 01:53:00,9,50,False,RC=8,2024-07-07
NAV_CALC_BATCH,RUNNING,2024-07-03 12:24:00,2024-07-03 13:08:00,44,50,False,,2024-07-03
TRANS_LOG_PARSER,FAILED,2024-10-18 01:01:00,2024-10-18 01:12:00,11,25,False,RC=8,2024-10-18
INVEST_RECON_JOB,SUCCESS,2024-10-04 05:49:00,2024-10-04 06:15:00,26,45,False,,2024-10-04
COMPLIANCE_RPT,SUCCESS,2024-05-08 05:59:00,2024-05-08 06:37:00,38,55,False,,2024-05-08
POSITION_SYNC,SUCCESS,2024-07-20 06:08:00,2024-07-20 06:18:00,10,20,False,,2024-07-20
COMPLIANCE_RPT,ABENDED,2024-05-30 05:40:00,2024-05-30 05:48:00,8,55,False,RC=12,2024-05-30
NAV_CALC_BATCH,SUCCESS,2024-10-21 08:50:00,2024-10-21 09:20:00,30,50,False,,2024-10-21
COMPLIANCE_RPT,ABENDED,2024-04-09 17:57:00,2024-04-09 18:16:00,19,55,False,RC=8,2024-04-09
TRANS_LOG_PARSER,SUCCESS,2024-05-13 02:43:00,2024-05-13 02:58:00,15,25,False,,2024-05-13
INVEST_RECON_JOB,SUCCESS,2024-06-21 23:59:00,2024-06-22 00:34:00,35,45,False,,2024-06-21
INVEST_RECON_JOB,RUNNING,2024-06-24 12:10:00,2024-06-24 12:51:00,41,45,False,,2024-06-24
INVEST_RECON_JOB,SUCCESS,2024-10-28 07:55:00,2024-10-28 08:14:00,19,45,False,,2024-10-28
TRANS_LOG_PARSER,SUCCESS,2024-12-17 11:06:00,2024-12-17 11:18:00,12,25,False,,2024-12-17
COMPLIANCE_RPT,LATE,2024-09-15 03:35:00,2024-09-15 05:20:00,105,55,True,,2024-09-15
POSITION_SYNC,SUCCESS,2024-01-14 20:31:00,2024-01-14 20:44:00,13,20,False,,2024-01-14
SLA_MONITOR_BATCH,LATE,2024-10-13 10:01:00,2024-10-13 11:00:00,59,15,True,,2024-10-13
TRANS_LOG_PARSER,FAILED,2024-12-14 09:52:00,2024-12-14 09:57:00,5,25,False,RC=12,2024-12-14
PORTF_RPT_DAILY,SUCCESS,2024-11-17 19:07:00,2024-11-17 19:33:00,26,30,False,,2024-11-17
EOD_CLOSE_PROC,SUCCESS,2024-10-22 02:59:00,2024-10-22 03:18:00,19,70,False,,2024-10-22
EOD_CLOSE_PROC,SUCCESS,2024-09-04 05:03:00,2024-09-04 05:33:00,30,70,False,,2024-09-04
DIVIDEND_PROC,ABENDED,2024-06-19 18:15:00,2024-06-19 18:20:00,5,30,False,RC=8,2024-06-19
CASH_FLOW_EXTRACT,ABENDED,2024-04-17 12:19:00,2024-04-17 12:21:00,2,20,False,ABEND S0C7,2024-04-17
SLA_MONITOR_BATCH,SUCCESS,2024-06-16 10:12:00,2024-06-16 10:18:00,6,15,False,,2024-06-16
CLIENT_STMT_GEN,FAILED,2024-07-06 19:56:00,2024-07-06 20:03:00,7,60,False,ABEND S222,2024-07-06
RISK_CALC_JOB,FAILED,2024-09-25 03:15:00,2024-09-25 03:29:00,14,40,False,ABEND S222,2024-09-25
COMPLIANCE_RPT,SUCCESS,2024-01-09 19:17:00,2024-01-09 19:31:00,14,55,False,,2024-01-09
TRADE_SETTLE_CHK,ABENDED,2024-02-25 09:49:00,2024-02-25 09:52:00,3,35,False,RC=8,2024-02-25
PERF_ATTR_JOB,SUCCESS,2024-08-21 12:39:00,2024-08-21 13:17:00,38,45,False,,2024-08-21
CASH_FLOW_EXTRACT,FAILED,2024-09-25 15:35:00,2024-09-25 15:36:00,1,20,False,JCL ERROR,2024-09-25
TRADE_SETTLE_CHK,ABENDED,2024-09-01 00:17:00,2024-09-01 00:29:00,12,35,False,RC=12,2024-09-01
CLIENT_STMT_GEN,ABENDED,2024-09-26 17:54:00,2024-09-26 18:19:00,25,60,False,ABEND S0C7,2024-09-26
POSITION_SYNC,SUCCESS,2024-03-11 10:35:00,2024-03-11 10:52:00,17,20,False,,2024-03-11
EOD_CLOSE_PROC,ABENDED,2024-08-07 13:03:00,2024-08-07 13:24:00,21,70,False,JCL ERROR,2024-08-07
DIVIDEND_PROC,SUCCESS,2024-08-18 17:28:00,2024-08-18 17:41:00,13,30,False,,2024-08-18
SLA_MONITOR_BATCH,ABENDED,2024-03-11 15:45:00,2024-03-11 15:48:00,3,15,False,JCL ERROR,2024-03-11
TRANS_LOG_PARSER,LATE,2024-12-08 08:34:00,2024-12-08 09:44:00,70,25,True,,2024-12-08
TRANS_LOG_PARSER,FAILED,2024-08-04 11:50:00,2024-08-04 11:56:00,6,25,False,JCL ERROR,2024-08-04
SLA_MONITOR_BATCH,SUCCESS,2024-03-06 09:39:00,2024-03-06 09:45:00,6,15,False,,2024-03-06
CASH_FLOW_EXTRACT,ABENDED,2024-08-07 10:01:00,2024-08-07 10:04:00,3,20,False,RC=8,2024-08-07
EOD_CLOSE_PROC,SUCCESS,2024-03-20 09:23:00,2024-03-20 09:57:00,34,70,False,,2024-03-20
FX_RATE_LOAD,SUCCESS,2024-04-28 02:15:00,2024-04-28 02:21:00,6,10,False,,2024-04-28
NAV_CALC_BATCH,ABENDED,2024-02-29 10:55:00,2024-02-29 11:06:00,11,50,False,RC=8,2024-02-29
CLIENT_STMT_GEN,SUCCESS,2024-06-23 15:02:00,2024-06-23 15:40:00,38,60,False,,2024-06-23
CLIENT_STMT_GEN,SUCCESS,2024-08-05 17:47:00,2024-08-05 18:03:00,16,60,False,,2024-08-05
NAV_CALC_BATCH,SUCCESS,2024-06-04 09:54:00,2024-06-04 10:32:00,38,50,False,,2024-06-04
DIVIDEND_PROC,SUCCESS,2024-07-16 18:39:00,2024-07-16 19:06:00,27,30,False,,2024-07-16
RISK_CALC_JOB,SUCCESS,2024-12-19 07:27:00,2024-12-19 08:00:00,33,40,False,,2024-12-19
EOD_CLOSE_PROC,SUCCESS,2024-08-13 23:18:00,2024-08-14 00:15:00,57,70,False,,2024-08-13
INVEST_RECON_JOB,FAILED,2024-03-07 11:54:00,2024-03-07 12:11:00,17,45,False,RC=12,2024-03-07
EOD_CLOSE_PROC,SUCCESS,2024-04-17 02:33:00,2024-04-17 03:05:00,32,70,False,,2024-04-17
PERF_ATTR_JOB,ABENDED,2024-12-28 17:51:00,2024-12-28 17:55:00,4,45,False,RC=12,2024-12-28
CLIENT_STMT_GEN,ABENDED,2024-03-05 06:38:00,2024-03-05 06:43:00,5,60,False,RC=8,2024-03-05
NAV_CALC_BATCH,SUCCESS,2024-02-17 01:24:00,2024-02-17 01:29:00,5,50,False,,2024-02-17
EOD_CLOSE_PROC,SUCCESS,2024-05-05 13:16:00,2024-05-05 14:23:00,67,70,False,,2024-05-05
INVEST_RECON_JOB,SUCCESS,2024-10-10 14:22:00,2024-10-10 14:28:00,6,45,False,,2024-10-10
DIVIDEND_PROC,SUCCESS,2024-08-29 12:33:00,2024-08-29 13:00:00,27,30,False,,2024-08-29
CASH_FLOW_EXTRACT,FAILED,2024-03-31 05:57:00,2024-03-31 06:03:00,6,20,False,ABEND S222,2024-03-31
RISK_CALC_JOB,SUCCESS,2024-07-04 17:40:00,2024-07-04 18:02:00,22,40,False,,2024-07-04
RISK_CALC_JOB,SUCCESS,2024-03-20 18:02:00,2024-03-20 18:27:00,25,40,False,,2024-03-20
INVEST_RECON_JOB,SUCCESS,2024-09-18 21:47:00,2024-09-18 22:21:00,34,45,False,,2024-09-18
POSITION_SYNC,RUNNING,2024-10-10 07:46:00,2024-10-10 07:52:00,6,20,False,,2024-10-10
POSITION_SYNC,SUCCESS,2024-04-03 22:28:00,2024-04-03 22:34:00,6,20,False,,2024-04-03
NAV_CALC_BATCH,SUCCESS,2024-02-02 14:43:00,2024-02-02 15:01:00,18,50,False,,2024-02-02
CLIENT_STMT_GEN,SUCCESS,2024-04-21 18:41:00,2024-04-21 19:23:00,42,60,False,,2024-04-21
INVEST_RECON_JOB,LATE,2024-01-15 10:11:00,2024-01-15 11:12:00,61,45,True,,2024-01-15
INVEST_RECON_JOB,SUCCESS,2024-10-17 19:13:00,2024-10-17 19:44:00,31,45,False,,2024-10-17
EOD_CLOSE_PROC,SUCCESS,2024-02-21 23:27:00,2024-02-22 00:13:00,46,70,False,,2024-02-21
NAV_CALC_BATCH,ABENDED,2024-02-08 20:19:00,2024-02-08 20:27:00,8,50,False,JCL ERROR,2024-02-08
DIVIDEND_PROC,SUCCESS,2024-03-26 10:41:00,2024-03-26 10:57:00,16,30,False,,2024-03-26
TRADE_SETTLE_CHK,LATE,2024-10-22 17:13:00,2024-10-22 18:13:00,60,35,True,,2024-10-22
DIVIDEND_PROC,LATE,2024-05-16 13:07:00,2024-05-16 14:13:00,66,30,True,,2024-05-16
TRADE_SETTLE_CHK,SUCCESS,2024-09-09 07:10:00,2024-09-09 07:40:00,30,35,False,,2024-09-09
POSITION_SYNC,SUCCESS,2024-01-11 18:21:00,2024-01-11 18:30:00,9,20,False,,2024-01-11
COMPLIANCE_RPT,SUCCESS,2024-09-12 19:45:00,2024-09-12 20:36:00,51,55,False,,2024-09-12
CASH_FLOW_EXTRACT,SUCCESS,2024-08-16 19:52:00,2024-08-16 20:10:00,18,20,False,,2024-08-16
COMPLIANCE_RPT,SUCCESS,2024-01-02 05:36:00,2024-01-02 05:52:00,16,55,False,,2024-01-02
RISK_CALC_JOB,SUCCESS,2024-01-29 10:15:00,2024-01-29 10:49:00,34,40,False,,2024-01-29
PERF_ATTR_JOB,SUCCESS,2024-09-11 23:07:00,2024-09-11 23:25:00,18,45,False,,2024-09-11
RISK_CALC_JOB,FAILED,2024-06-16 04:37:00,2024-06-16 04:55:00,18,40,False,JCL ERROR,2024-06-16
CLIENT_STMT_GEN,SUCCESS,2024-01-15 21:48:00,2024-01-15 21:59:00,11,60,False,,2024-01-15
INVEST_RECON_JOB,FAILED,2024-07-22 23:50:00,2024-07-22 23:52:00,2,45,False,JCL ERROR,2024-07-22
CLIENT_STMT_GEN,SUCCESS,2024-01-23 08:48:00,2024-01-23 09:28:00,40,60,False,,2024-01-23
RISK_CALC_JOB,SUCCESS,2024-12-17 14:33:00,2024-12-17 15:10:00,37,40,False,,2024-12-17
DIVIDEND_PROC,ABENDED,2024-08-12 11:43:00,2024-08-12 11:47:00,4,30,False,ABEND S0C7,2024-08-12
NAV_CALC_BATCH,SUCCESS,2024-04-04 07:40:00,2024-04-04 08:19:00,39,50,False,,2024-04-04
POSITION_SYNC,RUNNING,2024-01-21 06:01:00,2024-01-21 06:10:00,9,20,False,,2024-01-21
SLA_MONITOR_BATCH,SUCCESS,2024-07-17 20:05:00,2024-07-17 20:19:00,14,15,False,,2024-07-17
COMPLIANCE_RPT,FAILED,2024-06-13 03:29:00,2024-06-13 03:32:00,3,55,False,ABEND S0C7,2024-06-13
COMPLIANCE_RPT,ABENDED,2024-04-17 23:36:00,2024-04-17 23:39:00,3,55,False,RC=8,2024-04-17
PERF_ATTR_JOB,SUCCESS,2024-10-22 05:49:00,2024-10-22 06:31:00,42,45,False,,2024-10-22
TRADE_SETTLE_CHK,SUCCESS,2024-01-13 02:19:00,2024-01-13 02:30:00,11,35,False,,2024-01-13
RISK_CALC_JOB,SUCCESS,2024-09-18 06:03:00,2024-09-18 06:20:00,17,40,False,,2024-09-18
EOD_CLOSE_PROC,SUCCESS,2024-07-31 15:05:00,2024-07-31 15:36:00,31,70,False,,2024-07-31
NAV_CALC_BATCH,SUCCESS,2024-02-17 19:07:00,2024-02-17 19:21:00,14,50,False,,2024-02-17
POSITION_SYNC,SUCCESS,2024-03-18 23:09:00,2024-03-18 23:15:00,6,20,False,,2024-03-18
CLIENT_STMT_GEN,SUCCESS,2024-12-17 22:29:00,2024-12-17 23:00:00,31,60,False,,2024-12-17
RISK_CALC_JOB,FAILED,2024-03-12 01:07:00,2024-03-12 01:27:00,20,40,False,RC=8,2024-03-12
CASH_FLOW_EXTRACT,SUCCESS,2024-07-25 03:08:00,2024-07-25 03:27:00,19,20,False,,2024-07-25
INVEST_RECON_JOB,SUCCESS,2024-11-12 23:02:00,2024-11-12 23:35:00,33,45,False,,2024-11-12
INVEST_RECON_JOB,FAILED,2024-12-04 23:59:00,2024-12-05 00:16:00,17,45,False,ABEND S222,2024-12-04
EOD_CLOSE_PROC,SUCCESS,2024-11-14 23:46:00,2024-11-15 00:18:00,32,70,False,,2024-11-14
PORTF_RPT_DAILY,SUCCESS,2024-04-08 13:24:00,2024-04-08 13:39:00,15,30,False,,2024-04-08
CLIENT_STMT_GEN,SUCCESS,2024-12-04 05:29:00,2024-12-04 06:15:00,46,60,False,,2024-12-04
EOD_CLOSE_PROC,FAILED,2024-06-03 16:06:00,2024-06-03 16:16:00,10,70,False,ABEND S0C7,2024-06-03
INVEST_RECON_JOB,SUCCESS,2024-05-25 00:50:00,2024-05-25 01:30:00,40,45,False,,2024-05-25
NAV_CALC_BATCH,SUCCESS,2024-09-25 04:59:00,2024-09-25 05:25:00,26,50,False,,2024-09-25
COMPLIANCE_RPT,SUCCESS,2024-12-06 10:08:00,2024-12-06 10:22:00,14,55,False,,2024-12-06
FX_RATE_LOAD,SUCCESS,2024-03-06 00:53:00,2024-03-06 01:02:00,9,10,False,,2024-03-06
CLIENT_STMT_GEN,FAILED,2024-07-06 11:46:00,2024-07-06 11:59:00,13,60,False,RC=8,2024-07-06
PERF_ATTR_JOB,FAILED,2024-12-01 00:51:00,2024-12-01 00:58:00,7,45,False,JCL ERROR,2024-12-01
FX_RATE_LOAD,SUCCESS,2024-12-21 18:31:00,2024-12-21 18:36:00,5,10,False,,2024-12-21
PERF_ATTR_JOB,SUCCESS,2024-08-20 03:09:00,2024-08-20 03:31:00,22,45,False,,2024-08-20
CLIENT_STMT_GEN,SUCCESS,2024-07-02 17:20:00,2024-07-02 17:59:00,39,60,False,,2024-07-02
TRANS_LOG_PARSER,SUCCESS,2024-03-07 06:54:00,2024-03-07 06:59:00,5,25,False,,2024-03-07
SLA_MONITOR_BATCH,LATE,2024-03-20 00:09:00,2024-03-20 00:59:00,50,15,True,,2024-03-20
EOD_CLOSE_PROC,SUCCESS,2024-03-04 11:39:00,2024-03-04 12:04:00,25,70,False,,2024-03-04
RISK_CALC_JOB,SUCCESS,2024-09-10 08:03:00,2024-09-10 08:18:00,15,40,False,,2024-09-10
FX_RATE_LOAD,SUCCESS,2024-08-14 23:46:00,2024-08-14 23:51:00,5,10,False,,2024-08-14
POSITION_SYNC,SUCCESS,2024-10-29 00:26:00,2024-10-29 00:34:00,8,20,False,,2024-10-29
INVEST_RECON_JOB,SUCCESS,2024-05-24 16:41:00,2024-05-24 16:52:00,11,45,False,,2024-05-24
TRANS_LOG_PARSER,SUCCESS,2024-03-22 21:40:00,2024-03-22 21:45:00,5,25,False,,2024-03-22
CLIENT_STMT_GEN,FAILED,2024-05-26 01:15:00,2024-05-26 01:17:00,2,60,False,RC=8,2024-05-26
PORTF_RPT_DAILY,SUCCESS,2024-07-26 15:36:00,2024-07-26 16:05:00,29,30,False,,2024-07-26
NAV_CALC_BATCH,SUCCESS,2024-08-04 09:39:00,2024-08-04 09:48:00,9,50,False,,2024-08-04
TRANS_LOG_PARSER,SUCCESS,2024-12-12 11:23:00,2024-12-12 11:37:00,14,25,False,,2024-12-12
POSITION_SYNC,ABENDED,2024-05-06 08:30:00,2024-05-06 08:32:00,2,20,False,RC=12,2024-05-06
COMPLIANCE_RPT,ABENDED,2024-08-24 13:00:00,2024-08-24 13:04:00,4,55,False,RC=8,2024-08-24
DIVIDEND_PROC,SUCCESS,2024-03-01 16:07:00,2024-03-01 16:13:00,6,30,False,,2024-03-01
CLIENT_STMT_GEN,SUCCESS,2024-07-30 17:14:00,2024-07-30 17:25:00,11,60,False,,2024-07-30
RISK_CALC_JOB,SUCCESS,2024-02-16 15:10:00,2024-02-16 15:42:00,32,40,False,,2024-02-16
DIVIDEND_PROC,SUCCESS,2024-01-07 16:06:00,2024-01-07 16:34:00,28,30,False,,2024-01-07
NAV_CALC_BATCH,SUCCESS,2024-02-24 04:37:00,2024-02-24 04:43:00,6,50,False,,2024-02-24
COMPLIANCE_RPT,FAILED,2024-06-24 22:03:00,2024-06-24 22:18:00,15,55,False,RC=8,2024-06-24
CLIENT_STMT_GEN,SUCCESS,2024-07-28 14:06:00,2024-07-28 14:26:00,20,60,False,,2024-07-28
PORTF_RPT_DAILY,SUCCESS,2024-04-27 10:05:00,2024-04-27 10:11:00,6,30,False,,2024-04-27
COMPLIANCE_RPT,ABENDED,2024-07-03 16:17:00,2024-07-03 16:33:00,16,55,False,ABEND S0C7,2024-07-03
CLIENT_STMT_GEN,ABENDED,2024-03-30 03:45:00,2024-03-30 03:52:00,7,60,False,RC=8,2024-03-30
PORTF_RPT_DAILY,SUCCESS,2024-04-03 11:34:00,2024-04-03 11:55:00,21,30,False,,2024-04-03
NAV_CALC_BATCH,SUCCESS,2024-08-06 22:27:00,2024-08-06 23:10:00,43,50,False,,2024-08-06
SLA_MONITOR_BATCH,SUCCESS,2024-04-14 03:35:00,2024-04-14 03:40:00,5,15,False,,2024-04-14
TRANS_LOG_PARSER,SUCCESS,2024-12-09 06:38:00,2024-12-09 06:55:00,17,25,False,,2024-12-09
INVEST_RECON_JOB,ABENDED,2024-08-13 08:53:00,2024-08-13 09:07:00,14,45,False,ABEND S222,2024-08-13
POSITION_SYNC,ABENDED,2024-02-10 11:37:00,2024-02-10 11:39:00,2,20,False,JCL ERROR,2024-02-10
CLIENT_STMT_GEN,ABENDED,2024-12-24 15:01:00,2024-12-24 15:03:00,2,60,False,RC=8,2024-12-24
SLA_MONITOR_BATCH,SUCCESS,2024-08-05 03:19:00,2024-08-05 03:29:00,10,15,False,,2024-08-05
NAV_CALC_BATCH,SUCCESS,2024-02-04 03:03:00,2024-02-04 03:36:00,33,50,False,,2024-02-04
FX_RATE_LOAD,SUCCESS,2024-08-27 03:58:00,2024-08-27 04:05:00,7,10,False,,2024-08-27
PORTF_RPT_DAILY,SUCCESS,2024-12-01 08:37:00,2024-12-01 08:49:00,12,30,False,,2024-12-01
DIVIDEND_PROC,FAILED,2024-10-09 02:52:00,2024-10-09 03:04:00,12,30,False,JCL ERROR,2024-10-09
PERF_ATTR_JOB,FAILED,2024-12-28 20:44:00,2024-12-28 20:53:00,9,45,False,JCL ERROR,2024-12-28
PORTF_RPT_DAILY,SUCCESS,2024-12-07 22:04:00,2024-12-07 22:19:00,15,30,False,,2024-12-07
PERF_ATTR_JOB,SUCCESS,2024-05-10 19:38:00,2024-05-10 20:15:00,37,45,False,,2024-05-10
PORTF_RPT_DAILY,ABENDED,2024-06-01 20:53:00,2024-06-01 21:03:00,10,30,False,ABEND S222,2024-06-01
EOD_CLOSE_PROC,RUNNING,2024-11-06 16:31:00,2024-11-06 17:04:00,33,70,False,,2024-11-06
NAV_CALC_BATCH,SUCCESS,2024-08-25 18:28:00,2024-08-25 19:16:00,48,50,False,,2024-08-25
CASH_FLOW_EXTRACT,ABENDED,2024-07-14 19:35:00,2024-07-14 19:40:00,5,20,False,RC=8,2024-07-14
POSITION_SYNC,RUNNING,2024-02-20 04:13:00,2024-02-20 04:25:00,12,20,False,,2024-02-20
SLA_MONITOR_BATCH,LATE,2024-09-05 15:36:00,2024-09-05 16:13:00,37,15,True,,2024-09-05
CLIENT_STMT_GEN,SUCCESS,2024-03-30 10:27:00,2024-03-30 10:43:00,16,60,False,,2024-03-30
CLIENT_STMT_GEN,FAILED,2024-09-20 21:37:00,2024-09-20 21:57:00,20,60,False,ABEND S0C7,2024-09-20
FX_RATE_LOAD,SUCCESS,2024-02-28 19:28:00,2024-02-28 19:33:00,5,10,False,,2024-02-28
CASH_FLOW_EXTRACT,FAILED,2024-05-15 05:56:00,2024-05-15 06:03:00,7,20,False,RC=12,2024-05-15
PORTF_RPT_DAILY,SUCCESS,2024-01-27 16:29:00,2024-01-27 16:51:00,22,30,False,,2024-01-27
COMPLIANCE_RPT,SUCCESS,2024-02-15 13:03:00,2024-02-15 13:18:00,15,55,False,,2024-02-15
NAV_CALC_BATCH,FAILED,2024-01-15 20:51:00,2024-01-15 21:13:00,22,50,False,ABEND S0C7,2024-01-15
CASH_FLOW_EXTRACT,ABENDED,2024-10-06 02:15:00,2024-10-06 02:21:00,6,20,False,JCL ERROR,2024-10-06
FX_RATE_LOAD,SUCCESS,2024-09-15 18:28:00,2024-09-15 18:34:00,6,10,False,,2024-09-15
EOD_CLOSE_PROC,SUCCESS,2024-08-15 00:46:00,2024-08-15 01:55:00,69,70,False,,2024-08-15
NAV_CALC_BATCH,SUCCESS,2024-05-28 21:32:00,2024-05-28 21:38:00,6,50,False,,2024-05-28
COMPLIANCE_RPT,ABENDED,2024-02-06 17:59:00,2024-02-06 18:12:00,13,55,False,ABEND S0C7,2024-02-06
SLA_MONITOR_BATCH,SUCCESS,2024-03-23 03:28:00,2024-03-23 03:38:00,10,15,False,,2024-03-23
DIVIDEND_PROC,SUCCESS,2024-04-29 18:28:00,2024-04-29 18:49:00,21,30,False,,2024-04-29
TRANS_LOG_PARSER,SUCCESS,2024-01-06 17:11:00,2024-01-06 17:17:00,6,25,False,,2024-01-06
PERF_ATTR_JOB,SUCCESS,2024-10-03 01:26:00,2024-10-03 02:01:00,35,45,False,,2024-10-03
TRANS_LOG_PARSER,SUCCESS,2024-02-17 05:53:00,2024-02-17 06:04:00,11,25,False,,2024-02-17
POSITION_SYNC,SUCCESS,2024-06-02 19:25:00,2024-06-02 19:31:00,6,20,False,,2024-06-02
PERF_ATTR_JOB,SUCCESS,2024-02-13 05:32:00,2024-02-13 06:08:00,36,45,False,,2024-02-13
NAV_CALC_BATCH,ABENDED,2024-05-18 05:38:00,2024-05-18 06:00:00,22,50,False,ABEND S222,2024-05-18
DIVIDEND_PROC,RUNNING,2024-03-18 14:46:00,2024-03-18 15:15:00,29,30,False,,2024-03-18
POSITION_SYNC,SUCCESS,2024-12-09 15:42:00,2024-12-09 15:57:00,15,20,False,,2024-12-09
PORTF_RPT_DAILY,SUCCESS,2024-10-28 11:14:00,2024-10-28 11:41:00,27,30,False,,2024-10-28
CASH_FLOW_EXTRACT,SUCCESS,2024-02-15 18:27:00,2024-02-15 18:33:00,6,20,False,,2024-02-15
TRANS_LOG_PARSER,SUCCESS,2024-09-10 17:41:00,2024-09-10 17:53:00,12,25,False,,2024-09-10
INVEST_RECON_JOB,SUCCESS,2024-12-11 22:35:00,2024-12-11 23:15:00,40,45,False,,2024-12-11
CLIENT_STMT_GEN,SUCCESS,2024-07-12 11:06:00,2024-07-12 12:00:00,54,60,False,,2024-07-12
EOD_CLOSE_PROC,SUCCESS,2024-12-03 21:41:00,2024-12-03 22:36:00,55,70,False,,2024-12-03
INVEST_RECON_JOB,SUCCESS,2024-01-24 19:59:00,2024-01-24 20:30:00,31,45,False,,2024-01-24
TRADE_SETTLE_CHK,SUCCESS,2024-11-08 12:24:00,2024-11-08 12:46:00,22,35,False,,2024-11-08
CLIENT_STMT_GEN,FAILED,2024-11-09 13:01:00,2024-11-09 13:10:00,9,60,False,ABEND S222,2024-11-09
DIVIDEND_PROC,SUCCESS,2024-02-03 14:00:00,2024-02-03 14:09:00,9,30,False,,2024-02-03
DIVIDEND_PROC,SUCCESS,2024-07-16 04:10:00,2024-07-16 04:26:00,16,30,False,,2024-07-16
FX_RATE_LOAD,FAILED,2024-11-18 13:17:00,2024-11-18 13:22:00,5,10,False,JCL ERROR,2024-11-18
INVEST_RECON_JOB,SUCCESS,2024-10-20 07:17:00,2024-10-20 07:56:00,39,45,False,,2024-10-20
POSITION_SYNC,SUCCESS,2024-09-13 07:39:00,2024-09-13 07:44:00,5,20,False,,2024-09-13
EOD_CLOSE_PROC,SUCCESS,2024-05-12 12:30:00,2024-05-12 12:54:00,24,70,False,,2024-05-12
PERF_ATTR_JOB,SUCCESS,2024-11-04 18:04:00,2024-11-04 18:36:00,32,45,False,,2024-11-04
PORTF_RPT_DAILY,SUCCESS,2024-02-02 02:19:00,2024-02-02 02:26:00,7,30,False,,2024-02-02
CLIENT_STMT_GEN,LATE,2024-02-27 18:57:00,2024-02-27 20:50:00,113,60,True,,2024-02-27
TRADE_SETTLE_CHK,SUCCESS,2024-12-04 19:40:00,2024-12-04 20:11:00,31,35,False,,2024-12-04
INVEST_RECON_JOB,LATE,2024-04-14 22:26:00,2024-04-14 23:22:00,56,45,True,,2024-04-14
CLIENT_STMT_GEN,SUCCESS,2024-07-27 00:21:00,2024-07-27 00:37:00,16,60,False,,2024-07-27
CLIENT_STMT_GEN,SUCCESS,2024-05-10 10:35:00,2024-05-10 11:12:00,37,60,False,,2024-05-10
CASH_FLOW_EXTRACT,SUCCESS,2024-12-24 00:58:00,2024-12-24 01:05:00,7,20,False,,2024-12-24
TRANS_LOG_PARSER,RUNNING,2024-05-22 09:31:00,2024-05-22 09:40:00,9,25,False,,2024-05-22
SLA_MONITOR_BATCH,SUCCESS,2024-02-19 13:20:00,2024-02-19 13:25:00,5,15,False,,2024-02-19
COMPLIANCE_RPT,SUCCESS,2024-05-28 08:01:00,2024-05-28 08:42:00,41,55,False,,2024-05-28
POSITION_SYNC,SUCCESS,2024-02-02 15:48:00,2024-02-02 16:04:00,16,20,False,,2024-02-02
RISK_CALC_JOB,RUNNING,2024-02-03 16:08:00,2024-02-03 16:29:00,21,40,False,,2024-02-03
FX_RATE_LOAD,SUCCESS,2024-10-06 20:02:00,2024-10-06 20:11:00,9,10,False,,2024-10-06
DIVIDEND_PROC,LATE,2024-01-02 12:29:00,2024-01-02 13:57:00,88,30,True,,2024-01-02
DIVIDEND_PROC,SUCCESS,2024-05-19 02:28:00,2024-05-19 02:41:00,13,30,False,,2024-05-19
POSITION_SYNC,SUCCESS,2024-02-23 07:53:00,2024-02-23 08:03:00,10,20,False,,2024-02-23
FX_RATE_LOAD,SUCCESS,2024-07-20 20:24:00,2024-07-20 20:31:00,7,10,False,,2024-07-20
DIVIDEND_PROC,SUCCESS,2024-12-05 17:39:00,2024-12-05 17:51:00,12,30,False,,2024-12-05
TRADE_SETTLE_CHK,LATE,2024-07-21 22:39:00,2024-07-21 23:54:00,75,35,True,,2024-07-21
RISK_CALC_JOB,SUCCESS,2024-09-16 12:36:00,2024-09-16 13:00:00,24,40,False,,2024-09-16
TRADE_SETTLE_CHK,RUNNING,2024-02-16 10:21:00,2024-02-16 10:44:00,23,35,False,,2024-02-16
SLA_MONITOR_BATCH,LATE,2024-12-03 01:07:00,2024-12-03 01:34:00,27,15,True,,2024-12-03
FX_RATE_LOAD,SUCCESS,2024-11-02 21:11:00,2024-11-02 21:16:00,5,10,False,,2024-11-02
COMPLIANCE_RPT,FAILED,2024-09-01 11:15:00,2024-09-01 11:38:00,23,55,False,ABEND S222,2024-09-01
EOD_CLOSE_PROC,FAILED,2024-06-28 03:04:00,2024-06-28 03:35:00,31,70,False,RC=8,2024-06-28
POSITION_SYNC,FAILED,2024-02-01 07:53:00,2024-02-01 08:03:00,10,20,False,JCL ERROR,2024-02-01
PERF_ATTR_JOB,FAILED,2024-07-21 06:26:00,2024-07-21 06:37:00,11,45,False,RC=12,2024-07-21
POSITION_SYNC,LATE,2024-11-27 04:06:00,2024-11-27 05:03:00,57,20,True,,2024-11-27
FX_RATE_LOAD,SUCCESS,2024-07-09 19:03:00,2024-07-09 19:11:00,8,10,False,,2024-07-09
RISK_CALC_JOB,SUCCESS,2024-01-13 19:41:00,2024-01-13 20:05:00,24,40,False,,2024-01-13
PERF_ATTR_JOB,SUCCESS,2024-09-28 18:16:00,2024-09-28 18:32:00,16,45,False,,2024-09-28
PORTF_RPT_DAILY,SUCCESS,2024-07-11 12:43:00,2024-07-11 12:56:00,13,30,False,,2024-07-11
PERF_ATTR_JOB,RUNNING,2024-10-12 19:27:00,2024-10-12 19:59:00,32,45,False,,2024-10-12
RISK_CALC_JOB,SUCCESS,2024-06-16 13:16:00,2024-06-16 13:31:00,15,40,False,,2024-06-16
PORTF_RPT_DAILY,ABENDED,2024-06-08 10:27:00,2024-06-08 10:41:00,14,30,False,ABEND S0C7,2024-06-08
RISK_CALC_JOB,FAILED,2024-06-23 17:57:00,2024-06-23 17:58:00,1,40,False,JCL ERROR,2024-06-23
RISK_CALC_JOB,FAILED,2024-06-06 10:14:00,2024-06-06 10:21:00,7,40,False,JCL ERROR,2024-06-06
PERF_ATTR_JOB,SUCCESS,2024-08-05 04:15:00,2024-08-05 04:43:00,28,45,False,,2024-08-05
SLA_MONITOR_BATCH,FAILED,2024-07-14 04:54:00,2024-07-14 05:00:00,6,15,False,RC=12,2024-07-14
PERF_ATTR_JOB,SUCCESS,2024-12-24 09:03:00,2024-12-24 09:14:00,11,45,False,,2024-12-24
POSITION_SYNC,SUCCESS,2024-11-05 19:22:00,2024-11-05 19:30:00,8,20,False,,2024-11-05
EOD_CLOSE_PROC,SUCCESS,2024-12-21 21:27:00,2024-12-21 21:52:00,25,70,False,,2024-12-21
COMPLIANCE_RPT,SUCCESS,2024-03-30 04:18:00,2024-03-30 04:34:00,16,55,False,,2024-03-30
PERF_ATTR_JOB,FAILED,2024-08-07 15:44:00,2024-08-07 16:06:00,22,45,False,ABEND S222,2024-08-07
SLA_MONITOR_BATCH,SUCCESS,2024-06-10 19:04:00,2024-06-10 19:15:00,11,15,False,,2024-06-10
PORTF_RPT_DAILY,SUCCESS,2024-03-31 08:45:00,2024-03-31 08:53:00,8,30,False,,2024-03-31
CASH_FLOW_EXTRACT,SUCCESS,2024-09-14 08:34:00,2024-09-14 08:51:00,17,20,False,,2024-09-14
DIVIDEND_PROC,SUCCESS,2024-01-31 00:48:00,2024-01-31 01:10:00,22,30,False,,2024-01-31
PORTF_RPT_DAILY,SUCCESS,2024-10-28 16:25:00,2024-10-28 16:45:00,20,30,False,,2024-10-28
TRADE_SETTLE_CHK,SUCCESS,2024-10-13 04:12:00,2024-10-13 04:44:00,32,35,False,,2024-10-13
CASH_FLOW_EXTRACT,SUCCESS,2024-10-31 11:28:00,2024-10-31 11:47:00,19,20,False,,2024-10-31
PERF_ATTR_JOB,RUNNING,2024-05-19 14:08:00,2024-05-19 14:39:00,31,45,False,,2024-05-19
PERF_ATTR_JOB,SUCCESS,2024-03-25 20:51:00,2024-03-25 21:23:00,32,45,False,,2024-03-25
CASH_FLOW_EXTRACT,SUCCESS,2024-02-26 05:03:00,2024-02-26 05:11:00,8,20,False,,2024-02-26
DIVIDEND_PROC,SUCCESS,2024-09-02 10:14:00,2024-09-02 10:32:00,18,30,False,,2024-09-02
TRANS_LOG_PARSER,FAILED,2024-07-16 17:03:00,2024-07-16 17:11:00,8,25,False,JCL ERROR,2024-07-16
TRANS_LOG_PARSER,LATE,2024-11-21 05:23:00,2024-11-21 06:09:00,46,25,True,,2024-11-21
DIVIDEND_PROC,SUCCESS,2024-03-06 03:42:00,2024-03-06 04:04:00,22,30,False,,2024-03-06
TRADE_SETTLE_CHK,FAILED,2024-09-14 10:56:00,2024-09-14 11:05:00,9,35,False,ABEND S0C7,2024-09-14
PERF_ATTR_JOB,FAILED,2024-05-17 01:02:00,2024-05-17 01:24:00,22,45,False,ABEND S222,2024-05-17
SLA_MONITOR_BATCH,SUCCESS,2024-07-07 09:41:00,2024-07-07 09:53:00,12,15,False,,2024-07-07
TRANS_LOG_PARSER,FAILED,2024-04-10 02:07:00,2024-04-10 02:10:00,3,25,False,RC=12,2024-04-10
INVEST_RECON_JOB,LATE,2024-08-17 09:49:00,2024-08-17 11:13:00,84,45,True,,2024-08-17
FX_RATE_LOAD,FAILED,2024-09-08 21:39:00,2024-09-08 21:40:00,1,10,False,ABEND S222,2024-09-08
RISK_CALC_JOB,RUNNING,2024-07-22 06:15:00,2024-07-22 06:38:00,23,40,False,,2024-07-22
NAV_CALC_BATCH,SUCCESS,2024-03-26 15:10:00,2024-03-26 15:16:00,6,50,False,,2024-03-26
CLIENT_STMT_GEN,ABENDED,2024-10-11 17:24:00,2024-10-11 17:46:00,22,60,False,RC=12,2024-10-11
COMPLIANCE_RPT,SUCCESS,2024-08-31 11:45:00,2024-08-31 11:50:00,5,55,False,,2024-08-31
NAV_CALC_BATCH,SUCCESS,2024-02-04 19:50:00,2024-02-04 20:19:00,29,50,False,,2024-02-04
CLIENT_STMT_GEN,ABENDED,2024-05-10 10:45:00,2024-05-10 11:06:00,21,60,False,RC=12,2024-05-10
PORTF_RPT_DAILY,SUCCESS,2024-04-27 10:46:00,2024-04-27 11:08:00,22,30,False,,2024-04-27
DIVIDEND_PROC,ABENDED,2024-05-16 19:57:00,2024-05-16 20:01:00,4,30,False,ABEND S0C7,2024-05-16
COMPLIANCE_RPT,SUCCESS,2024-06-05 00:02:00,2024-06-05 00:51:00,49,55,False,,2024-06-05
PERF_ATTR_JOB,SUCCESS,2024-02-23 16:04:00,2024-02-23 16:34:00,30,45,False,,2024-02-23
RISK_CALC_JOB,SUCCESS,2024-05-26 16:57:00,2024-05-26 17:06:00,9,40,False,,2024-05-26
COMPLIANCE_RPT,SUCCESS,2024-03-29 08:16:00,2024-03-29 08:37:00,21,55,False,,2024-03-29
EOD_CLOSE_PROC,FAILED,2024-07-03 08:16:00,2024-07-03 08:44:00,28,70,False,RC=8,2024-07-03
COMPLIANCE_RPT,SUCCESS,2024-09-30 11:44:00,2024-09-30 11:53:00,9,55,False,,2024-09-30
RISK_CALC_JOB,SUCCESS,2024-04-21 14:45:00,2024-04-21 14:56:00,11,40,False,,2024-04-21
PORTF_RPT_DAILY,SUCCESS,2024-11-29 23:42:00,2024-11-29 23:57:00,15,30,False,,2024-11-29
CLIENT_STMT_GEN,SUCCESS,2024-03-04 04:34:00,2024-03-04 05:08:00,34,60,False,,2024-03-04
DIVIDEND_PROC,SUCCESS,2024-05-10 17:47:00,2024-05-10 18:04:00,17,30,False,,2024-05-10
PERF_ATTR_JOB,SUCCESS,2024-10-23 13:37:00,2024-10-23 14:15:00,38,45,False,,2024-10-23
DIVIDEND_PROC,FAILED,2024-12-19 19:03:00,2024-12-19 19:08:00,5,30,False,ABEND S0C7,2024-12-19
RISK_CALC_JOB,SUCCESS,2024-03-09 15:06:00,2024-03-09 15:28:00,22,40,False,,2024-03-09
COMPLIANCE_RPT,SUCCESS,2024-03-11 08:24:00,2024-03-11 08:43:00,19,55,False,,2024-03-11
PORTF_RPT_DAILY,ABENDED,2024-11-02 17:47:00,2024-11-02 17:54:00,7,30,False,ABEND S0C7,2024-11-02
INVEST_RECON_JOB,SUCCESS,2024-04-14 17:41:00,2024-04-14 18:00:00,19,45,False,,2024-04-14
FX_RATE_LOAD,SUCCESS,2024-09-23 07:15:00,2024-09-23 07:24:00,9,10,False,,2024-09-23
PERF_ATTR_JOB,SUCCESS,2024-02-27 20:42:00,2024-02-27 21:22:00,40,45,False,,2024-02-27
RISK_CALC_JOB,SUCCESS,2024-03-21 18:13:00,2024-03-21 18:29:00,16,40,False,,2024-03-21
DIVIDEND_PROC,ABENDED,2024-01-26 22:36:00,2024-01-26 22:45:00,9,30,False,RC=12,2024-01-26
INVEST_RECON_JOB,SUCCESS,2024-01-23 03:00:00,2024-01-23 03:16:00,16,45,False,,2024-01-23
CLIENT_STMT_GEN,SUCCESS,2024-01-02 00:04:00,2024-01-02 00:53:00,49,60,False,,2024-01-02
DIVIDEND_PROC,SUCCESS,2024-08-10 12:07:00,2024-08-10 12:13:00,6,30,False,,2024-08-10
EOD_CLOSE_PROC,SUCCESS,2024-11-19 19:42:00,2024-11-19 20:48:00,66,70,False,,2024-11-19
TRADE_SETTLE_CHK,SUCCESS,2024-01-06 17:05:00,2024-01-06 17:36:00,31,35,False,,2024-01-06
SLA_MONITOR_BATCH,SUCCESS,2024-07-15 02:18:00,2024-07-15 02:23:00,5,15,False,,2024-07-15
EOD_CLOSE_PROC,FAILED,2024-10-10 09:59:00,2024-10-10 10:20:00,21,70,False,RC=12,2024-10-10
NAV_CALC_BATCH,LATE,2024-10-28 16:48:00,2024-10-28 17:46:00,58,50,True,,2024-10-28
PERF_ATTR_JOB,SUCCESS,2024-08-03 17:41:00,2024-08-03 17:54:00,13,45,False,,2024-08-03
CLIENT_STMT_GEN,SUCCESS,2024-07-28 18:20:00,2024-07-28 19:18:00,58,60,False,,2024-07-28
NAV_CALC_BATCH,FAILED,2024-01-18 00:12:00,2024-01-18 00:36:00,24,50,False,RC=8,2024-01-18
RISK_CALC_JOB,ABENDED,2024-07-25 05:00:00,2024-07-25 05:12:00,12,40,False,ABEND S0C7,2024-07-25
TRANS_LOG_PARSER,LATE,2024-10-28 12:28:00,2024-10-28 13:51:00,83,25,True,,2024-10-28
CASH_FLOW_EXTRACT,SUCCESS,2024-12-18 01:27:00,2024-12-18 01:38:00,11,20,False,,2024-12-18
EOD_CLOSE_PROC,FAILED,2024-08-04 08:05:00,2024-08-04 08:10:00,5,70,False,RC=8,2024-08-04
EOD_CLOSE_PROC,SUCCESS,2024-07-08 09:55:00,2024-07-08 10:11:00,16,70,False,,2024-07-08
TRADE_SETTLE_CHK,SUCCESS,2024-04-25 09:00:00,2024-04-25 09:30:00,30,35,False,,2024-04-25
RISK_CALC_JOB,SUCCESS,2024-02-21 12:39:00,2024-02-21 13:01:00,22,40,False,,2024-02-21
PERF_ATTR_JOB,SUCCESS,2024-01-22 16:39:00,2024-01-22 16:44:00,5,45,False,,2024-01-22
TRANS_LOG_PARSER,FAILED,2024-04-09 13:26:00,2024-04-09 13:35:00,9,25,False,RC=12,2024-04-09
SLA_MONITOR_BATCH,SUCCESS,2024-07-12 17:46:00,2024-07-12 18:00:00,14,15,False,,2024-07-12
FX_RATE_LOAD,SUCCESS,2024-03-22 12:38:00,2024-03-22 12:46:00,8,10,False,,2024-03-22
PERF_ATTR_JOB,SUCCESS,2024-04-29 17:27:00,2024-04-29 18:07:00,40,45,False,,2024-04-29
DIVIDEND_PROC,SUCCESS,2024-11-21 18:07:00,2024-11-21 18:27:00,20,30,False,,2024-11-21
DIVIDEND_PROC,LATE,2024-12-04 20:31:00,2024-12-04 21:56:00,85,30,True,,2024-12-04
FX_RATE_LOAD,SUCCESS,2024-01-16 11:51:00,2024-01-16 12:00:00,9,10,False,,2024-01-16
POSITION_SYNC,SUCCESS,2024-08-20 02:36:00,2024-08-20 02:48:00,12,20,False,,2024-08-20
EOD_CLOSE_PROC,SUCCESS,2024-12-20 19:15:00,2024-12-20 19:36:00,21,70,False,,2024-12-20
PORTF_RPT_DAILY,LATE,2024-03-08 13:56:00,2024-03-08 15:15:00,79,30,True,,2024-03-08
PERF_ATTR_JOB,LATE,2024-08-20 20:33:00,2024-08-20 21:59:00,86,45,True,,2024-08-20
DIVIDEND_PROC,ABENDED,2024-04-05 12:00:00,2024-04-05 12:05:00,5,30,False,RC=8,2024-04-05
DIVIDEND_PROC,ABENDED,2024-10-19 11:59:00,2024-10-19 12:02:00,3,30,False,RC=8,2024-10-19
PERF_ATTR_JOB,SUCCESS,2024-06-20 16:20:00,2024-06-20 16:32:00,12,45,False,,2024-06-20
RISK_CALC_JOB,SUCCESS,2024-05-28 22:05:00,2024-05-28 22:18:00,13,40,False,,2024-05-28
RISK_CALC_JOB,SUCCESS,2024-11-04 05:50:00,2024-11-04 05:59:00,9,40,False,,2024-11-04
CASH_FLOW_EXTRACT,SUCCESS,2024-11-26 17:09:00,2024-11-26 17:18:00,9,20,False,,2024-11-26
CASH_FLOW_EXTRACT,SUCCESS,2024-10-30 12:08:00,2024-10-30 12:19:00,11,20,False,,2024-10-30
SLA_MONITOR_BATCH,SUCCESS,2024-03-13 19:30:00,2024-03-13 19:40:00,10,15,False,,2024-03-13
DIVIDEND_PROC,SUCCESS,2024-08-18 01:51:00,2024-08-18 02:18:00,27,30,False,,2024-08-18
EOD_CLOSE_PROC,LATE,2024-05-15 23:46:00,2024-05-16 01:24:00,98,70,True,,2024-05-15
SLA_MONITOR_BATCH,RUNNING,2024-02-23 17:22:00,2024-02-23 17:31:00,9,15,False,,2024-02-23
TRANS_LOG_PARSER,SUCCESS,2024-01-24 10:27:00,2024-01-24 10:48:00,21,25,False,,2024-01-24
INVEST_RECON_JOB,SUCCESS,2024-10-22 04:08:00,2024-10-22 04:36:00,28,45,False,,2024-10-22
RISK_CALC_JOB,ABENDED,2024-12-29 18:01:00,2024-12-29 18:03:00,2,40,False,RC=8,2024-12-29
NAV_CALC_BATCH,SUCCESS,2024-12-26 10:26:00,2024-12-26 10:48:00,22,50,False,,2024-12-26
PORTF_RPT_DAILY,SUCCESS,2024-04-18 04:17:00,2024-04-18 04:37:00,20,30,False,,2024-04-18
INVEST_RECON_JOB,SUCCESS,2024-10-13 19:20:00,2024-10-13 19:42:00,22,45,False,,2024-10-13
PORTF_RPT_DAILY,SUCCESS,2024-09-05 16:41:00,2024-09-05 17:02:00,21,30,False,,2024-09-05
INVEST_RECON_JOB,SUCCESS,2024-05-14 22:28:00,2024-05-14 22:48:00,20,45,False,,2024-05-14
CASH_FLOW_EXTRACT,SUCCESS,2024-08-02 02:24:00,2024-08-02 02:43:00,19,20,False,,2024-08-02
DIVIDEND_PROC,RUNNING,2024-07-10 00:30:00,2024-07-10 00:37:00,7,30,False,,2024-07-10
PORTF_RPT_DAILY,FAILED,2024-10-14 20:44:00,2024-10-14 20:57:00,13,30,False,RC=8,2024-10-14
CASH_FLOW_EXTRACT,SUCCESS,2024-07-09 00:39:00,2024-07-09 00:46:00,7,20,False,,2024-07-09
COMPLIANCE_RPT,SUCCESS,2024-02-25 21:05:00,2024-02-25 21:30:00,25,55,False,,2024-02-25
INVEST_RECON_JOB,SUCCESS,2024-01-23 23:23:00,2024-01-23 23:42:00,19,45,False,,2024-01-23
COMPLIANCE_RPT,ABENDED,2024-08-13 01:52:00,2024-08-13 02:11:00,19,55,False,RC=12,2024-08-13
CLIENT_STMT_GEN,SUCCESS,2024-08-24 02:51:00,2024-08-24 03:23:00,32,60,False,,2024-08-24
FX_RATE_LOAD,SUCCESS,2024-01-08 00:30:00,2024-01-08 00:37:00,7,10,False,,2024-01-08
EOD_CLOSE_PROC,FAILED,2024-11-30 02:56:00,2024-11-30 03:29:00,33,70,False,JCL ERROR,2024-11-30
PERF_ATTR_JOB,SUCCESS,2024-12-30 10:44:00,2024-12-30 11:07:00,23,45,False,,2024-12-30
CLIENT_STMT_GEN,ABENDED,2024-03-13 18:33:00,2024-03-13 18:48:00,15,60,False,ABEND S222,2024-03-13
FX_RATE_LOAD,SUCCESS,2024-04-19 13:22:00,2024-04-19 13:28:00,6,10,False,,2024-04-19
FX_RATE_LOAD,SUCCESS,2024-08-29 03:26:00,2024-08-29 03:31:00,5,10,False,,2024-08-29
FX_RATE_LOAD,FAILED,2024-09-20 04:30:00,2024-09-20 04:32:00,2,10,False,ABEND S0C7,2024-09-20
PERF_ATTR_JOB,SUCCESS,2024-04-19 23:49:00,2024-04-19 23:58:00,9,45,False,,2024-04-19
PORTF_RPT_DAILY,SUCCESS,2024-01-24 04:22:00,2024-01-24 04:51:00,29,30,False,,2024-01-24
DIVIDEND_PROC,FAILED,2024-07-25 07:43:00,2024-07-25 07:46:00,3,30,False,RC=8,2024-07-25
RISK_CALC_JOB,RUNNING,2024-04-19 23:23:00,2024-04-19 23:56:00,33,40,False,,2024-04-19
SLA_MONITOR_BATCH,SUCCESS,2024-05-03 10:55:00,2024-05-03 11:02:00,7,15,False,,2024-05-03
POSITION_SYNC,SUCCESS,2024-07-26 08:34:00,2024-07-26 08:45:00,11,20,False,,2024-07-26
PORTF_RPT_DAILY,FAILED,2024-08-17 06:37:00,2024-08-17 06:46:00,9,30,False,RC=12,2024-08-17
TRADE_SETTLE_CHK,LATE,2024-06-02 17:32:00,2024-06-02 18:24:00,52,35,True,,2024-06-02
DIVIDEND_PROC,SUCCESS,2024-03-31 10:51:00,2024-03-31 11:03:00,12,30,False,,2024-03-31
POSITION_SYNC,RUNNING,2024-11-18 09:25:00,2024-11-18 09:44:00,19,20,False,,2024-11-18
INVEST_RECON_JOB,SUCCESS,2024-06-18 10:03:00,2024-06-18 10:36:00,33,45,False,,2024-06-18
COMPLIANCE_RPT,SUCCESS,2024-05-21 22:03:00,2024-05-21 22:33:00,30,55,False,,2024-05-21
TRANS_LOG_PARSER,SUCCESS,2024-06-20 11:05:00,2024-06-20 11:21:00,16,25,False,,2024-06-20
POSITION_SYNC,SUCCESS,2024-10-16 05:46:00,2024-10-16 06:04:00,18,20,False,,2024-10-16
PORTF_RPT_DAILY,SUCCESS,2024-10-03 10:57:00,2024-10-03 11:26:00,29,30,False,,2024-10-03
TRANS_LOG_PARSER,SUCCESS,2024-09-09 20:44:00,2024-09-09 20:58:00,14,25,False,,2024-09-09
TRADE_SETTLE_CHK,SUCCESS,2024-11-03 03:56:00,2024-11-03 04:08:00,12,35,False,,2024-11-03
CASH_FLOW_EXTRACT,LATE,2024-02-21 14:49:00,2024-02-21 15:46:00,57,20,True,,2024-02-21
POSITION_SYNC,SUCCESS,2024-12-17 00:09:00,2024-12-17 00:19:00,10,20,False,,2024-12-17
PERF_ATTR_JOB,SUCCESS,2024-08-15 21:24:00,2024-08-15 21:32:00,8,45,False,,2024-08-15
NAV_CALC_BATCH,FAILED,2024-03-27 20:01:00,2024-03-27 20:14:00,13,50,False,JCL ERROR,2024-03-27
TRANS_LOG_PARSER,RUNNING,2024-06-10 08:44:00,2024-06-10 08:51:00,7,25,False,,2024-06-10
NAV_CALC_BATCH,SUCCESS,2024-01-01 02:42:00,2024-01-01 02:55:00,13,50,False,,2024-01-01
INVEST_RECON_JOB,SUCCESS,2024-06-09 18:22:00,2024-06-09 18:30:00,8,45,False,,2024-06-09
PORTF_RPT_DAILY,SUCCESS,2024-08-01 22:58:00,2024-08-01 23:04:00,6,30,False,,2024-08-01
CASH_FLOW_EXTRACT,SUCCESS,2024-06-21 06:55:00,2024-06-21 07:11:00,16,20,False,,2024-06-21
EOD_CLOSE_PROC,SUCCESS,2024-06-26 20:43:00,2024-06-26 21:21:00,38,70,False,,2024-06-26
RISK_CALC_JOB,SUCCESS,2024-11-12 10:02:00,2024-11-12 10:35:00,33,40,False,,2024-11-12
SLA_MONITOR_BATCH,SUCCESS,2024-09-09 03:48:00,2024-09-09 04:00:00,12,15,False,,2024-09-09
TRADE_SETTLE_CHK,SUCCESS,2024-03-07 14:38:00,2024-03-07 15:00:00,22,35,False,,2024-03-07
PORTF_RPT_DAILY,LATE,2024-12-28 23:37:00,2024-12-29 00:55:00,78,30,True,,2024-12-28
TRANS_LOG_PARSER,SUCCESS,2024-04-28 21:48:00,2024-04-28 21:55:00,7,25,False,,2024-04-28
PORTF_RPT_DAILY,SUCCESS,2024-07-20 09:43:00,2024-07-20 10:07:00,24,30,False,,2024-07-20
CLIENT_STMT_GEN,LATE,2024-01-07 06:44:00,2024-01-07 08:26:00,102,60,True,,2024-01-07
CASH_FLOW_EXTRACT,SUCCESS,2024-06-27 04:02:00,2024-06-27 04:21:00,19,20,False,,2024-06-27
CLIENT_STMT_GEN,SUCCESS,2024-09-16 19:44:00,2024-09-16 20:37:00,53,60,False,,2024-09-16
SLA_MONITOR_BATCH,SUCCESS,2024-10-04 09:40:00,2024-10-04 09:54:00,14,15,False,,2024-10-04
EOD_CLOSE_PROC,SUCCESS,2024-04-23 20:21:00,2024-04-23 20:48:00,27,70,False,,2024-04-23
DIVIDEND_PROC,SUCCESS,2024-05-04 11:43:00,2024-05-04 12:06:00,23,30,False,,2024-05-04
TRANS_LOG_PARSER,SUCCESS,2024-07-04 12:04:00,2024-07-04 12:10:00,6,25,False,,2024-07-04
PORTF_RPT_DAILY,SUCCESS,2024-09-06 18:36:00,2024-09-06 18:41:00,5,30,False,,2024-09-06
NAV_CALC_BATCH,SUCCESS,2024-10-19 13:58:00,2024-10-19 14:38:00,40,50,False,,2024-10-19
PORTF_RPT_DAILY,SUCCESS,2024-07-17 22:28:00,2024-07-17 22:48:00,20,30,False,,2024-07-17
SLA_MONITOR_BATCH,SUCCESS,2024-12-22 07:30:00,2024-12-22 07:43:00,13,15,False,,2024-12-22
SLA_MONITOR_BATCH,FAILED,2024-03-05 22:56:00,2024-03-05 22:58:00,2,15,False,RC=12,2024-03-05
FX_RATE_LOAD,ABENDED,2024-06-06 18:44:00,2024-06-06 18:47:00,3,10,False,RC=12,2024-06-06
PORTF_RPT_DAILY,SUCCESS,2024-09-08 14:24:00,2024-09-08 14:53:00,29,30,False,,2024-09-08
COMPLIANCE_RPT,ABENDED,2024-06-20 10:00:00,2024-06-20 10:07:00,7,55,False,RC=12,2024-06-20
NAV_CALC_BATCH,SUCCESS,2024-01-06 02:31:00,2024-01-06 02:49:00,18,50,False,,2024-01-06
POSITION_SYNC,SUCCESS,2024-03-07 12:11:00,2024-03-07 12:20:00,9,20,False,,2024-03-07
CASH_FLOW_EXTRACT,SUCCESS,2024-05-10 05:37:00,2024-05-10 05:42:00,5,20,False,,2024-05-10
NAV_CALC_BATCH,SUCCESS,2024-10-20 22:49:00,2024-10-20 23:03:00,14,50,False,,2024-10-20
CLIENT_STMT_GEN,FAILED,2024-06-06 10:54:00,2024-06-06 10:58:00,4,60,False,RC=8,2024-06-06
PORTF_RPT_DAILY,FAILED,2024-01-17 18:02:00,2024-01-17 18:13:00,11,30,False,ABEND S222,2024-01-17
COMPLIANCE_RPT,FAILED,2024-07-01 07:00:00,2024-07-01 07:21:00,21,55,False,JCL ERROR,2024-07-01
DIVIDEND_PROC,RUNNING,2024-09-18 08:15:00,2024-09-18 08:20:00,5,30,False,,2024-09-18
INVEST_RECON_JOB,RUNNING,2024-02-29 02:24:00,2024-02-29 02:54:00,30,45,False,,2024-02-29
RISK_CALC_JOB,SUCCESS,2024-03-10 19:59:00,2024-03-10 20:04:00,5,40,False,,2024-03-10
SLA_MONITOR_BATCH,RUNNING,2024-06-20 14:21:00,2024-06-20 14:35:00,14,15,False,,2024-06-20
DIVIDEND_PROC,FAILED,2024-10-05 14:20:00,2024-10-05 14:34:00,14,30,False,JCL ERROR,2024-10-05
COMPLIANCE_RPT,SUCCESS,2024-03-28 18:47:00,2024-03-28 19:29:00,42,55,False,,2024-03-28
PERF_ATTR_JOB,SUCCESS,2024-03-26 12:02:00,2024-03-26 12:21:00,19,45,False,,2024-03-26
COMPLIANCE_RPT,SUCCESS,2024-12-09 05:51:00,2024-12-09 05:56:00,5,55,False,,2024-12-09
EOD_CLOSE_PROC,FAILED,2024-08-22 11:22:00,2024-08-22 11:56:00,34,70,False,RC=12,2024-08-22
CASH_FLOW_EXTRACT,SUCCESS,2024-08-25 00:44:00,2024-08-25 00:58:00,14,20,False,,2024-08-25
INVEST_RECON_JOB,SUCCESS,2024-08-15 03:05:00,2024-08-15 03:32:00,27,45,False,,2024-08-15
COMPLIANCE_RPT,SUCCESS,2024-10-08 00:11:00,2024-10-08 00:28:00,17,55,False,,2024-10-08
POSITION_SYNC,FAILED,2024-03-27 03:41:00,2024-03-27 03:51:00,10,20,False,RC=12,2024-03-27
CASH_FLOW_EXTRACT,SUCCESS,2024-09-25 03:33:00,2024-09-25 03:47:00,14,20,False,,2024-09-25
EOD_CLOSE_PROC,SUCCESS,2024-01-03 21:23:00,2024-01-03 21:40:00,17,70,False,,2024-01-03
POSITION_SYNC,SUCCESS,2024-02-27 16:27:00,2024-02-27 16:35:00,8,20,False,,2024-02-27
DIVIDEND_PROC,SUCCESS,2024-10-08 17:05:00,2024-10-08 17:33:00,28,30,False,,2024-10-08
FX_RATE_LOAD,RUNNING,2024-10-18 23:29:00,2024-10-18 23:37:00,8,10,False,,2024-10-18
INVEST_RECON_JOB,FAILED,2024-02-18 12:35:00,2024-02-18 12:52:00,17,45,False,RC=8,2024-02-18
TRADE_SETTLE_CHK,SUCCESS,2024-06-22 07:30:00,2024-06-22 07:52:00,22,35,False,,2024-06-22
PERF_ATTR_JOB,ABENDED,2024-11-05 06:04:00,2024-11-05 06:22:00,18,45,False,ABEND S222,2024-11-05
FX_RATE_LOAD,LATE,2024-09-17 18:30:00,2024-09-17 18:56:00,26,10,True,,2024-09-17
PERF_ATTR_JOB,SUCCESS,2024-06-18 09:55:00,2024-06-18 10:03:00,8,45,False,,2024-06-18
NAV_CALC_BATCH,SUCCESS,2024-09-20 04:10:00,2024-09-20 04:45:00,35,50,False,,2024-09-20
INVEST_RECON_JOB,SUCCESS,2024-03-31 17:13:00,2024-03-31 17:57:00,44,45,False,,2024-03-31
SLA_MONITOR_BATCH,SUCCESS,2024-11-16 07:08:00,2024-11-16 07:15:00,7,15,False,,2024-11-16
PORTF_RPT_DAILY,SUCCESS,2024-05-22 08:31:00,2024-05-22 08:44:00,13,30,False,,2024-05-22
NAV_CALC_BATCH,SUCCESS,2024-03-08 23:55:00,2024-03-09 00:33:00,38,50,False,,2024-03-08
TRADE_SETTLE_CHK,SUCCESS,2024-08-03 11:36:00,2024-08-03 12:00:00,24,35,False,,2024-08-03
TRADE_SETTLE_CHK,SUCCESS,2024-01-06 21:08:00,2024-01-06 21:36:00,28,35,False,,2024-01-06
NAV_CALC_BATCH,FAILED,2024-03-06 01:40:00,2024-03-06 01:47:00,7,50,False,RC=8,2024-03-06
SLA_MONITOR_BATCH,LATE,2024-12-22 04:14:00,2024-12-22 05:28:00,74,15,True,,2024-12-22
INVEST_RECON_JOB,SUCCESS,2024-08-12 15:22:00,2024-08-12 15:35:00,13,45,False,,2024-08-12
TRADE_SETTLE_CHK,ABENDED,2024-05-04 11:45:00,2024-05-04 11:52:00,7,35,False,RC=8,2024-05-04
EOD_CLOSE_PROC,FAILED,2024-03-07 16:05:00,2024-03-07 16:32:00,27,70,False,ABEND S0C7,2024-03-07
EOD_CLOSE_PROC,SUCCESS,2024-05-09 12:12:00,2024-05-09 12:17:00,5,70,False,,2024-05-09
NAV_CALC_BATCH,LATE,2024-01-30 11:45:00,2024-01-30 13:30:00,105,50,True,,2024-01-30
FX_RATE_LOAD,SUCCESS,2024-08-13 14:29:00,2024-08-13 14:36:00,7,10,False,,2024-08-13
POSITION_SYNC,RUNNING,2024-02-19 19:34:00,2024-02-19 19:42:00,8,20,False,,2024-02-19
INVEST_RECON_JOB,FAILED,2024-12-16 00:41:00,2024-12-16 00:47:00,6,45,False,JCL ERROR,2024-12-16
CASH_FLOW_EXTRACT,SUCCESS,2024-12-17 23:04:00,2024-12-17 23:16:00,12,20,False,,2024-12-17
SLA_MONITOR_BATCH,SUCCESS,2024-11-07 01:55:00,2024-11-07 02:02:00,7,15,False,,2024-11-07
FX_RATE_LOAD,FAILED,2024-09-28 06:07:00,2024-09-28 06:08:00,1,10,False,ABEND S0C7,2024-09-28
CLIENT_STMT_GEN,ABENDED,2024-10-04 08:04:00,2024-10-04 08:24:00,20,60,False,ABEND S222,2024-10-04
POSITION_SYNC,SUCCESS,2024-10-17 02:51:00,2024-10-17 03:09:00,18,20,False,,2024-10-17
CLIENT_STMT_GEN,LATE,2024-08-02 15:00:00,2024-08-02 16:37:00,97,60,True,,2024-08-02
PORTF_RPT_DAILY,SUCCESS,2024-10-12 11:53:00,2024-10-12 12:11:00,18,30,False,,2024-10-12
COMPLIANCE_RPT,LATE,2024-07-20 14:48:00,2024-07-20 15:50:00,62,55,True,,2024-07-20
POSITION_SYNC,SUCCESS,2024-07-20 04:05:00,2024-07-20 04:19:00,14,20,False,,2024-07-20
DIVIDEND_PROC,ABENDED,2024-07-04 11:03:00,2024-07-04 11:08:00,5,30,False,JCL ERROR,2024-07-04
SLA_MONITOR_BATCH,FAILED,2024-05-10 09:41:00,2024-05-10 09:42:00,1,15,False,ABEND S222,2024-05-10
POSITION_SYNC,SUCCESS,2024-04-10 21:19:00,2024-04-10 21:33:00,14,20,False,,2024-04-10
PERF_ATTR_JOB,SUCCESS,2024-04-25 18:26:00,2024-04-25 18:53:00,27,45,False,,2024-04-25
PORTF_RPT_DAILY,SUCCESS,2024-11-05 12:10:00,2024-11-05 12:29:00,19,30,False,,2024-11-05
CLIENT_STMT_GEN,SUCCESS,2024-03-27 12:08:00,2024-03-27 12:40:00,32,60,False,,2024-03-27
EOD_CLOSE_PROC,ABENDED,2024-02-15 09:09:00,2024-02-15 09:26:00,17,70,False,RC=12,2024-02-15
PERF_ATTR_JOB,SUCCESS,2024-03-11 23:21:00,2024-03-12 00:01:00,40,45,False,,2024-03-11
TRADE_SETTLE_CHK,SUCCESS,2024-12-10 04:06:00,2024-12-10 04:32:00,26,35,False,,2024-12-10
DIVIDEND_PROC,ABENDED,2024-11-21 01:34:00,2024-11-21 01:46:00,12,30,False,ABEND S222,2024-11-21
FX_RATE_LOAD,LATE,2024-11-12 03:47:00,2024-11-12 04:41:00,54,10,True,,2024-11-12
EOD_CLOSE_PROC,SUCCESS,2024-11-23 07:46:00,2024-11-23 08:30:00,44,70,False,,2024-11-23
EOD_CLOSE_PROC,ABENDED,2024-02-13 21:38:00,2024-02-13 22:03:00,25,70,False,ABEND S0C7,2024-02-13
CLIENT_STMT_GEN,SUCCESS,2024-06-22 07:56:00,2024-06-22 08:09:00,13,60,False,,2024-06-22
TRADE_SETTLE_CHK,LATE,2024-05-24 14:11:00,2024-05-24 15:14:00,63,35,True,,2024-05-24
NAV_CALC_BATCH,SUCCESS,2024-09-29 07:14:00,2024-09-29 07:34:00,20,50,False,,2024-09-29
SLA_MONITOR_BATCH,LATE,2024-01-18 22:15:00,2024-01-18 22:39:00,24,15,True,,2024-01-18
CASH_FLOW_EXTRACT,FAILED,2024-07-06 21:33:00,2024-07-06 21:41:00,8,20,False,ABEND S222,2024-07-06
PORTF_RPT_DAILY,SUCCESS,2024-05-16 11:55:00,2024-05-16 12:14:00,19,30,False,,2024-05-16
PERF_ATTR_JOB,FAILED,2024-12-19 18:43:00,2024-12-19 18:52:00,9,45,False,ABEND S222,2024-12-19
TRANS_LOG_PARSER,FAILED,2024-07-24 18:45:00,2024-07-24 18:57:00,12,25,False,ABEND S0C7,2024-07-24
TRADE_SETTLE_CHK,FAILED,2024-11-21 10:12:00,2024-11-21 10:24:00,12,35,False,RC=12,2024-11-21
POSITION_SYNC,SUCCESS,2024-08-29 08:25:00,2024-08-29 08:36:00,11,20,False,,2024-08-29
EOD_CLOSE_PROC,FAILED,2024-09-14 12:51:00,2024-09-14 12:56:00,5,70,False,ABEND S222,2024-09-14
CLIENT_STMT_GEN,RUNNING,2024-03-05 02:11:00,2024-03-05 02:37:00,26,60,False,,2024-03-05
SLA_MONITOR_BATCH,SUCCESS,2024-10-01 22:58:00,2024-10-01 23:03:00,5,15,False,,2024-10-01
FX_RATE_LOAD,SUCCESS,2024-11-12 09:32:00,2024-11-12 09:37:00,5,10,False,,2024-11-12
COMPLIANCE_RPT,SUCCESS,2024-07-23 19:09:00,2024-07-23 19:34:00,25,55,False,,2024-07-23
PERF_ATTR_JOB,LATE,2024-10-21 12:25:00,2024-10-21 13:34:00,69,45,True,,2024-10-21
COMPLIANCE_RPT,SUCCESS,2024-02-27 07:00:00,2024-02-27 07:34:00,34,55,False,,2024-02-27
COMPLIANCE_RPT,LATE,2024-03-10 07:23:00,2024-03-10 09:12:00,109,55,True,,2024-03-10
TRADE_SETTLE_CHK,SUCCESS,2024-03-01 08:11:00,2024-03-01 08:28:00,17,35,False,,2024-03-01
CASH_FLOW_EXTRACT,LATE,2024-05-26 01:42:00,2024-05-26 02:23:00,41,20,True,,2024-05-26
NAV_CALC_BATCH,SUCCESS,2024-04-10 07:50:00,2024-04-10 08:05:00,15,50,False,,2024-04-10
POSITION_SYNC,ABENDED,2024-06-03 10:56:00,2024-06-03 11:01:00,5,20,False,RC=12,2024-06-03
TRADE_SETTLE_CHK,ABENDED,2024-08-19 18:26:00,2024-08-19 18:34:00,8,35,False,ABEND S222,2024-08-19
CLIENT_STMT_GEN,SUCCESS,2024-12-14 00:01:00,2024-12-14 00:40:00,39,60,False,,2024-12-14
NAV_CALC_BATCH,FAILED,2024-03-03 15:33:00,2024-03-03 15:45:00,12,50,False,RC=12,2024-03-03
INVEST_RECON_JOB,LATE,2024-02-10 11:46:00,2024-02-10 13:11:00,85,45,True,,2024-02-10
RISK_CALC_JOB,SUCCESS,2024-10-12 08:20:00,2024-10-12 08:35:00,15,40,False,,2024-10-12
CLIENT_STMT_GEN,SUCCESS,2024-12-02 08:47:00,2024-12-02 09:03:00,16,60,False,,2024-12-02
POSITION_SYNC,RUNNING,2024-09-15 14:16:00,2024-09-15 14:25:00,9,20,False,,2024-09-15
COMPLIANCE_RPT,FAILED,2024-12-13 15:03:00,2024-12-13 15:07:00,4,55,False,ABEND S222,2024-12-13
CLIENT_STMT_GEN,SUCCESS,2024-03-24 20:59:00,2024-03-24 21:56:00,57,60,False,,2024-03-24
NAV_CALC_BATCH,SUCCESS,2024-09-27 13:50:00,2024-09-27 14:16:00,26,50,False,,2024-09-27
EOD_CLOSE_PROC,FAILED,2024-03-16 07:57:00,2024-03-16 08:26:00,29,70,False,ABEND S222,2024-03-16
RISK_CALC_JOB,SUCCESS,2024-08-08 12:43:00,2024-08-08 13:08:00,25,40,False,,2024-08-08
POSITION_SYNC,SUCCESS,2024-08-27 00:07:00,2024-08-27 00:16:00,9,20,False,,2024-08-27
EOD_CLOSE_PROC,SUCCESS,2024-01-24 20:44:00,2024-01-24 21:34:00,50,70,False,,2024-01-24
COMPLIANCE_RPT,SUCCESS,2024-08-12 17:04:00,2024-08-12 17:10:00,6,55,False,,2024-08-12
EOD_CLOSE_PROC,LATE,2024-06-15 20:33:00,2024-06-15 22:30:00,117,70,True,,2024-06-15
PORTF_RPT_DAILY,SUCCESS,2024-03-18 15:54:00,2024-03-18 16:20:00,26,30,False,,2024-03-18
INVEST_RECON_JOB,FAILED,2024-02-03 09:11:00,2024-02-03 09:22:00,11,45,False,ABEND S222,2024-02-03
NAV_CALC_BATCH,ABENDED,2024-04-09 03:27:00,2024-04-09 03:28:00,1,50,False,JCL ERROR,2024-04-09
SLA_MONITOR_BATCH,SUCCESS,2024-10-20 22:50:00,2024-10-20 22:56:00,6,15,False,,2024-10-20
PERF_ATTR_JOB,RUNNING,2024-07-22 16:51:00,2024-07-22 17:01:00,10,45,False,,2024-07-22
RISK_CALC_JOB,LATE,2024-01-18 06:07:00,2024-01-18 07:04:00,57,40,True,,2024-01-18
POSITION_SYNC,SUCCESS,2024-06-28 22:09:00,2024-06-28 22:22:00,13,20,False,,2024-06-28
PERF_ATTR_JOB,SUCCESS,2024-01-14 19:41:00,2024-01-14 19:57:00,16,45,False,,2024-01-14
FX_RATE_LOAD,FAILED,2024-09-05 07:22:00,2024-09-05 07:24:00,2,10,False,ABEND S0C7,2024-09-05
FX_RATE_LOAD,SUCCESS,2024-12-03 21:13:00,2024-12-03 21:19:00,6,10,False,,2024-12-03
INVEST_RECON_JOB,SUCCESS,2024-11-23 22:49:00,2024-11-23 23:22:00,33,45,False,,2024-11-23
CLIENT_STMT_GEN,FAILED,2024-04-07 16:38:00,2024-04-07 16:58:00,20,60,False,RC=12,2024-04-07
PORTF_RPT_DAILY,SUCCESS,2024-08-30 22:44:00,2024-08-30 22:56:00,12,30,False,,2024-08-30
PERF_ATTR_JOB,SUCCESS,2024-03-07 07:27:00,2024-03-07 07:59:00,32,45,False,,2024-03-07
CASH_FLOW_EXTRACT,SUCCESS,2024-01-18 15:25:00,2024-01-18 15:31:00,6,20,False,,2024-01-18
EOD_CLOSE_PROC,SUCCESS,2024-08-23 01:32:00,2024-08-23 02:00:00,28,70,False,,2024-08-23
POSITION_SYNC,SUCCESS,2024-03-02 16:51:00,2024-03-02 16:58:00,7,20,False,,2024-03-02
COMPLIANCE_RPT,ABENDED,2024-07-14 01:06:00,2024-07-14 01:07:00,1,55,False,ABEND S222,2024-07-14
CASH_FLOW_EXTRACT,SUCCESS,2024-02-21 11:41:00,2024-02-21 11:59:00,18,20,False,,2024-02-21
COMPLIANCE_RPT,LATE,2024-04-23 17:43:00,2024-04-23 19:18:00,95,55,True,,2024-04-23
NAV_CALC_BATCH,LATE,2024-12-27 02:54:00,2024-12-27 04:20:00,86,50,True,,2024-12-27
NAV_CALC_BATCH,FAILED,2024-11-18 13:59:00,2024-11-18 14:22:00,23,50,False,ABEND S0C7,2024-11-18
DIVIDEND_PROC,ABENDED,2024-07-25 15:12:00,2024-07-25 15:18:00,6,30,False,ABEND S222,2024-07-25
PERF_ATTR_JOB,SUCCESS,2024-03-15 06:13:00,2024-03-15 06:27:00,14,45,False,,2024-03-15
INVEST_RECON_JOB,LATE,2024-12-30 16:01:00,2024-12-30 17:31:00,90,45,True,,2024-12-30
CASH_FLOW_EXTRACT,FAILED,2024-05-29 08:09:00,2024-05-29 08:15:00,6,20,False,JCL ERROR,2024-05-29
NAV_CALC_BATCH,ABENDED,2024-10-16 04:45:00,2024-10-16 05:07:00,22,50,False,RC=12,2024-10-16
INVEST_RECON_JOB,FAILED,2024-06-30 12:03:00,2024-06-30 12:16:00,13,45,False,RC=12,2024-06-30
COMPLIANCE_RPT,RUNNING,2024-06-21 06:23:00,2024-06-21 07:09:00,46,55,False,,2024-06-21
PORTF_RPT_DAILY,RUNNING,2024-05-04 20:50:00,2024-05-04 21:18:00,28,30,False,,2024-05-04
RISK_CALC_JOB,ABENDED,2024-05-05 02:54:00,2024-05-05 02:58:00,4,40,False,JCL ERROR,2024-05-05
PORTF_RPT_DAILY,SUCCESS,2024-12-16 15:17:00,2024-12-16 15:25:00,8,30,False,,2024-12-16
COMPLIANCE_RPT,SUCCESS,2024-09-05 21:20:00,2024-09-05 21:39:00,19,55,False,,2024-09-05
COMPLIANCE_RPT,SUCCESS,2024-06-05 03:41:00,2024-06-05 04:21:00,40,55,False,,2024-06-05
TRANS_LOG_PARSER,SUCCESS,2024-12-03 02:14:00,2024-12-03 02:31:00,17,25,False,,2024-12-03
INVEST_RECON_JOB,SUCCESS,2024-01-30 16:50:00,2024-01-30 17:13:00,23,45,False,,2024-01-30
NAV_CALC_BATCH,SUCCESS,2024-10-19 23:30:00,2024-10-20 00:17:00,47,50,False,,2024-10-19
TRANS_LOG_PARSER,SUCCESS,2024-06-09 23:17:00,2024-06-09 23:37:00,20,25,False,,2024-06-09
PORTF_RPT_DAILY,SUCCESS,2024-05-08 18:04:00,2024-05-08 18:14:00,10,30,False,,2024-05-08
EOD_CLOSE_PROC,SUCCESS,2024-02-04 11:05:00,2024-02-04 12:04:00,59,70,False,,2024-02-04
TRADE_SETTLE_CHK,SUCCESS,2024-02-09 18:49:00,2024-02-09 19:23:00,34,35,False,,2024-02-09
NAV_CALC_BATCH,SUCCESS,2024-08-07 08:01:00,2024-08-07 08:42:00,41,50,False,,2024-08-07
EOD_CLOSE_PROC,FAILED,2024-10-22 23:24:00,2024-10-22 23:38:00,14,70,False,JCL ERROR,2024-10-22
TRANS_LOG_PARSER,SUCCESS,2024-09-11 11:51:00,2024-09-11 12:01:00,10,25,False,,2024-09-11
PORTF_RPT_DAILY,SUCCESS,2024-01-01 04:01:00,2024-01-01 04:14:00,13,30,False,,2024-01-01
INVEST_RECON_JOB,SUCCESS,2024-03-22 21:00:00,2024-03-22 21:09:00,9,45,False,,2024-03-22
FX_RATE_LOAD,ABENDED,2024-09-11 03:08:00,2024-09-11 03:09:00,1,10,False,RC=12,2024-09-11
SLA_MONITOR_BATCH,SUCCESS,2024-04-13 18:15:00,2024-04-13 18:26:00,11,15,False,,2024-04-13
EOD_CLOSE_PROC,LATE,2024-07-25 14:34:00,2024-07-25 16:25:00,111,70,True,,2024-07-25
NAV_CALC_BATCH,SUCCESS,2024-01-19 18:33:00,2024-01-19 19:08:00,35,50,False,,2024-01-19
CLIENT_STMT_GEN,SUCCESS,2024-08-06 15:57:00,2024-08-06 16:32:00,35,60,False,,2024-08-06
CLIENT_STMT_GEN,SUCCESS,2024-11-04 05:08:00,2024-11-04 05:41:00,33,60,False,,2024-11-04
NAV_CALC_BATCH,SUCCESS,2024-01-15 14:21:00,2024-01-15 15:10:00,49,50,False,,2024-01-15
FX_RATE_LOAD,LATE,2024-09-30 19:30:00,2024-09-30 20:26:00,56,10,True,,2024-09-30
DIVIDEND_PROC,SUCCESS,2024-05-01 20:59:00,2024-05-01 21:10:00,11,30,False,,2024-05-01
NAV_CALC_BATCH,FAILED,2024-12-23 22:19:00,2024-12-23 22:26:00,7,50,False,RC=8,2024-12-23
FX_RATE_LOAD,SUCCESS,2024-07-14 10:19:00,2024-07-14 10:25:00,6,10,False,,2024-07-14
PORTF_RPT_DAILY,LATE,2024-12-10 23:50:00,2024-12-11 01:02:00,72,30,True,,2024-12-10
NAV_CALC_BATCH,SUCCESS,2024-04-29 03:09:00,2024-04-29 03:16:00,7,50,False,,2024-04-29
INVEST_RECON_JOB,SUCCESS,2024-02-05 11:53:00,2024-02-05 11:59:00,6,45,False,,2024-02-05
PERF_ATTR_JOB,SUCCESS,2024-07-12 08:18:00,2024-07-12 08:59:00,41,45,False,,2024-07-12
NAV_CALC_BATCH,SUCCESS,2024-05-25 15:00:00,2024-05-25 15:08:00,8,50,False,,2024-05-25
PORTF_RPT_DAILY,SUCCESS,2024-10-14 14:25:00,2024-10-14 14:39:00,14,30,False,,2024-10-14
SLA_MONITOR_BATCH,SUCCESS,2024-08-10 15:25:00,2024-08-10 15:34:00,9,15,False,,2024-08-10
FX_RATE_LOAD,SUCCESS,2024-08-18 09:56:00,2024-08-18 10:01:00,5,10,False,,2024-08-18
POSITION_SYNC,ABENDED,2024-07-16 11:27:00,2024-07-16 11:28:00,1,20,False,ABEND S0C7,2024-07-16
COMPLIANCE_RPT,SUCCESS,2024-01-12 13:15:00,2024-01-12 13:42:00,27,55,False,,2024-01-12
TRANS_LOG_PARSER,FAILED,2024-08-28 06:02:00,2024-08-28 06:12:00,10,25,False,ABEND S222,2024-08-28
SLA_MONITOR_BATCH,SUCCESS,2024-11-11 05:29:00,2024-11-11 05:41:00,12,15,False,,2024-11-11
CASH_FLOW_EXTRACT,SUCCESS,2024-11-21 18:41:00,2024-11-21 18:51:00,10,20,False,,2024-11-21
INVEST_RECON_JOB,SUCCESS,2024-07-13 07:20:00,2024-07-13 07:38:00,18,45,False,,2024-07-13
PORTF_RPT_DAILY,FAILED,2024-10-30 14:46:00,2024-10-30 14:47:00,1,30,False,RC=12,2024-10-30
TRANS_LOG_PARSER,SUCCESS,2024-03-23 16:10:00,2024-03-23 16:29:00,19,25,False,,2024-03-23
POSITION_SYNC,FAILED,2024-08-06 09:15:00,2024-08-06 09:17:00,2,20,False,ABEND S0C7,2024-08-06
FX_RATE_LOAD,SUCCESS,2024-09-25 19:54:00,2024-09-25 20:03:00,9,10,False,,2024-09-25
COMPLIANCE_RPT,SUCCESS,2024-06-20 19:25:00,2024-06-20 19:52:00,27,55,False,,2024-06-20
EOD_CLOSE_PROC,SUCCESS,2024-12-02 13:15:00,2024-12-02 13:58:00,43,70,False,,2024-12-02
TRANS_LOG_PARSER,FAILED,2024-05-29 23:14:00,2024-05-29 23:19:00,5,25,False,ABEND S0C7,2024-05-29
PERF_ATTR_JOB,SUCCESS,2024-06-05 19:07:00,2024-06-05 19:37:00,30,45,False,,2024-06-05
FX_RATE_LOAD,RUNNING,2024-10-28 07:48:00,2024-10-28 07:57:00,9,10,False,,2024-10-28
CLIENT_STMT_GEN,ABENDED,2024-05-12 08:37:00,2024-05-12 08:52:00,15,60,False,ABEND S0C7,2024-05-12
CLIENT_STMT_GEN,SUCCESS,2024-05-18 13:16:00,2024-05-18 13:22:00,6,60,False,,2024-05-18
DIVIDEND_PROC,FAILED,2024-12-02 22:35:00,2024-12-02 22:38:00,3,30,False,RC=12,2024-12-02
CLIENT_STMT_GEN,SUCCESS,2024-06-17 16:26:00,2024-06-17 16:39:00,13,60,False,,2024-06-17
FX_RATE_LOAD,FAILED,2024-04-21 18:42:00,2024-04-21 18:47:00,5,10,False,JCL ERROR,2024-04-21
FX_RATE_LOAD,ABENDED,2024-05-18 03:15:00,2024-05-18 03:17:00,2,10,False,RC=8,2024-05-18
PORTF_RPT_DAILY,LATE,2024-10-19 14:08:00,2024-10-19 14:46:00,38,30,True,,2024-10-19
TRADE_SETTLE_CHK,SUCCESS,2024-09-02 01:30:00,2024-09-02 01:45:00,15,35,False,,2024-09-02
SLA_MONITOR_BATCH,RUNNING,2024-09-22 11:12:00,2024-09-22 11:21:00,9,15,False,,2024-09-22
NAV_CALC_BATCH,FAILED,2024-07-30 11:21:00,2024-07-30 11:37:00,16,50,False,JCL ERROR,2024-07-30
INVEST_RECON_JOB,ABENDED,2024-03-05 01:15:00,2024-03-05 01:16:00,1,45,False,RC=8,2024-03-05
SLA_MONITOR_BATCH,SUCCESS,2024-08-09 09:24:00,2024-08-09 09:30:00,6,15,False,,2024-08-09
INVEST_RECON_JOB,FAILED,2024-04-24 18:03:00,2024-04-24 18:04:00,1,45,False,RC=12,2024-04-24
EOD_CLOSE_PROC,FAILED,2024-07-01 03:08:00,2024-07-01 03:16:00,8,70,False,RC=12,2024-07-01
TRADE_SETTLE_CHK,ABENDED,2024-06-19 12:55:00,2024-06-19 13:07:00,12,35,False,JCL ERROR,2024-06-19
TRADE_SETTLE_CHK,SUCCESS,2024-04-07 10:37:00,2024-04-07 10:52:00,15,35,False,,2024-04-07
NAV_CALC_BATCH,FAILED,2024-08-29 00:35:00,2024-08-29 00:49:00,14,50,False,RC=8,2024-08-29
EOD_CLOSE_PROC,SUCCESS,2024-04-21 02:16:00,2024-04-21 03:07:00,51,70,False,,2024-04-21
DIVIDEND_PROC,SUCCESS,2024-05-12 22:20:00,2024-05-12 22:37:00,17,30,False,,2024-05-12
POSITION_SYNC,SUCCESS,2024-02-07 07:59:00,2024-02-07 08:12:00,13,20,False,,2024-02-07
DIVIDEND_PROC,SUCCESS,2024-04-14 09:56:00,2024-04-14 10:06:00,10,30,False,,2024-04-14
CLIENT_STMT_GEN,ABENDED,2024-03-21 21:47:00,2024-03-21 21:52:00,5,60,False,RC=8,2024-03-21
COMPLIANCE_RPT,SUCCESS,2024-06-07 14:18:00,2024-06-07 14:34:00,16,55,False,,2024-06-07
SLA_MONITOR_BATCH,SUCCESS,2024-12-01 03:01:00,2024-12-01 03:10:00,9,15,False,,2024-12-01
CLIENT_STMT_GEN,FAILED,2024-10-23 13:32:00,2024-10-23 13:56:00,24,60,False,ABEND S222,2024-10-23
PERF_ATTR_JOB,ABENDED,2024-01-15 01:35:00,2024-01-15 01:56:00,21,45,False,ABEND S0C7,2024-01-15
TRADE_SETTLE_CHK,FAILED,2024-03-13 18:55:00,2024-03-13 19:04:00,9,35,False,ABEND S222,2024-03-13
PERF_ATTR_JOB,SUCCESS,2024-01-26 04:56:00,2024-01-26 05:06:00,10,45,False,,2024-01-26
NAV_CALC_BATCH,FAILED,2024-09-06 14:56:00,2024-09-06 15:06:00,10,50,False,RC=8,2024-09-06
RISK_CALC_JOB,SUCCESS,2024-01-20 09:13:00,2024-01-20 09:38:00,25,40,False,,2024-01-20
PORTF_RPT_DAILY,SUCCESS,2024-10-01 11:03:00,2024-10-01 11:13:00,10,30,False,,2024-10-01
INVEST_RECON_JOB,ABENDED,2024-11-08 08:27:00,2024-11-08 08:40:00,13,45,False,ABEND S0C7,2024-11-08
INVEST_RECON_JOB,SUCCESS,2024-06-21 23:55:00,2024-06-22 00:10:00,15,45,False,,2024-06-21
CLIENT_STMT_GEN,SUCCESS,2024-09-23 04:39:00,2024-09-23 05:34:00,55,60,False,,2024-09-23
CLIENT_STMT_GEN,SUCCESS,2024-01-09 04:21:00,2024-01-09 04:51:00,30,60,False,,2024-01-09
FX_RATE_LOAD,LATE,2024-04-20 06:56:00,2024-04-20 07:11:00,15,10,True,,2024-04-20
CLIENT_STMT_GEN,SUCCESS,2024-04-11 08:26:00,2024-04-11 09:00:00,34,60,False,,2024-04-11
RISK_CALC_JOB,SUCCESS,2024-12-20 03:42:00,2024-12-20 04:14:00,32,40,False,,2024-12-20
PERF_ATTR_JOB,SUCCESS,2024-01-06 14:54:00,2024-01-06 15:26:00,32,45,False,,2024-01-06
INVEST_RECON_JOB,FAILED,2024-11-08 19:22:00,2024-11-08 19:33:00,11,45,False,RC=12,2024-11-08
EOD_CLOSE_PROC,FAILED,2024-03-29 08:41:00,2024-03-29 09:05:00,24,70,False,RC=12,2024-03-29
PORTF_RPT_DAILY,SUCCESS,2024-03-29 07:47:00,2024-03-29 08:10:00,23,30,False,,2024-03-29
DIVIDEND_PROC,FAILED,2024-09-06 05:15:00,2024-09-06 05:16:00,1,30,False,RC=12,2024-09-06
SLA_MONITOR_BATCH,FAILED,2024-03-08 01:08:00,2024-03-08 01:13:00,5,15,False,ABEND S0C7,2024-03-08
RISK_CALC_JOB,SUCCESS,2024-10-24 23:51:00,2024-10-24 23:57:00,6,40,False,,2024-10-24
CASH_FLOW_EXTRACT,SUCCESS,2024-03-24 05:42:00,2024-03-24 05:59:00,17,20,False,,2024-03-24
INVEST_RECON_JOB,SUCCESS,2024-07-10 01:28:00,2024-07-10 01:59:00,31,45,False,,2024-07-10
EOD_CLOSE_PROC,ABENDED,2024-12-04 17:29:00,2024-12-04 17:36:00,7,70,False,ABEND S222,2024-12-04
NAV_CALC_BATCH,SUCCESS,2024-09-10 10:52:00,2024-09-10 11:13:00,21,50,False,,2024-09-10
POSITION_SYNC,SUCCESS,2024-11-03 05:59:00,2024-11-03 06:08:00,9,20,False,,2024-11-03
PORTF_RPT_DAILY,SUCCESS,2024-11-23 17:14:00,2024-11-23 17:36:00,22,30,False,,2024-11-23
COMPLIANCE_RPT,RUNNING,2024-03-19 21:30:00,2024-03-19 22:15:00,45,55,False,,2024-03-19
INVEST_RECON_JOB,SUCCESS,2024-02-02 05:09:00,2024-02-02 05:34:00,25,45,False,,2024-02-02
FX_RATE_LOAD,SUCCESS,2024-10-26 22:21:00,2024-10-26 22:29:00,8,10,False,,2024-10-26
POSITION_SYNC,FAILED,2024-05-24 22:16:00,2024-05-24 22:25:00,9,20,False,RC=12,2024-05-24
CLIENT_STMT_GEN,SUCCESS,2024-11-17 06:28:00,2024-11-17 07:09:00,41,60,False,,2024-11-17
PERF_ATTR_JOB,LATE,2024-04-05 03:08:00,2024-04-05 04:03:00,55,45,True,,2024-04-05
CASH_FLOW_EXTRACT,LATE,2024-03-02 16:29:00,2024-03-02 17:26:00,57,20,True,,2024-03-02
PORTF_RPT_DAILY,SUCCESS,2024-06-26 22:35:00,2024-06-26 22:53:00,18,30,False,,2024-06-26
PERF_ATTR_JOB,RUNNING,2024-11-10 01:42:00,2024-11-10 01:51:00,9,45,False,,2024-11-10
RISK_CALC_JOB,ABENDED,2024-09-05 09:44:00,2024-09-05 09:46:00,2,40,False,RC=12,2024-09-05
FX_RATE_LOAD,SUCCESS,2024-02-23 18:39:00,2024-02-23 18:48:00,9,10,False,,2024-02-23
SLA_MONITOR_BATCH,FAILED,2024-04-01 19:20:00,2024-04-01 19:26:00,6,15,False,RC=8,2024-04-01
RISK_CALC_JOB,SUCCESS,2024-03-30 04:57:00,2024-03-30 05:33:00,36,40,False,,2024-03-30
POSITION_SYNC,FAILED,2024-05-07 07:35:00,2024-05-07 07:43:00,8,20,False,RC=12,2024-05-07
INVEST_RECON_JOB,SUCCESS,2024-05-28 04:09:00,2024-05-28 04:21:00,12,45,False,,2024-05-28
POSITION_SYNC,SUCCESS,2024-12-13 10:43:00,2024-12-13 11:00:00,17,20,False,,2024-12-13
SLA_MONITOR_BATCH,SUCCESS,2024-11-26 12:54:00,2024-11-26 13:02:00,8,15,False,,2024-11-26
EOD_CLOSE_PROC,SUCCESS,2024-01-01 22:34:00,2024-01-01 23:04:00,30,70,False,,2024-01-01
CLIENT_STMT_GEN,LATE,2024-05-30 09:28:00,2024-05-30 11:26:00,118,60,True,,2024-05-30
PORTF_RPT_DAILY,SUCCESS,2024-09-22 15:32:00,2024-09-22 15:56:00,24,30,False,,2024-09-22
FX_RATE_LOAD,RUNNING,2024-01-07 08:29:00,2024-01-07 08:34:00,5,10,False,,2024-01-07
PERF_ATTR_JOB,SUCCESS,2024-07-10 19:43:00,2024-07-10 20:12:00,29,45,False,,2024-07-10
PERF_ATTR_JOB,SUCCESS,2024-06-27 02:39:00,2024-06-27 03:04:00,25,45,False,,2024-06-27
CLIENT_STMT_GEN,FAILED,2024-08-17 15:16:00,2024-08-17 15:36:00,20,60,False,RC=12,2024-08-17
POSITION_SYNC,SUCCESS,2024-12-02 06:10:00,2024-12-02 06:29:00,19,20,False,,2024-12-02
FX_RATE_LOAD,FAILED,2024-07-31 07:17:00,2024-07-31 07:19:00,2,10,False,ABEND S222,2024-07-31
EOD_CLOSE_PROC,SUCCESS,2024-06-12 05:10:00,2024-06-12 06:00:00,50,70,False,,2024-06-12
FX_RATE_LOAD,SUCCESS,2024-08-02 02:56:00,2024-08-02 03:04:00,8,10,False,,2024-08-02
TRANS_LOG_PARSER,SUCCESS,2024-03-13 19:08:00,2024-03-13 19:13:00,5,25,False,,2024-03-13
NAV_CALC_BATCH,SUCCESS,2024-03-21 04:37:00,2024-03-21 05:00:00,23,50,False,,2024-03-21
CASH_FLOW_EXTRACT,SUCCESS,2024-07-29 06:02:00,2024-07-29 06:09:00,7,20,False,,2024-07-29
FX_RATE_LOAD,SUCCESS,2024-12-06 22:37:00,2024-12-06 22:45:00,8,10,False,,2024-12-06
CLIENT_STMT_GEN,SUCCESS,2024-08-25 21:46:00,2024-08-25 22:42:00,56,60,False,,2024-08-25
INVEST_RECON_JOB,SUCCESS,2024-03-29 19:46:00,2024-03-29 20:09:00,23,45,False,,2024-03-29
NAV_CALC_BATCH,FAILED,2024-04-02 01:27:00,2024-04-02 01:40:00,13,50,False,RC=8,2024-04-02
TRANS_LOG_PARSER,FAILED,2024-11-15 16:01:00,2024-11-15 16:12:00,11,25,False,JCL ERROR,2024-11-15
TRANS_LOG_PARSER,SUCCESS,2024-04-14 23:06:00,2024-04-14 23:18:00,12,25,False,,2024-04-14
NAV_CALC_BATCH,SUCCESS,2024-01-21 01:17:00,2024-01-21 01:58:00,41,50,False,,2024-01-21
DIVIDEND_PROC,ABENDED,2024-04-24 22:54:00,2024-04-24 22:57:00,3,30,False,RC=8,2024-04-24
COMPLIANCE_RPT,SUCCESS,2024-03-31 04:06:00,2024-03-31 04:22:00,16,55,False,,2024-03-31
PERF_ATTR_JOB,SUCCESS,2024-05-31 16:42:00,2024-05-31 16:54:00,12,45,False,,2024-05-31
TRADE_SETTLE_CHK,SUCCESS,2024-03-19 13:34:00,2024-03-19 13:52:00,18,35,False,,2024-03-19
DIVIDEND_PROC,SUCCESS,2024-07-24 09:57:00,2024-07-24 10:02:00,5,30,False,,2024-07-24
CASH_FLOW_EXTRACT,FAILED,2024-02-26 16:20:00,2024-02-26 16:25:00,5,20,False,JCL ERROR,2024-02-26
DIVIDEND_PROC,SUCCESS,2024-06-07 09:48:00,2024-06-07 09:57:00,9,30,False,,2024-06-07
COMPLIANCE_RPT,ABENDED,2024-01-01 01:50:00,2024-01-01 02:03:00,13,55,False,RC=12,2024-01-01
FX_RATE_LOAD,RUNNING,2024-09-11 14:40:00,2024-09-11 14:49:00,9,10,False,,2024-09-11
RISK_CALC_JOB,SUCCESS,2024-06-09 16:20:00,2024-06-09 16:49:00,29,40,False,,2024-06-09
NAV_CALC_BATCH,SUCCESS,2024-07-23 23:19:00,2024-07-23 23:31:00,12,50,False,,2024-07-23
FX_RATE_LOAD,SUCCESS,2024-03-07 06:18:00,2024-03-07 06:24:00,6,10,False,,2024-03-07
CASH_FLOW_EXTRACT,SUCCESS,2024-08-11 04:11:00,2024-08-11 04:17:00,6,20,False,,2024-08-11
CLIENT_STMT_GEN,SUCCESS,2024-06-05 22:04:00,2024-06-05 22:11:00,7,60,False,,2024-06-05
SLA_MONITOR_BATCH,SUCCESS,2024-05-09 17:13:00,2024-05-09 17:19:00,6,15,False,,2024-05-09
SLA_MONITOR_BATCH,FAILED,2024-09-18 18:49:00,2024-09-18 18:56:00,7,15,False,RC=8,2024-09-18
CASH_FLOW_EXTRACT,SUCCESS,2024-11-10 14:09:00,2024-11-10 14:27:00,18,20,False,,2024-11-10
PERF_ATTR_JOB,SUCCESS,2024-11-08 19:39:00,2024-11-08 20:01:00,22,45,False,,2024-11-08
FX_RATE_LOAD,FAILED,2024-02-19 20:10:00,2024-02-19 20:15:00,5,10,False,RC=12,2024-02-19
CASH_FLOW_EXTRACT,FAILED,2024-01-11 01:14:00,2024-01-11 01:21:00,7,20,False,ABEND S222,2024-01-11
POSITION_SYNC,SUCCESS,2024-12-18 23:10:00,2024-12-18 23:26:00,16,20,False,,2024-12-18
PORTF_RPT_DAILY,SUCCESS,2024-06-27 06:47:00,2024-06-27 06:57:00,10,30,False,,2024-06-27
DIVIDEND_PROC,SUCCESS,2024-10-05 12:12:00,2024-10-05 12:20:00,8,30,False,,2024-10-05
PORTF_RPT_DAILY,SUCCESS,2024-01-24 10:51:00,2024-01-24 11:01:00,10,30,False,,2024-01-24
SLA_MONITOR_BATCH,SUCCESS,2024-09-28 07:35:00,2024-09-28 07:40:00,5,15,False,,2024-09-28
EOD_CLOSE_PROC,SUCCESS,2024-12-18 05:59:00,2024-12-18 06:57:00,58,70,False,,2024-12-18
COMPLIANCE_RPT,ABENDED,2024-03-28 21:49:00,2024-03-28 22:08:00,19,55,False,JCL ERROR,2024-03-28
PORTF_RPT_DAILY,SUCCESS,2024-07-22 17:44:00,2024-07-22 18:02:00,18,30,False,,2024-07-22
INVEST_RECON_JOB,ABENDED,2024-08-11 07:54:00,2024-08-11 08:02:00,8,45,False,RC=12,2024-08-11
COMPLIANCE_RPT,SUCCESS,2024-04-15 16:39:00,2024-04-15 17:08:00,29,55,False,,2024-04-15
NAV_CALC_BATCH,FAILED,2024-04-14 06:52:00,2024-04-14 07:08:00,16,50,False,ABEND S222,2024-04-14
EOD_CLOSE_PROC,FAILED,2024-09-15 10:40:00,2024-09-15 10:48:00,8,70,False,JCL ERROR,2024-09-15
EOD_CLOSE_PROC,ABENDED,2024-07-25 05:25:00,2024-07-25 05:55:00,30,70,False,RC=8,2024-07-25
CLIENT_STMT_GEN,SUCCESS,2024-06-05 03:00:00,2024-06-05 03:09:00,9,60,False,,2024-06-05
CLIENT_STMT_GEN,SUCCESS,2024-09-15 05:12:00,2024-09-15 05:31:00,19,60,False,,2024-09-15
TRADE_SETTLE_CHK,SUCCESS,2024-02-20 21:34:00,2024-02-20 22:06:00,32,35,False,,2024-02-20
DIVIDEND_PROC,FAILED,2024-04-24 11:57:00,2024-04-24 12:00:00,3,30,False,ABEND S222,2024-04-24
TRADE_SETTLE_CHK,SUCCESS,2024-02-02 16:30:00,2024-02-02 16:45:00,15,35,False,,2024-02-02
TRADE_SETTLE_CHK,LATE,2024-12-24 00:25:00,2024-12-24 01:35:00,70,35,True,,2024-12-24
RISK_CALC_JOB,SUCCESS,2024-11-29 01:27:00,2024-11-29 01:55:00,28,40,False,,2024-11-29
COMPLIANCE_RPT,SUCCESS,2024-01-04 20:57:00,2024-01-04 21:36:00,39,55,False,,2024-01-04
DIVIDEND_PROC,SUCCESS,2024-11-30 08:15:00,2024-11-30 08:44:00,29,30,False,,2024-11-30
CASH_FLOW_EXTRACT,SUCCESS,2024-08-27 19:28:00,2024-08-27 19:39:00,11,20,False,,2024-08-27
CASH_FLOW_EXTRACT,SUCCESS,2024-09-14 22:07:00,2024-09-14 22:17:00,10,20,False,,2024-09-14
FX_RATE_LOAD,SUCCESS,2024-09-30 20:15:00,2024-09-30 20:24:00,9,10,False,,2024-09-30
TRADE_SETTLE_CHK,SUCCESS,2024-12-04 15:11:00,2024-12-04 15:39:00,28,35,False,,2024-12-04
NAV_CALC_BATCH,SUCCESS,2024-03-18 22:25:00,2024-03-18 22:54:00,29,50,False,,2024-03-18
TRANS_LOG_PARSER,FAILED,2024-07-23 17:24:00,2024-07-23 17:27:00,3,25,False,JCL ERROR,2024-07-23
COMPLIANCE_RPT,SUCCESS,2024-02-18 04:20:00,2024-02-18 04:53:00,33,55,False,,2024-02-18
CLIENT_STMT_GEN,SUCCESS,2024-09-16 18:36:00,2024-09-16 18:51:00,15,60,False,,2024-09-16
TRANS_LOG_PARSER,SUCCESS,2024-11-04 08:42:00,2024-11-04 09:00:00,18,25,False,,2024-11-04
NAV_CALC_BATCH,SUCCESS,2024-08-15 23:19:00,2024-08-15 23:32:00,13,50,False,,2024-08-15
FX_RATE_LOAD,ABENDED,2024-01-12 14:17:00,2024-01-12 14:21:00,4,10,False,RC=12,2024-01-12
PERF_ATTR_JOB,SUCCESS,2024-08-04 18:19:00,2024-08-04 18:28:00,9,45,False,,2024-08-04
PERF_ATTR_JOB,SUCCESS,2024-11-12 12:31:00,2024-11-12 12:37:00,6,45,False,,2024-11-12
DIVIDEND_PROC,SUCCESS,2024-10-31 14:19:00,2024-10-31 14:45:00,26,30,False,,2024-10-31
NAV_CALC_BATCH,SUCCESS,2024-10-13 11:43:00,2024-10-13 12:27:00,44,50,False,,2024-10-13
COMPLIANCE_RPT,SUCCESS,2024-07-26 08:04:00,2024-07-26 08:41:00,37,55,False,,2024-07-26
CLIENT_STMT_GEN,ABENDED,2024-09-15 09:07:00,2024-09-15 09:21:00,14,60,False,ABEND S222,2024-09-15
CLIENT_STMT_GEN,SUCCESS,2024-08-22 16:40:00,2024-08-22 17:06:00,26,60,False,,2024-08-22
CLIENT_STMT_GEN,SUCCESS,2024-10-24 17:51:00,2024-10-24 18:30:00,39,60,False,,2024-10-24
CASH_FLOW_EXTRACT,LATE,2024-05-29 18:34:00,2024-05-29 19:00:00,26,20,True,,2024-05-29
SLA_MONITOR_BATCH,SUCCESS,2024-01-06 19:10:00,2024-01-06 19:23:00,13,15,False,,2024-01-06
PERF_ATTR_JOB,SUCCESS,2024-01-06 10:10:00,2024-01-06 10:22:00,12,45,False,,2024-01-06
COMPLIANCE_RPT,RUNNING,2024-01-17 05:25:00,2024-01-17 05:38:00,13,55,False,,2024-01-17
RISK_CALC_JOB,SUCCESS,2024-07-23 09:35:00,2024-07-23 09:43:00,8,40,False,,2024-07-23
PORTF_RPT_DAILY,ABENDED,2024-04-01 08:34:00,2024-04-01 08:48:00,14,30,False,ABEND S0C7,2024-04-01
TRANS_LOG_PARSER,SUCCESS,2024-04-23 00:35:00,2024-04-23 00:57:00,22,25,False,,2024-04-23
FX_RATE_LOAD,SUCCESS,2024-12-06 01:21:00,2024-12-06 01:29:00,8,10,False,,2024-12-06
SLA_MONITOR_BATCH,FAILED,2024-10-03 17:15:00,2024-10-03 17:20:00,5,15,False,JCL ERROR,2024-10-03
TRADE_SETTLE_CHK,SUCCESS,2024-02-24 17:22:00,2024-02-24 17:40:00,18,35,False,,2024-02-24
COMPLIANCE_RPT,SUCCESS,2024-03-17 14:50:00,2024-03-17 15:18:00,28,55,False,,2024-03-17
EOD_CLOSE_PROC,SUCCESS,2024-01-01 06:02:00,2024-01-01 06:51:00,49,70,False,,2024-01-01
TRADE_SETTLE_CHK,SUCCESS,2024-12-13 12:06:00,2024-12-13 12:29:00,23,35,False,,2024-12-13
EOD_CLOSE_PROC,ABENDED,2024-11-01 11:41:00,2024-11-01 11:55:00,14,70,False,RC=8,2024-11-01
EOD_CLOSE_PROC,LATE,2024-07-02 12:18:00,2024-07-02 13:39:00,81,70,True,,2024-07-02
DIVIDEND_PROC,SUCCESS,2024-10-16 06:52:00,2024-10-16 07:11:00,19,30,False,,2024-10-16
DIVIDEND_PROC,FAILED,2024-05-30 13:28:00,2024-05-30 13:38:00,10,30,False,RC=8,2024-05-30
DIVIDEND_PROC,FAILED,2024-01-10 20:07:00,2024-01-10 20:16:00,9,30,False,ABEND S222,2024-01-10
INVEST_RECON_JOB,SUCCESS,2024-11-25 01:01:00,2024-11-25 01:13:00,12,45,False,,2024-11-25
NAV_CALC_BATCH,FAILED,2024-08-06 11:56:00,2024-08-06 12:19:00,23,50,False,RC=8,2024-08-06
PORTF_RPT_DAILY,SUCCESS,2024-05-31 09:16:00,2024-05-31 09:25:00,9,30,False,,2024-05-31
FX_RATE_LOAD,SUCCESS,2024-01-23 12:30:00,2024-01-23 12:37:00,7,10,False,,2024-01-23
NAV_CALC_BATCH,SUCCESS,2024-08-04 17:57:00,2024-08-04 18:27:00,30,50,False,,2024-08-04
COMPLIANCE_RPT,RUNNING,2024-03-25 09:02:00,2024-03-25 09:31:00,29,55,False,,2024-03-25
INVEST_RECON_JOB,FAILED,2024-03-05 03:20:00,2024-03-05 03:32:00,12,45,False,JCL ERROR,2024-03-05
FX_RATE_LOAD,SUCCESS,2024-09-01 04:20:00,2024-09-01 04:28:00,8,10,False,,2024-09-01
PERF_ATTR_JOB,SUCCESS,2024-04-02 03:38:00,2024-04-02 03:43:00,5,45,False,,2024-04-02
TRANS_LOG_PARSER,SUCCESS,2024-11-21 20:42:00,2024-11-21 20:56:00,14,25,False,,2024-11-21
RISK_CALC_JOB,FAILED,2024-05-12 15:19:00,2024-05-12 15:35:00,16,40,False,ABEND S222,2024-05-12
SLA_MONITOR_BATCH,SUCCESS,2024-12-16 10:23:00,2024-12-16 10:37:00,14,15,False,,2024-12-16
CLIENT_STMT_GEN,SUCCESS,2024-06-16 05:06:00,2024-06-16 06:05:00,59,60,False,,2024-06-16
COMPLIANCE_RPT,ABENDED,2024-09-30 07:20:00,2024-09-30 07:21:00,1,55,False,ABEND S222,2024-09-30
COMPLIANCE_RPT,SUCCESS,2024-03-11 09:21:00,2024-03-11 10:12:00,51,55,False,,2024-03-11
TRANS_LOG_PARSER,SUCCESS,2024-03-26 22:53:00,2024-03-26 23:17:00,24,25,False,,2024-03-26
PORTF_RPT_DAILY,SUCCESS,2024-05-07 12:08:00,2024-05-07 12:34:00,26,30,False,,2024-05-07
INVEST_RECON_JOB,LATE,2024-02-04 22:49:00,2024-02-05 00:09:00,80,45,True,,2024-02-04
CLIENT_STMT_GEN,RUNNING,2024-11-23 04:40:00,2024-11-23 05:14:00,34,60,False,,2024-11-23
RISK_CALC_JOB,SUCCESS,2024-05-18 17:41:00,2024-05-18 18:20:00,39,40,False,,2024-05-18
TRADE_SETTLE_CHK,SUCCESS,2024-06-26 17:20:00,2024-06-26 17:47:00,27,35,False,,2024-06-26
NAV_CALC_BATCH,SUCCESS,2024-06-15 05:11:00,2024-06-15 05:53:00,42,50,False,,2024-06-15
NAV_CALC_BATCH,SUCCESS,2024-12-14 11:08:00,2024-12-14 11:33:00,25,50,False,,2024-12-14
CASH_FLOW_EXTRACT,SUCCESS,2024-09-14 10:31:00,2024-09-14 10:41:00,10,20,False,,2024-09-14
FX_RATE_LOAD,SUCCESS,2024-02-04 01:21:00,2024-02-04 01:26:00,5,10,False,,2024-02-04
DIVIDEND_PROC,ABENDED,2024-01-25 11:19:00,2024-01-25 11:29:00,10,30,False,RC=8,2024-01-25
SLA_MONITOR_BATCH,SUCCESS,2024-06-06 08:30:00,2024-06-06 08:38:00,8,15,False,,2024-06-06
PERF_ATTR_JOB,SUCCESS,2024-04-19 11:49:00,2024-04-19 12:03:00,14,45,False,,2024-04-19
SLA_MONITOR_BATCH,SUCCESS,2024-09-27 23:47:00,2024-09-27 23:56:00,9,15,False,,2024-09-27
CASH_FLOW_EXTRACT,ABENDED,2024-08-24 03:22:00,2024-08-24 03:32:00,10,20,False,ABEND S0C7,2024-08-24
TRADE_SETTLE_CHK,ABENDED,2024-10-19 14:12:00,2024-10-19 14:21:00,9,35,False,ABEND S0C7,2024-10-19
COMPLIANCE_RPT,RUNNING,2024-04-14 01:21:00,2024-04-14 01:40:00,19,55,False,,2024-04-14
RISK_CALC_JOB,SUCCESS,2024-01-16 07:12:00,2024-01-16 07:24:00,12,40,False,,2024-01-16
DIVIDEND_PROC,SUCCESS,2024-02-12 02:44:00,2024-02-12 02:55:00,11,30,False,,2024-02-12
CLIENT_STMT_GEN,ABENDED,2024-09-23 19:11:00,2024-09-23 19:25:00,14,60,False,RC=8,2024-09-23
DIVIDEND_PROC,SUCCESS,2024-09-30 05:51:00,2024-09-30 06:13:00,22,30,False,,2024-09-30
CASH_FLOW_EXTRACT,SUCCESS,2024-03-30 15:34:00,2024-03-30 15:46:00,12,20,False,,2024-03-30
CLIENT_STMT_GEN,SUCCESS,2024-10-11 13:11:00,2024-10-11 13:36:00,25,60,False,,2024-10-11
NAV_CALC_BATCH,SUCCESS,2024-04-02 03:28:00,2024-04-02 04:17:00,49,50,False,,2024-04-02
SLA_MONITOR_BATCH,SUCCESS,2024-12-04 06:59:00,2024-12-04 07:09:00,10,15,False,,2024-12-04
TRADE_SETTLE_CHK,SUCCESS,2024-09-19 01:06:00,2024-09-19 01:27:00,21,35,False,,2024-09-19
FX_RATE_LOAD,ABENDED,2024-07-01 13:43:00,2024-07-01 13:47:00,4,10,False,RC=12,2024-07-01
SLA_MONITOR_BATCH,SUCCESS,2024-07-14 15:05:00,2024-07-14 15:17:00,12,15,False,,2024-07-14
RISK_CALC_JOB,FAILED,2024-03-24 18:51:00,2024-03-24 19:04:00,13,40,False,JCL ERROR,2024-03-24
EOD_CLOSE_PROC,SUCCESS,2024-06-07 07:13:00,2024-06-07 08:08:00,55,70,False,,2024-06-07
INVEST_RECON_JOB,SUCCESS,2024-10-21 08:56:00,2024-10-21 09:25:00,29,45,False,,2024-10-21
NAV_CALC_BATCH,FAILED,2024-05-14 10:03:00,2024-05-14 10:23:00,20,50,False,JCL ERROR,2024-05-14
FX_RATE_LOAD,SUCCESS,2024-01-15 22:02:00,2024-01-15 22:07:00,5,10,False,,2024-01-15
PORTF_RPT_DAILY,SUCCESS,2024-10-10 10:30:00,2024-10-10 10:42:00,12,30,False,,2024-10-10
FX_RATE_LOAD,SUCCESS,2024-04-29 21:45:00,2024-04-29 21:52:00,7,10,False,,2024-04-29
INVEST_RECON_JOB,SUCCESS,2024-02-13 17:38:00,2024-02-13 18:09:00,31,45,False,,2024-02-13
NAV_CALC_BATCH,SUCCESS,2024-05-27 05:41:00,2024-05-27 06:04:00,23,50,False,,2024-05-27
POSITION_SYNC,SUCCESS,2024-09-20 16:19:00,2024-09-20 16:33:00,14,20,False,,2024-09-20
PERF_ATTR_JOB,LATE,2024-12-09 19:46:00,2024-12-09 21:05:00,79,45,True,,2024-12-09
FX_RATE_LOAD,SUCCESS,2024-03-28 17:58:00,2024-03-28 18:05:00,7,10,False,,2024-03-28
COMPLIANCE_RPT,FAILED,2024-09-08 10:40:00,2024-09-08 11:03:00,23,55,False,JCL ERROR,2024-09-08
TRANS_LOG_PARSER,FAILED,2024-03-05 16:47:00,2024-03-05 16:49:00,2,25,False,JCL ERROR,2024-03-05
PORTF_RPT_DAILY,SUCCESS,2024-02-06 14:47:00,2024-02-06 15:10:00,23,30,False,,2024-02-06
RISK_CALC_JOB,FAILED,2024-11-07 21:57:00,2024-11-07 22:00:00,3,40,False,RC=12,2024-11-07
SLA_MONITOR_BATCH,SUCCESS,2024-04-06 20:38:00,2024-04-06 20:50:00,12,15,False,,2024-04-06
EOD_CLOSE_PROC,SUCCESS,2024-01-08 10:48:00,2024-01-08 11:31:00,43,70,False,,2024-01-08
EOD_CLOSE_PROC,LATE,2024-06-17 03:50:00,2024-06-17 05:22:00,92,70,True,,2024-06-17
PERF_ATTR_JOB,RUNNING,2024-08-05 15:48:00,2024-08-05 16:03:00,15,45,False,,2024-08-05
DIVIDEND_PROC,LATE,2024-09-24 03:05:00,2024-09-24 03:51:00,46,30,True,,2024-09-24
TRADE_SETTLE_CHK,SUCCESS,2024-01-16 06:33:00,2024-01-16 06:54:00,21,35,False,,2024-01-16
TRANS_LOG_PARSER,FAILED,2024-10-01 03:49:00,2024-10-01 03:51:00,2,25,False,JCL ERROR,2024-10-01
CLIENT_STMT_GEN,SUCCESS,2024-09-08 17:05:00,2024-09-08 17:27:00,22,60,False,,2024-09-08
EOD_CLOSE_PROC,SUCCESS,2024-01-06 00:47:00,2024-01-06 01:13:00,26,70,False,,2024-01-06
COMPLIANCE_RPT,SUCCESS,2024-08-27 18:03:00,2024-08-27 18:31:00,28,55,False,,2024-08-27
TRANS_LOG_PARSER,SUCCESS,2024-08-05 13:37:00,2024-08-05 13:48:00,11,25,False,,2024-08-05
CLIENT_STMT_GEN,ABENDED,2024-07-10 02:40:00,2024-07-10 03:07:00,27,60,False,ABEND S0C7,2024-07-10
TRADE_SETTLE_CHK,SUCCESS,2024-01-11 23:29:00,2024-01-11 23:57:00,28,35,False,,2024-01-11
PORTF_RPT_DAILY,FAILED,2024-12-08 10:12:00,2024-12-08 10:15:00,3,30,False,ABEND S222,2024-12-08
PORTF_RPT_DAILY,FAILED,2024-03-03 03:36:00,2024-03-03 03:40:00,4,30,False,JCL ERROR,2024-03-03
CASH_FLOW_EXTRACT,SUCCESS,2024-09-29 04:54:00,2024-09-29 05:08:00,14,20,False,,2024-09-29
RISK_CALC_JOB,SUCCESS,2024-11-26 10:22:00,2024-11-26 10:34:00,12,40,False,,2024-11-26
CLIENT_STMT_GEN,FAILED,2024-01-22 18:03:00,2024-01-22 18:26:00,23,60,False,JCL ERROR,2024-01-22
TRANS_LOG_PARSER,ABENDED,2024-02-21 16:45:00,2024-02-21 16:47:00,2,25,False,RC=8,2024-02-21
SLA_MONITOR_BATCH,SUCCESS,2024-03-10 09:13:00,2024-03-10 09:25:00,12,15,False,,2024-03-10
CLIENT_STMT_GEN,SUCCESS,2024-06-24 22:50:00,2024-06-24 23:45:00,55,60,False,,2024-06-24
DIVIDEND_PROC,SUCCESS,2024-07-13 12:08:00,2024-07-13 12:27:00,19,30,False,,2024-07-13
CASH_FLOW_EXTRACT,SUCCESS,2024-06-27 16:46:00,2024-06-27 17:00:00,14,20,False,,2024-06-27
POSITION_SYNC,SUCCESS,2024-04-17 11:15:00,2024-04-17 11:32:00,17,20,False,,2024-04-17
FX_RATE_LOAD,SUCCESS,2024-01-04 20:21:00,2024-01-04 20:30:00,9,10,False,,2024-01-04
TRANS_LOG_PARSER,LATE,2024-08-08 02:23:00,2024-08-08 03:33:00,70,25,True,,2024-08-08
SLA_MONITOR_BATCH,SUCCESS,2024-05-06 02:41:00,2024-05-06 02:51:00,10,15,False,,2024-05-06
COMPLIANCE_RPT,SUCCESS,2024-07-11 07:37:00,2024-07-11 08:13:00,36,55,False,,2024-07-11
FX_RATE_LOAD,SUCCESS,2024-06-26 03:06:00,2024-06-26 03:14:00,8,10,False,,2024-06-26
SLA_MONITOR_BATCH,SUCCESS,2024-12-13 19:02:00,2024-12-13 19:09:00,7,15,False,,2024-12-13
COMPLIANCE_RPT,SUCCESS,2024-05-02 15:31:00,2024-05-02 15:47:00,16,55,False,,2024-05-02
RISK_CALC_JOB,SUCCESS,2024-03-22 17:38:00,2024-03-22 18:09:00,31,40,False,,2024-03-22
PERF_ATTR_JOB,FAILED,2024-07-28 00:21:00,2024-07-28 00:29:00,8,45,False,ABEND S0C7,2024-07-28
INVEST_RECON_JOB,SUCCESS,2024-07-12 08:16:00,2024-07-12 08:25:00,9,45,False,,2024-07-12
COMPLIANCE_RPT,FAILED,2024-07-30 02:02:00,2024-07-30 02:06:00,4,55,False,JCL ERROR,2024-07-30
TRADE_SETTLE_CHK,SUCCESS,2024-06-14 20:57:00,2024-06-14 21:08:00,11,35,False,,2024-06-14
TRANS_LOG_PARSER,SUCCESS,2024-11-21 09:26:00,2024-11-21 09:39:00,13,25,False,,2024-11-21
PORTF_RPT_DAILY,LATE,2024-03-04 01:12:00,2024-03-04 02:29:00,77,30,True,,2024-03-04
DIVIDEND_PROC,SUCCESS,2024-03-10 15:13:00,2024-03-10 15:18:00,5,30,False,,2024-03-10
SLA_MONITOR_BATCH,SUCCESS,2024-08-02 06:27:00,2024-08-02 06:34:00,7,15,False,,2024-08-02
EOD_CLOSE_PROC,ABENDED,2024-02-22 08:40:00,2024-02-22 08:57:00,17,70,False,ABEND S0C7,2024-02-22
RISK_CALC_JOB,SUCCESS,2024-10-23 07:37:00,2024-10-23 08:02:00,25,40,False,,2024-10-23
PERF_ATTR_JOB,SUCCESS,2024-01-12 18:26:00,2024-01-12 19:07:00,41,45,False,,2024-01-12
PERF_ATTR_JOB,SUCCESS,2024-09-10 12:16:00,2024-09-10 12:59:00,43,45,False,,2024-09-10
NAV_CALC_BATCH,LATE,2024-01-02 18:11:00,2024-01-02 19:17:00,66,50,True,,2024-01-02
DIVIDEND_PROC,SUCCESS,2024-05-22 19:32:00,2024-05-22 19:51:00,19,30,False,,2024-05-22
PERF_ATTR_JOB,SUCCESS,2024-06-12 11:07:00,2024-06-12 11:27:00,20,45,False,,2024-06-12
COMPLIANCE_RPT,ABENDED,2024-06-17 17:47:00,2024-06-17 18:02:00,15,55,False,RC=12,2024-06-17
COMPLIANCE_RPT,SUCCESS,2024-08-20 08:56:00,2024-08-20 09:13:00,17,55,False,,2024-08-20
PORTF_RPT_DAILY,SUCCESS,2024-08-05 17:35:00,2024-08-05 17:43:00,8,30,False,,2024-08-05
PERF_ATTR_JOB,SUCCESS,2024-07-15 08:49:00,2024-07-15 08:56:00,7,45,False,,2024-07-15
CLIENT_STMT_GEN,SUCCESS,2024-04-16 18:32:00,2024-04-16 19:25:00,53,60,False,,2024-04-16
DIVIDEND_PROC,RUNNING,2024-09-16 15:13:00,2024-09-16 15:35:00,22,30,False,,2024-09-16
RISK_CALC_JOB,SUCCESS,2024-07-02 16:14:00,2024-07-02 16:33:00,19,40,False,,2024-07-02
CLIENT_STMT_GEN,SUCCESS,2024-08-31 14:00:00,2024-08-31 14:58:00,58,60,False,,2024-08-31
SLA_MONITOR_BATCH,SUCCESS,2024-01-05 19:00:00,2024-01-05 19:14:00,14,15,False,,2024-01-05
EOD_CLOSE_PROC,SUCCESS,2024-06-27 06:32:00,2024-06-27 07:30:00,58,70,False,,2024-06-27
PORTF_RPT_DAILY,SUCCESS,2024-03-06 12:08:00,2024-03-06 12:24:00,16,30,False,,2024-03-06
SLA_MONITOR_BATCH,FAILED,2024-01-21 08:04:00,2024-01-21 08:10:00,6,15,False,RC=12,2024-01-21
COMPLIANCE_RPT,ABENDED,2024-02-13 19:02:00,2024-02-13 19:26:00,24,55,False,ABEND S0C7,2024-02-13
RISK_CALC_JOB,SUCCESS,2024-01-04 08:48:00,2024-01-04 09:10:00,22,40,False,,2024-01-04
CASH_FLOW_EXTRACT,SUCCESS,2024-12-28 22:31:00,2024-12-28 22:47:00,16,20,False,,2024-12-28
FX_RATE_LOAD,ABENDED,2024-05-19 03:36:00,2024-05-19 03:38:00,2,10,False,RC=12,2024-05-19
SLA_MONITOR_BATCH,SUCCESS,2024-05-02 17:41:00,2024-05-02 17:47:00,6,15,False,,2024-05-02
PORTF_RPT_DAILY,SUCCESS,2024-11-11 09:06:00,2024-11-11 09:31:00,25,30,False,,2024-11-11
EOD_CLOSE_PROC,SUCCESS,2024-05-21 17:29:00,2024-05-21 17:37:00,8,70,False,,2024-05-21
FX_RATE_LOAD,FAILED,2024-10-12 15:09:00,2024-10-12 15:13:00,4,10,False,ABEND S0C7,2024-10-12
COMPLIANCE_RPT,LATE,2024-07-27 06:11:00,2024-07-27 07:22:00,71,55,True,,2024-07-27
TRANS_LOG_PARSER,SUCCESS,2024-09-10 09:50:00,2024-09-10 09:59:00,9,25,False,,2024-09-10
INVEST_RECON_JOB,SUCCESS,2024-05-15 22:41:00,2024-05-15 22:59:00,18,45,False,,2024-05-15
INVEST_RECON_JOB,SUCCESS,2024-02-25 17:53:00,2024-02-25 18:37:00,44,45,False,,2024-02-25
PORTF_RPT_DAILY,SUCCESS,2024-06-05 12:33:00,2024-06-05 12:51:00,18,30,False,,2024-06-05
CASH_FLOW_EXTRACT,FAILED,2024-04-20 01:30:00,2024-04-20 01:31:00,1,20,False,RC=12,2024-04-20
DIVIDEND_PROC,SUCCESS,2024-12-21 20:10:00,2024-12-21 20:16:00,6,30,False,,2024-12-21
EOD_CLOSE_PROC,RUNNING,2024-01-18 01:38:00,2024-01-18 02:25:00,47,70,False,,2024-01-18
PERF_ATTR_JOB,FAILED,2024-07-19 13:46:00,2024-07-19 13:51:00,5,45,False,RC=8,2024-07-19
FX_RATE_LOAD,SUCCESS,2024-07-28 17:37:00,2024-07-28 17:42:00,5,10,False,,2024-07-28
PORTF_RPT_DAILY,SUCCESS,2024-08-31 19:20:00,2024-08-31 19:25:00,5,30,False,,2024-08-31
PORTF_RPT_DAILY,SUCCESS,2024-05-04 04:21:00,2024-05-04 04:44:00,23,30,False,,2024-05-04
PORTF_RPT_DAILY,SUCCESS,2024-08-24 06:39:00,2024-08-24 06:58:00,19,30,False,,2024-08-24
CASH_FLOW_EXTRACT,SUCCESS,2024-01-18 20:28:00,2024-01-18 20:35:00,7,20,False,,2024-01-18
INVEST_RECON_JOB,SUCCESS,2024-04-14 17:52:00,2024-04-14 18:21:00,29,45,False,,2024-04-14
FX_RATE_LOAD,SUCCESS,2024-09-17 15:56:00,2024-09-17 16:01:00,5,10,False,,2024-09-17
NAV_CALC_BATCH,SUCCESS,2024-03-13 05:07:00,2024-03-13 05:13:00,6,50,False,,2024-03-13
PERF_ATTR_JOB,ABENDED,2024-06-10 22:49:00,2024-06-10 22:58:00,9,45,False,ABEND S222,2024-06-10
PERF_ATTR_JOB,SUCCESS,2024-09-10 03:36:00,2024-09-10 03:51:00,15,45,False,,2024-09-10
DIVIDEND_PROC,ABENDED,2024-02-05 15:53:00,2024-02-05 15:54:00,1,30,False,ABEND S222,2024-02-05
SLA_MONITOR_BATCH,SUCCESS,2024-07-27 01:09:00,2024-07-27 01:17:00,8,15,False,,2024-07-27
PERF_ATTR_JOB,SUCCESS,2024-03-08 05:23:00,2024-03-08 05:37:00,14,45,False,,2024-03-08
CASH_FLOW_EXTRACT,SUCCESS,2024-01-08 04:21:00,2024-01-08 04:28:00,7,20,False,,2024-01-08
CLIENT_STMT_GEN,RUNNING,2024-05-18 02:09:00,2024-05-18 03:00:00,51,60,False,,2024-05-18
EOD_CLOSE_PROC,LATE,2024-01-09 18:17:00,2024-01-09 19:51:00,94,70,True,,2024-01-09
TRADE_SETTLE_CHK,ABENDED,2024-08-30 05:24:00,2024-08-30 05:25:00,1,35,False,RC=12,2024-08-30
NAV_CALC_BATCH,SUCCESS,2024-11-24 20:22:00,2024-11-24 20:47:00,25,50,False,,2024-11-24
CASH_FLOW_EXTRACT,SUCCESS,2024-03-07 15:26:00,2024-03-07 15:32:00,6,20,False,,2024-03-07
NAV_CALC_BATCH,SUCCESS,2024-06-02 23:35:00,2024-06-02 23:41:00,6,50,False,,2024-06-02
NAV_CALC_BATCH,SUCCESS,2024-06-25 22:22:00,2024-06-25 23:04:00,42,50,False,,2024-06-25
DIVIDEND_PROC,SUCCESS,2024-07-14 01:08:00,2024-07-14 01:16:00,8,30,False,,2024-07-14
CASH_FLOW_EXTRACT,SUCCESS,2024-02-26 10:59:00,2024-02-26 11:12:00,13,20,False,,2024-02-26
FX_RATE_LOAD,RUNNING,2024-02-16 05:51:00,2024-02-16 05:59:00,8,10,False,,2024-02-16
DIVIDEND_PROC,RUNNING,2024-12-25 09:46:00,2024-12-25 10:10:00,24,30,False,,2024-12-25
PERF_ATTR_JOB,SUCCESS,2024-07-30 08:30:00,2024-07-30 09:10:00,40,45,False,,2024-07-30
POSITION_SYNC,FAILED,2024-09-20 21:26:00,2024-09-20 21:29:00,3,20,False,RC=12,2024-09-20
RISK_CALC_JOB,SUCCESS,2024-01-31 00:32:00,2024-01-31 01:10:00,38,40,False,,2024-01-31
SLA_MONITOR_BATCH,SUCCESS,2024-05-12 00:32:00,2024-05-12 00:40:00,8,15,False,,2024-05-12
RISK_CALC_JOB,ABENDED,2024-10-12 02:36:00,2024-10-12 02:40:00,4,40,False,JCL ERROR,2024-10-12
PORTF_RPT_DAILY,SUCCESS,2024-11-13 18:08:00,2024-11-13 18:15:00,7,30,False,,2024-11-13
POSITION_SYNC,SUCCESS,2024-01-26 12:36:00,2024-01-26 12:52:00,16,20,False,,2024-01-26
TRADE_SETTLE_CHK,FAILED,2024-04-13 12:38:00,2024-04-13 12:43:00,5,35,False,RC=12,2024-04-13
PERF_ATTR_JOB,SUCCESS,2024-04-27 08:34:00,2024-04-27 08:56:00,22,45,False,,2024-04-27
DIVIDEND_PROC,SUCCESS,2024-08-17 01:32:00,2024-08-17 01:42:00,10,30,False,,2024-08-17
CASH_FLOW_EXTRACT,SUCCESS,2024-09-27 13:20:00,2024-09-27 13:29:00,9,20,False,,2024-09-27
POSITION_SYNC,SUCCESS,2024-01-05 05:04:00,2024-01-05 05:11:00,7,20,False,,2024-01-05
CLIENT_STMT_GEN,FAILED,2024-09-08 21:47:00,2024-09-08 21:52:00,5,60,False,RC=8,2024-09-08
TRANS_LOG_PARSER,RUNNING,2024-01-01 06:48:00,2024-01-01 06:59:00,11,25,False,,2024-01-01
PORTF_RPT_DAILY,SUCCESS,2024-01-10 17:33:00,2024-01-10 17:50:00,17,30,False,,2024-01-10
CLIENT_STMT_GEN,FAILED,2024-07-25 14:15:00,2024-07-25 14:34:00,19,60,False,RC=8,2024-07-25
FX_RATE_LOAD,SUCCESS,2024-09-21 16:36:00,2024-09-21 16:45:00,9,10,False,,2024-09-21
CASH_FLOW_EXTRACT,SUCCESS,2024-03-01 12:51:00,2024-03-01 12:56:00,5,20,False,,2024-03-01
PORTF_RPT_DAILY,SUCCESS,2024-02-17 12:36:00,2024-02-17 13:05:00,29,30,False,,2024-02-17
TRADE_SETTLE_CHK,SUCCESS,2024-04-30 04:43:00,2024-04-30 05:03:00,20,35,False,,2024-04-30
CLIENT_STMT_GEN,LATE,2024-10-24 21:34:00,2024-10-24 23:28:00,114,60,True,,2024-10-24
FX_RATE_LOAD,FAILED,2024-11-12 01:24:00,2024-11-12 01:25:00,1,10,False,JCL ERROR,2024-11-12
PERF_ATTR_JOB,FAILED,2024-06-02 17:53:00,2024-06-02 17:56:00,3,45,False,JCL ERROR,2024-06-02
POSITION_SYNC,SUCCESS,2024-05-12 12:15:00,2024-05-12 12:20:00,5,20,False,,2024-05-12
PORTF_RPT_DAILY,SUCCESS,2024-11-01 18:32:00,2024-11-01 18:45:00,13,30,False,,2024-11-01
NAV_CALC_BATCH,SUCCESS,2024-08-10 03:56:00,2024-08-10 04:07:00,11,50,False,,2024-08-10
TRADE_SETTLE_CHK,ABENDED,2024-08-16 02:59:00,2024-08-16 03:03:00,4,35,False,JCL ERROR,2024-08-16
EOD_CLOSE_PROC,SUCCESS,2024-02-17 21:38:00,2024-02-17 22:30:00,52,70,False,,2024-02-17
TRADE_SETTLE_CHK,SUCCESS,2024-09-13 04:48:00,2024-09-13 05:11:00,23,35,False,,2024-09-13
PERF_ATTR_JOB,SUCCESS,2024-01-10 06:40:00,2024-01-10 07:01:00,21,45,False,,2024-01-10
PERF_ATTR_JOB,ABENDED,2024-01-07 02:23:00,2024-01-07 02:30:00,7,45,False,ABEND S0C7,2024-01-07
PERF_ATTR_JOB,SUCCESS,2024-07-30 13:01:00,2024-07-30 13:34:00,33,45,False,,2024-07-30
TRANS_LOG_PARSER,SUCCESS,2024-10-21 19:38:00,2024-10-21 19:51:00,13,25,False,,2024-10-21
SLA_MONITOR_BATCH,SUCCESS,2024-12-26 08:55:00,2024-12-26 09:06:00,11,15,False,,2024-12-26
POSITION_SYNC,SUCCESS,2024-01-28 03:03:00,2024-01-28 03:16:00,13,20,False,,2024-01-28
INVEST_RECON_JOB,SUCCESS,2024-11-25 23:01:00,2024-11-25 23:14:00,13,45,False,,2024-11-25
TRADE_SETTLE_CHK,FAILED,2024-02-16 22:32:00,2024-02-16 22:37:00,5,35,False,RC=12,2024-02-16
NAV_CALC_BATCH,SUCCESS,2024-08-16 19:59:00,2024-08-16 20:22:00,23,50,False,,2024-08-16
PORTF_RPT_DAILY,SUCCESS,2024-07-19 04:02:00,2024-07-19 04:23:00,21,30,False,,2024-07-19
TRANS_LOG_PARSER,SUCCESS,2024-02-05 15:16:00,2024-02-05 15:31:00,15,25,False,,2024-02-05
EOD_CLOSE_PROC,SUCCESS,2024-04-26 11:40:00,2024-04-26 12:09:00,29,70,False,,2024-04-26
POSITION_SYNC,SUCCESS,2024-04-23 11:29:00,2024-04-23 11:34:00,5,20,False,,2024-04-23
PORTF_RPT_DAILY,SUCCESS,2024-03-22 19:06:00,2024-03-22 19:35:00,29,30,False,,2024-03-22
DIVIDEND_PROC,LATE,2024-10-09 22:21:00,2024-10-09 23:02:00,41,30,True,,2024-10-09
DIVIDEND_PROC,SUCCESS,2024-08-02 02:40:00,2024-08-02 02:50:00,10,30,False,,2024-08-02
PERF_ATTR_JOB,SUCCESS,2024-06-16 11:36:00,2024-06-16 11:42:00,6,45,False,,2024-06-16
SLA_MONITOR_BATCH,FAILED,2024-07-22 03:56:00,2024-07-22 03:57:00,1,15,False,RC=8,2024-07-22
RISK_CALC_JOB,SUCCESS,2024-04-22 01:16:00,2024-04-22 01:48:00,32,40,False,,2024-04-22
POSITION_SYNC,SUCCESS,2024-02-13 04:35:00,2024-02-13 04:43:00,8,20,False,,2024-02-13
DIVIDEND_PROC,SUCCESS,2024-02-14 00:05:00,2024-02-14 00:33:00,28,30,False,,2024-02-14
EOD_CLOSE_PROC,FAILED,2024-03-30 06:57:00,2024-03-30 07:06:00,9,70,False,JCL ERROR,2024-03-30
TRADE_SETTLE_CHK,LATE,2024-11-17 13:04:00,2024-11-17 14:06:00,62,35,True,,2024-11-17
CASH_FLOW_EXTRACT,SUCCESS,2024-12-01 08:34:00,2024-12-01 08:50:00,16,20,False,,2024-12-01
TRANS_LOG_PARSER,SUCCESS,2024-08-07 13:48:00,2024-08-07 14:03:00,15,25,False,,2024-08-07
CLIENT_STMT_GEN,LATE,2024-05-12 09:24:00,2024-05-12 11:15:00,111,60,True,,2024-05-12
PORTF_RPT_DAILY,LATE,2024-06-05 20:11:00,2024-06-05 20:55:00,44,30,True,,2024-06-05
RISK_CALC_JOB,SUCCESS,2024-04-22 20:19:00,2024-04-22 20:48:00,29,40,False,,2024-04-22
COMPLIANCE_RPT,LATE,2024-02-24 19:05:00,2024-02-24 20:26:00,81,55,True,,2024-02-24
CLIENT_STMT_GEN,SUCCESS,2024-09-12 23:47:00,2024-09-13 00:43:00,56,60,False,,2024-09-12
NAV_CALC_BATCH,LATE,2024-06-07 15:54:00,2024-06-07 16:58:00,64,50,True,,2024-06-07
SLA_MONITOR_BATCH,SUCCESS,2024-10-12 13:05:00,2024-10-12 13:17:00,12,15,False,,2024-10-12
POSITION_SYNC,SUCCESS,2024-03-24 10:48:00,2024-03-24 10:54:00,6,20,False,,2024-03-24
TRADE_SETTLE_CHK,FAILED,2024-08-22 21:11:00,2024-08-22 21:24:00,13,35,False,ABEND S222,2024-08-22
PORTF_RPT_DAILY,SUCCESS,2024-08-02 22:51:00,2024-08-02 23:08:00,17,30,False,,2024-08-02
EOD_CLOSE_PROC,SUCCESS,2024-12-23 12:09:00,2024-12-23 12:30:00,21,70,False,,2024-12-23
SLA_MONITOR_BATCH,LATE,2024-11-14 14:56:00,2024-11-14 15:42:00,46,15,True,,2024-11-14
COMPLIANCE_RPT,SUCCESS,2024-09-18 08:50:00,2024-09-18 09:34:00,44,55,False,,2024-09-18
SLA_MONITOR_BATCH,SUCCESS,2024-02-11 21:10:00,2024-02-11 21:24:00,14,15,False,,2024-02-11
PORTF_RPT_DAILY,SUCCESS,2024-07-04 00:02:00,2024-07-04 00:20:00,18,30,False,,2024-07-04
EOD_CLOSE_PROC,SUCCESS,2024-09-18 09:32:00,2024-09-18 10:38:00,66,70,False,,2024-09-18
SLA_MONITOR_BATCH,LATE,2024-03-05 07:20:00,2024-03-05 08:35:00,75,15,True,,2024-03-05
SLA_MONITOR_BATCH,ABENDED,2024-06-06 01:19:00,2024-06-06 01:25:00,6,15,False,ABEND S222,2024-06-06
EOD_CLOSE_PROC,FAILED,2024-07-12 17:09:00,2024-07-12 17:17:00,8,70,False,RC=12,2024-07-12
CASH_FLOW_EXTRACT,SUCCESS,2024-11-22 13:53:00,2024-11-22 14:02:00,9,20,False,,2024-11-22
FX_RATE_LOAD,FAILED,2024-07-01 05:22:00,2024-07-01 05:25:00,3,10,False,JCL ERROR,2024-07-01
PERF_ATTR_JOB,SUCCESS,2024-07-23 21:44:00,2024-07-23 22:06:00,22,45,False,,2024-07-23
PERF_ATTR_JOB,SUCCESS,2024-02-15 03:06:00,2024-02-15 03:50:00,44,45,False,,2024-02-15
RISK_CALC_JOB,FAILED,2024-10-06 17:05:00,2024-10-06 17:22:00,17,40,False,RC=12,2024-10-06
RISK_CALC_JOB,SUCCESS,2024-12-08 13:14:00,2024-12-08 13:38:00,24,40,False,,2024-12-08
CLIENT_STMT_GEN,SUCCESS,2024-10-27 09:32:00,2024-10-27 10:09:00,37,60,False,,2024-10-27
PERF_ATTR_JOB,SUCCESS,2024-02-03 16:33:00,2024-02-03 16:55:00,22,45,False,,2024-02-03
FX_RATE_LOAD,ABENDED,2024-10-01 00:25:00,2024-10-01 00:29:00,4,10,False,ABEND S0C7,2024-10-01
COMPLIANCE_RPT,FAILED,2024-06-26 03:52:00,2024-06-26 03:56:00,4,55,False,RC=8,2024-06-26
INVEST_RECON_JOB,SUCCESS,2024-07-08 09:12:00,2024-07-08 09:34:00,22,45,False,,2024-07-08
CASH_FLOW_EXTRACT,ABENDED,2024-04-05 07:55:00,2024-04-05 07:56:00,1,20,False,RC=8,2024-04-05
TRADE_SETTLE_CHK,SUCCESS,2024-06-08 19:47:00,2024-06-08 20:08:00,21,35,False,,2024-06-08
POSITION_SYNC,SUCCESS,2024-05-02 15:09:00,2024-05-02 15:15:00,6,20,False,,2024-05-02
TRADE_SETTLE_CHK,FAILED,2024-09-15 12:03:00,2024-09-15 12:05:00,2,35,False,RC=12,2024-09-15
INVEST_RECON_JOB,SUCCESS,2024-12-23 06:06:00,2024-12-23 06:49:00,43,45,False,,2024-12-23
RISK_CALC_JOB,SUCCESS,2024-10-30 19:38:00,2024-10-30 19:46:00,8,40,False,,2024-10-30
CASH_FLOW_EXTRACT,SUCCESS,2024-05-21 01:00:00,2024-05-21 01:08:00,8,20,False,,2024-05-21
SLA_MONITOR_BATCH,RUNNING,2024-08-31 03:15:00,2024-08-31 03:21:00,6,15,False,,2024-08-31
PERF_ATTR_JOB,FAILED,2024-02-20 18:52:00,2024-02-20 19:07:00,15,45,False,JCL ERROR,2024-02-20
POSITION_SYNC,SUCCESS,2024-02-23 20:48:00,2024-02-23 20:59:00,11,20,False,,2024-02-23
EOD_CLOSE_PROC,RUNNING,2024-06-30 21:45:00,2024-06-30 21:56:00,11,70,False,,2024-06-30
TRADE_SETTLE_CHK,SUCCESS,2024-02-20 18:41:00,2024-02-20 18:55:00,14,35,False,,2024-02-20
COMPLIANCE_RPT,LATE,2024-08-26 16:21:00,2024-08-26 18:16:00,115,55,True,,2024-08-26
TRANS_LOG_PARSER,RUNNING,2024-11-17 03:04:00,2024-11-17 03:15:00,11,25,False,,2024-11-17
RISK_CALC_JOB,SUCCESS,2024-06-21 16:10:00,2024-06-21 16:22:00,12,40,False,,2024-06-21
PORTF_RPT_DAILY,SUCCESS,2024-03-26 17:33:00,2024-03-26 17:59:00,26,30,False,,2024-03-26
COMPLIANCE_RPT,ABENDED,2024-09-24 23:00:00,2024-09-24 23:16:00,16,55,False,RC=12,2024-09-24
PERF_ATTR_JOB,SUCCESS,2024-01-29 22:14:00,2024-01-29 22:48:00,34,45,False,,2024-01-29
CASH_FLOW_EXTRACT,LATE,2024-02-24 13:01:00,2024-02-24 14:01:00,60,20,True,,2024-02-24
TRADE_SETTLE_CHK,SUCCESS,2024-11-11 15:53:00,2024-11-11 16:02:00,9,35,False,,2024-11-11
INVEST_RECON_JOB,RUNNING,2024-12-12 19:56:00,2024-12-12 20:38:00,42,45,False,,2024-12-12
NAV_CALC_BATCH,LATE,2024-05-08 15:31:00,2024-05-08 17:15:00,104,50,True,,2024-05-08
CASH_FLOW_EXTRACT,SUCCESS,2024-09-05 10:53:00,2024-09-05 11:01:00,8,20,False,,2024-09-05
PORTF_RPT_DAILY,SUCCESS,2024-08-02 17:55:00,2024-08-02 18:03:00,8,30,False,,2024-08-02
EOD_CLOSE_PROC,RUNNING,2024-04-03 09:35:00,2024-04-03 09:41:00,6,70,False,,2024-04-03
NAV_CALC_BATCH,FAILED,2024-10-08 11:50:00,2024-10-08 12:02:00,12,50,False,ABEND S222,2024-10-08
COMPLIANCE_RPT,LATE,2024-01-17 00:10:00,2024-01-17 01:51:00,101,55,True,,2024-01-17
SLA_MONITOR_BATCH,FAILED,2024-05-30 06:51:00,2024-05-30 06:58:00,7,15,False,RC=12,2024-05-30
CLIENT_STMT_GEN,ABENDED,2024-04-05 05:52:00,2024-04-05 05:56:00,4,60,False,ABEND S222,2024-04-05
FX_RATE_LOAD,SUCCESS,2024-07-15 19:42:00,2024-07-15 19:50:00,8,10,False,,2024-07-15
DIVIDEND_PROC,SUCCESS,2024-08-21 08:25:00,2024-08-21 08:51:00,26,30,False,,2024-08-21
RISK_CALC_JOB,SUCCESS,2024-08-14 21:43:00,2024-08-14 22:10:00,27,40,False,,2024-08-14
CASH_FLOW_EXTRACT,SUCCESS,2024-12-19 03:15:00,2024-12-19 03:29:00,14,20,False,,2024-12-19
COMPLIANCE_RPT,LATE,2024-07-05 22:47:00,2024-07-05 23:56:00,69,55,True,,2024-07-05
CASH_FLOW_EXTRACT,SUCCESS,2024-02-29 13:57:00,2024-02-29 14:06:00,9,20,False,,2024-02-29
COMPLIANCE_RPT,SUCCESS,2024-02-07 00:30:00,2024-02-07 00:35:00,5,55,False,,2024-02-07
CLIENT_STMT_GEN,SUCCESS,2024-01-24 20:33:00,2024-01-24 21:27:00,54,60,False,,2024-01-24
SLA_MONITOR_BATCH,RUNNING,2024-03-21 09:54:00,2024-03-21 10:02:00,8,15,False,,2024-03-21
TRADE_SETTLE_CHK,FAILED,2024-02-27 19:34:00,2024-02-27 19:42:00,8,35,False,JCL ERROR,2024-02-27
INVEST_RECON_JOB,SUCCESS,2024-05-29 16:04:00,2024-05-29 16:23:00,19,45,False,,2024-05-29
PORTF_RPT_DAILY,SUCCESS,2024-02-24 23:27:00,2024-02-24 23:51:00,24,30,False,,2024-02-24
PERF_ATTR_JOB,ABENDED,2024-01-08 10:54:00,2024-01-08 11:02:00,8,45,False,RC=8,2024-01-08
INVEST_RECON_JOB,SUCCESS,2024-02-06 12:30:00,2024-02-06 12:58:00,28,45,False,,2024-02-06
PERF_ATTR_JOB,ABENDED,2024-10-08 12:44:00,2024-10-08 12:54:00,10,45,False,ABEND S222,2024-10-08
TRADE_SETTLE_CHK,FAILED,2024-04-28 21:55:00,2024-04-28 22:06:00,11,35,False,RC=12,2024-04-28
SLA_MONITOR_BATCH,SUCCESS,2024-02-17 00:20:00,2024-02-17 00:25:00,5,15,False,,2024-02-17
COMPLIANCE_RPT,SUCCESS,2024-05-21 15:26:00,2024-05-21 15:47:00,21,55,False,,2024-05-21
PERF_ATTR_JOB,LATE,2024-09-08 16:52:00,2024-09-08 18:33:00,101,45,True,,2024-09-08
FX_RATE_LOAD,FAILED,2024-03-03 10:30:00,2024-03-03 10:32:00,2,10,False,JCL ERROR,2024-03-03
TRANS_LOG_PARSER,SUCCESS,2024-02-26 04:34:00,2024-02-26 04:41:00,7,25,False,,2024-02-26
EOD_CLOSE_PROC,SUCCESS,2024-09-09 10:51:00,2024-09-09 11:08:00,17,70,False,,2024-09-09
INVEST_RECON_JOB,SUCCESS,2024-07-09 18:31:00,2024-07-09 19:08:00,37,45,False,,2024-07-09
CASH_FLOW_EXTRACT,SUCCESS,2024-05-12 04:24:00,2024-05-12 04:42:00,18,20,False,,2024-05-12
NAV_CALC_BATCH,SUCCESS,2024-12-09 19:29:00,2024-12-09 19:44:00,15,50,False,,2024-12-09
CLIENT_STMT_GEN,FAILED,2024-01-10 04:18:00,2024-01-10 04:44:00,26,60,False,ABEND S0C7,2024-01-10
POSITION_SYNC,FAILED,2024-07-08 08:27:00,2024-07-08 08:35:00,8,20,False,ABEND S222,2024-07-08
INVEST_RECON_JOB,SUCCESS,2024-02-03 14:06:00,2024-02-03 14:12:00,6,45,False,,2024-02-03
RISK_CALC_JOB,SUCCESS,2024-09-13 14:07:00,2024-09-13 14:35:00,28,40,False,,2024-09-13
POSITION_SYNC,ABENDED,2024-11-29 15:34:00,2024-11-29 15:38:00,4,20,False,ABEND S222,2024-11-29
NAV_CALC_BATCH,FAILED,2024-04-20 03:31:00,2024-04-20 03:42:00,11,50,False,ABEND S0C7,2024-04-20
CLIENT_STMT_GEN,SUCCESS,2024-04-05 14:18:00,2024-04-05 15:15:00,57,60,False,,2024-04-05
CASH_FLOW_EXTRACT,ABENDED,2024-09-14 10:45:00,2024-09-14 10:53:00,8,20,False,RC=12,2024-09-14
POSITION_SYNC,SUCCESS,2024-10-15 05:21:00,2024-10-15 05:30:00,9,20,False,,2024-10-15
PERF_ATTR_JOB,FAILED,2024-12-16 16:25:00,2024-12-16 16:30:00,5,45,False,ABEND S222,2024-12-16
INVEST_RECON_JOB,SUCCESS,2024-06-02 01:28:00,2024-06-02 01:59:00,31,45,False,,2024-06-02
POSITION_SYNC,SUCCESS,2024-01-06 14:41:00,2024-01-06 15:00:00,19,20,False,,2024-01-06
POSITION_SYNC,FAILED,2024-03-14 15:04:00,2024-03-14 15:08:00,4,20,False,ABEND S0C7,2024-03-14
CLIENT_STMT_GEN,FAILED,2024-07-24 15:26:00,2024-07-24 15:49:00,23,60,False,RC=12,2024-07-24
TRANS_LOG_PARSER,SUCCESS,2024-04-21 16:27:00,2024-04-21 16:48:00,21,25,False,,2024-04-21
COMPLIANCE_RPT,SUCCESS,2024-01-27 13:57:00,2024-01-27 14:44:00,47,55,False,,2024-01-27
TRADE_SETTLE_CHK,SUCCESS,2024-05-14 16:58:00,2024-05-14 17:32:00,34,35,False,,2024-05-14
DIVIDEND_PROC,LATE,2024-10-29 21:14:00,2024-10-29 22:00:00,46,30,True,,2024-10-29
PORTF_RPT_DAILY,FAILED,2024-07-08 07:16:00,2024-07-08 07:17:00,1,30,False,ABEND S0C7,2024-07-08
PERF_ATTR_JOB,SUCCESS,2024-09-25 19:49:00,2024-09-25 20:03:00,14,45,False,,2024-09-25
RISK_CALC_JOB,SUCCESS,2024-08-02 23:05:00,2024-08-02 23:30:00,25,40,False,,2024-08-02
FX_RATE_LOAD,ABENDED,2024-08-07 08:49:00,2024-08-07 08:50:00,1,10,False,ABEND S0C7,2024-08-07
CLIENT_STMT_GEN,FAILED,2024-06-13 13:28:00,2024-06-13 13:30:00,2,60,False,ABEND S222,2024-06-13
DIVIDEND_PROC,SUCCESS,2024-08-25 15:45:00,2024-08-25 16:00:00,15,30,False,,2024-08-25
TRANS_LOG_PARSER,SUCCESS,2024-08-11 02:37:00,2024-08-11 02:42:00,5,25,False,,2024-08-11
CLIENT_STMT_GEN,ABENDED,2024-09-26 08:09:00,2024-09-26 08:37:00,28,60,False,RC=12,2024-09-26
RISK_CALC_JOB,SUCCESS,2024-07-25 23:53:00,2024-07-26 00:06:00,13,40,False,,2024-07-25
RISK_CALC_JOB,FAILED,2024-04-02 01:45:00,2024-04-02 01:51:00,6,40,False,RC=12,2024-04-02
NAV_CALC_BATCH,SUCCESS,2024-02-22 03:48:00,2024-02-22 03:57:00,9,50,False,,2024-02-22
COMPLIANCE_RPT,SUCCESS,2024-07-08 20:56:00,2024-07-08 21:32:00,36,55,False,,2024-07-08
POSITION_SYNC,SUCCESS,2024-09-08 03:27:00,2024-09-08 03:34:00,7,20,False,,2024-09-08
PORTF_RPT_DAILY,FAILED,2024-03-21 19:56:00,2024-03-21 20:05:00,9,30,False,ABEND S0C7,2024-03-21
CASH_FLOW_EXTRACT,SUCCESS,2024-10-09 12:36:00,2024-10-09 12:49:00,13,20,False,,2024-10-09
CLIENT_STMT_GEN,SUCCESS,2024-03-30 03:53:00,2024-03-30 04:25:00,32,60,False,,2024-03-30
FX_RATE_LOAD,SUCCESS,2024-10-26 05:11:00,2024-10-26 05:16:00,5,10,False,,2024-10-26
EOD_CLOSE_PROC,SUCCESS,2024-07-30 18:50:00,2024-07-30 18:56:00,6,70,False,,2024-07-30
CASH_FLOW_EXTRACT,LATE,2024-05-16 05:43:00,2024-05-16 06:33:00,50,20,True,,2024-05-16
SLA_MONITOR_BATCH,SUCCESS,2024-02-09 01:27:00,2024-02-09 01:40:00,13,15,False,,2024-02-09
PORTF_RPT_DAILY,ABENDED,2024-08-18 14:56:00,2024-08-18 15:11:00,15,30,False,RC=8,2024-08-18
EOD_CLOSE_PROC,SUCCESS,2024-02-11 12:59:00,2024-02-11 13:28:00,29,70,False,,2024-02-11
RISK_CALC_JOB,RUNNING,2024-01-21 10:43:00,2024-01-21 10:48:00,5,40,False,,2024-01-21
PORTF_RPT_DAILY,SUCCESS,2024-04-11 06:11:00,2024-04-11 06:29:00,18,30,False,,2024-04-11
COMPLIANCE_RPT,SUCCESS,2024-05-09 08:24:00,2024-05-09 09:05:00,41,55,False,,2024-05-09
CLIENT_STMT_GEN,ABENDED,2024-08-13 05:36:00,2024-08-13 05:45:00,9,60,False,ABEND S222,2024-08-13
POSITION_SYNC,LATE,2024-10-11 00:34:00,2024-10-11 01:13:00,39,20,True,,2024-10-11
FX_RATE_LOAD,SUCCESS,2024-07-22 10:16:00,2024-07-22 10:21:00,5,10,False,,2024-07-22
INVEST_RECON_JOB,RUNNING,2024-11-11 23:39:00,2024-11-12 00:19:00,40,45,False,,2024-11-11
TRANS_LOG_PARSER,SUCCESS,2024-11-05 07:47:00,2024-11-05 08:11:00,24,25,False,,2024-11-05
CLIENT_STMT_GEN,SUCCESS,2024-12-24 05:48:00,2024-12-24 06:24:00,36,60,False,,2024-12-24
INVEST_RECON_JOB,SUCCESS,2024-02-14 05:57:00,2024-02-14 06:38:00,41,45,False,,2024-02-14
CASH_FLOW_EXTRACT,ABENDED,2024-04-23 11:41:00,2024-04-23 11:42:00,1,20,False,ABEND S0C7,2024-04-23
PERF_ATTR_JOB,SUCCESS,2024-08-07 01:08:00,2024-08-07 01:40:00,32,45,False,,2024-08-07
TRADE_SETTLE_CHK,SUCCESS,2024-07-21 20:21:00,2024-07-21 20:52:00,31,35,False,,2024-07-21
INVEST_RECON_JOB,SUCCESS,2024-03-26 17:41:00,2024-03-26 18:05:00,24,45,False,,2024-03-26
TRANS_LOG_PARSER,LATE,2024-10-28 15:16:00,2024-10-28 16:25:00,69,25,True,,2024-10-28
TRADE_SETTLE_CHK,SUCCESS,2024-07-10 00:28:00,2024-07-10 00:56:00,28,35,False,,2024-07-10
PORTF_RPT_DAILY,SUCCESS,2024-10-06 13:19:00,2024-10-06 13:24:00,5,30,False,,2024-10-06
POSITION_SYNC,FAILED,2024-07-05 13:54:00,2024-07-05 13:55:00,1,20,False,RC=12,2024-07-05
PORTF_RPT_DAILY,SUCCESS,2024-12-06 22:59:00,2024-12-06 23:07:00,8,30,False,,2024-12-06
FX_RATE_LOAD,LATE,2024-03-28 19:02:00,2024-03-28 19:27:00,25,10,True,,2024-03-28
INVEST_RECON_JOB,FAILED,2024-07-09 09:56:00,2024-07-09 10:04:00,8,45,False,JCL ERROR,2024-07-09
PORTF_RPT_DAILY,SUCCESS,2024-10-04 18:58:00,2024-10-04 19:04:00,6,30,False,,2024-10-04
FX_RATE_LOAD,SUCCESS,2024-03-21 11:12:00,2024-03-21 11:18:00,6,10,False,,2024-03-21
CLIENT_STMT_GEN,SUCCESS,2024-03-26 07:22:00,2024-03-26 07:31:00,9,60,False,,2024-03-26
PORTF_RPT_DAILY,SUCCESS,2024-07-10 20:51:00,2024-07-10 21:06:00,15,30,False,,2024-07-10
TRANS_LOG_PARSER,ABENDED,2024-01-31 03:39:00,2024-01-31 03:51:00,12,25,False,RC=12,2024-01-31
TRANS_LOG_PARSER,SUCCESS,2024-12-15 01:14:00,2024-12-15 01:31:00,17,25,False,,2024-12-15
FX_RATE_LOAD,SUCCESS,2024-10-10 17:18:00,2024-10-10 17:24:00,6,10,False,,2024-10-10
FX_RATE_LOAD,SUCCESS,2024-05-05 06:56:00,2024-05-05 07:02:00,6,10,False,,2024-05-05
SLA_MONITOR_BATCH,ABENDED,2024-07-20 05:37:00,2024-07-20 05:41:00,4,15,False,RC=12,2024-07-20
PORTF_RPT_DAILY,ABENDED,2024-01-14 11:36:00,2024-01-14 11:48:00,12,30,False,JCL ERROR,2024-01-14
NAV_CALC_BATCH,SUCCESS,2024-03-05 08:48:00,2024-03-05 09:10:00,22,50,False,,2024-03-05
CASH_FLOW_EXTRACT,SUCCESS,2024-10-23 01:28:00,2024-10-23 01:45:00,17,20,False,,2024-10-23
TRANS_LOG_PARSER,FAILED,2024-07-20 10:58:00,2024-07-20 11:08:00,10,25,False,JCL ERROR,2024-07-20
FX_RATE_LOAD,SUCCESS,2024-01-29 03:09:00,2024-01-29 03:15:00,6,10,False,,2024-01-29
RISK_CALC_JOB,SUCCESS,2024-02-08 15:29:00,2024-02-08 15:53:00,24,40,False,,2024-02-08
FX_RATE_LOAD,SUCCESS,2024-03-22 02:58:00,2024-03-22 03:03:00,5,10,False,,2024-03-22
POSITION_SYNC,SUCCESS,2024-05-17 20:05:00,2024-05-17 20:19:00,14,20,False,,2024-05-17
CLIENT_STMT_GEN,RUNNING,2024-06-24 19:50:00,2024-06-24 20:01:00,11,60,False,,2024-06-24
FX_RATE_LOAD,SUCCESS,2024-07-21 14:04:00,2024-07-21 14:10:00,6,10,False,,2024-07-21
CASH_FLOW_EXTRACT,SUCCESS,2024-04-28 23:25:00,2024-04-28 23:32:00,7,20,False,,2024-04-28
POSITION_SYNC,ABENDED,2024-05-20 15:20:00,2024-05-20 15:23:00,3,20,False,JCL ERROR,2024-05-20
NAV_CALC_BATCH,RUNNING,2024-05-08 12:06:00,2024-05-08 12:20:00,14,50,False,,2024-05-08
TRADE_SETTLE_CHK,SUCCESS,2024-11-13 13:07:00,2024-11-13 13:26:00,19,35,False,,2024-11-13
PERF_ATTR_JOB,FAILED,2024-01-14 00:36:00,2024-01-14 00:55:00,19,45,False,RC=12,2024-01-14
NAV_CALC_BATCH,FAILED,2024-09-29 08:20:00,2024-09-29 08:25:00,5,50,False,ABEND S0C7,2024-09-29
PORTF_RPT_DAILY,SUCCESS,2024-12-27 03:04:00,2024-12-27 03:20:00,16,30,False,,2024-12-27
TRADE_SETTLE_CHK,SUCCESS,2024-06-18 11:00:00,2024-06-18 11:15:00,15,35,False,,2024-06-18
CASH_FLOW_EXTRACT,SUCCESS,2024-03-12 03:37:00,2024-03-12 03:52:00,15,20,False,,2024-03-12
CASH_FLOW_EXTRACT,SUCCESS,2024-12-07 01:33:00,2024-12-07 01:51:00,18,20,False,,2024-12-07
RISK_CALC_JOB,SUCCESS,2024-10-29 14:40:00,2024-10-29 14:53:00,13,40,False,,2024-10-29
SLA_MONITOR_BATCH,SUCCESS,2024-03-05 11:44:00,2024-03-05 11:53:00,9,15,False,,2024-03-05
COMPLIANCE_RPT,SUCCESS,2024-02-17 16:34:00,2024-02-17 16:54:00,20,55,False,,2024-02-17
TRADE_SETTLE_CHK,ABENDED,2024-11-17 21:20:00,2024-11-17 21:24:00,4,35,False,JCL ERROR,2024-11-17
INVEST_RECON_JOB,FAILED,2024-01-04 09:49:00,2024-01-04 10:07:00,18,45,False,ABEND S222,2024-01-04
RISK_CALC_JOB,SUCCESS,2024-09-09 20:24:00,2024-09-09 20:41:00,17,40,False,,2024-09-09
CLIENT_STMT_GEN,RUNNING,2024-03-28 18:37:00,2024-03-28 19:17:00,40,60,False,,2024-03-28
POSITION_SYNC,SUCCESS,2024-07-02 19:03:00,2024-07-02 19:10:00,7,20,False,,2024-07-02
TRANS_LOG_PARSER,SUCCESS,2024-10-04 21:18:00,2024-10-04 21:36:00,18,25,False,,2024-10-04
SLA_MONITOR_BATCH,SUCCESS,2024-09-23 10:40:00,2024-09-23 10:53:00,13,15,False,,2024-09-23
PERF_ATTR_JOB,FAILED,2024-09-26 16:12:00,2024-09-26 16:30:00,18,45,False,RC=12,2024-09-26
PERF_ATTR_JOB,SUCCESS,2024-08-11 22:50:00,2024-08-11 23:25:00,35,45,False,,2024-08-11
INVEST_RECON_JOB,SUCCESS,2024-03-29 00:47:00,2024-03-29 01:24:00,37,45,False,,2024-03-29
SLA_MONITOR_BATCH,SUCCESS,2024-03-05 21:37:00,2024-03-05 21:44:00,7,15,False,,2024-03-05
TRANS_LOG_PARSER,SUCCESS,2024-04-20 20:55:00,2024-04-20 21:10:00,15,25,False,,2024-04-20
TRADE_SETTLE_CHK,SUCCESS,2024-10-26 12:10:00,2024-10-26 12:32:00,22,35,False,,2024-10-26
INVEST_RECON_JOB,SUCCESS,2024-06-28 00:48:00,2024-06-28 00:59:00,11,45,False,,2024-06-28
DIVIDEND_PROC,SUCCESS,2024-12-05 20:25:00,2024-12-05 20:35:00,10,30,False,,2024-12-05
PERF_ATTR_JOB,RUNNING,2024-06-02 14:11:00,2024-06-02 14:51:00,40,45,False,,2024-06-02
POSITION_SYNC,SUCCESS,2024-05-08 05:41:00,2024-05-08 05:46:00,5,20,False,,2024-05-08
CASH_FLOW_EXTRACT,ABENDED,2024-03-27 05:15:00,2024-03-27 05:20:00,5,20,False,RC=8,2024-03-27
SLA_MONITOR_BATCH,SUCCESS,2024-03-30 19:00:00,2024-03-30 19:05:00,5,15,False,,2024-03-30
FX_RATE_LOAD,FAILED,2024-08-01 12:10:00,2024-08-01 12:14:00,4,10,False,RC=8,2024-08-01
INVEST_RECON_JOB,SUCCESS,2024-01-01 08:58:00,2024-01-01 09:24:00,26,45,False,,2024-01-01
COMPLIANCE_RPT,ABENDED,2024-10-24 11:27:00,2024-10-24 11:34:00,7,55,False,RC=12,2024-10-24
CASH_FLOW_EXTRACT,SUCCESS,2024-05-25 20:02:00,2024-05-25 20:07:00,5,20,False,,2024-05-25
TRADE_SETTLE_CHK,SUCCESS,2024-02-08 01:47:00,2024-02-08 02:16:00,29,35,False,,2024-02-08
CASH_FLOW_EXTRACT,SUCCESS,2024-05-05 11:48:00,2024-05-05 11:56:00,8,20,False,,2024-05-05
DIVIDEND_PROC,SUCCESS,2024-03-09 05:19:00,2024-03-09 05:38:00,19,30,False,,2024-03-09
CASH_FLOW_EXTRACT,SUCCESS,2024-10-30 07:24:00,2024-10-30 07:42:00,18,20,False,,2024-10-30
PORTF_RPT_DAILY,FAILED,2024-08-02 00:59:00,2024-08-02 01:08:00,9,30,False,RC=12,2024-08-02
RISK_CALC_JOB,SUCCESS,2024-01-20 10:25:00,2024-01-20 10:47:00,22,40,False,,2024-01-20
POSITION_SYNC,SUCCESS,2024-12-16 23:26:00,2024-12-16 23:44:00,18,20,False,,2024-12-16
COMPLIANCE_RPT,SUCCESS,2024-08-11 04:25:00,2024-08-11 04:48:00,23,55,False,,2024-08-11
CLIENT_STMT_GEN,FAILED,2024-06-30 00:00:00,2024-06-30 00:19:00,19,60,False,ABEND S0C7,2024-06-30
CLIENT_STMT_GEN,SUCCESS,2024-04-12 08:27:00,2024-04-12 08:37:00,10,60,False,,2024-04-12
RISK_CALC_JOB,ABENDED,2024-12-03 04:54:00,2024-12-03 05:02:00,8,40,False,RC=8,2024-12-03
CLIENT_STMT_GEN,LATE,2024-04-11 13:07:00,2024-04-11 14:12:00,65,60,True,,2024-04-11
NAV_CALC_BATCH,LATE,2024-11-12 08:18:00,2024-11-12 09:58:00,100,50,True,,2024-11-12
CASH_FLOW_EXTRACT,LATE,2024-06-02 04:12:00,2024-06-02 05:22:00,70,20,True,,2024-06-02
CASH_FLOW_EXTRACT,SUCCESS,2024-05-21 09:07:00,2024-05-21 09:26:00,19,20,False,,2024-05-21
TRADE_SETTLE_CHK,SUCCESS,2024-04-01 14:30:00,2024-04-01 14:56:00,26,35,False,,2024-04-01
EOD_CLOSE_PROC,SUCCESS,2024-07-04 15:26:00,2024-07-04 15:35:00,9,70,False,,2024-07-04
POSITION_SYNC,ABENDED,2024-04-16 08:38:00,2024-04-16 08:43:00,5,20,False,RC=12,2024-04-16
FX_RATE_LOAD,LATE,2024-05-22 13:51:00,2024-05-22 14:10:00,19,10,True,,2024-05-22
RISK_CALC_JOB,SUCCESS,2024-06-23 03:32:00,2024-06-23 04:05:00,33,40,False,,2024-06-23
PORTF_RPT_DAILY,LATE,2024-09-10 19:39:00,2024-09-10 20:50:00,71,30,True,,2024-09-10
CLIENT_STMT_GEN,SUCCESS,2024-12-23 05:02:00,2024-12-23 05:17:00,15,60,False,,2024-12-23
SLA_MONITOR_BATCH,SUCCESS,2024-08-15 09:17:00,2024-08-15 09:26:00,9,15,False,,2024-08-15
CASH_FLOW_EXTRACT,FAILED,2024-03-27 07:17:00,2024-03-27 07:23:00,6,20,False,ABEND S222,2024-03-27
PERF_ATTR_JOB,SUCCESS,2024-04-10 16:52:00,2024-04-10 17:21:00,29,45,False,,2024-04-10
FX_RATE_LOAD,SUCCESS,2024-10-18 00:10:00,2024-10-18 00:17:00,7,10,False,,2024-10-18
COMPLIANCE_RPT,SUCCESS,2024-10-01 11:47:00,2024-10-01 12:06:00,19,55,False,,2024-10-01
POSITION_SYNC,ABENDED,2024-03-11 13:35:00,2024-03-11 13:45:00,10,20,False,RC=8,2024-03-11
SLA_MONITOR_BATCH,FAILED,2024-03-29 06:33:00,2024-03-29 06:37:00,4,15,False,ABEND S0C7,2024-03-29
CASH_FLOW_EXTRACT,FAILED,2024-01-02 19:21:00,2024-01-02 19:25:00,4,20,False,JCL ERROR,2024-01-02
COMPLIANCE_RPT,SUCCESS,2024-06-09 15:47:00,2024-06-09 16:09:00,22,55,False,,2024-06-09
INVEST_RECON_JOB,SUCCESS,2024-05-22 07:20:00,2024-05-22 08:02:00,42,45,False,,2024-05-22
FX_RATE_LOAD,SUCCESS,2024-01-17 18:49:00,2024-01-17 18:55:00,6,10,False,,2024-01-17
RISK_CALC_JOB,SUCCESS,2024-05-14 21:27:00,2024-05-14 21:35:00,8,40,False,,2024-05-14
SLA_MONITOR_BATCH,SUCCESS,2024-11-27 20:26:00,2024-11-27 20:32:00,6,15,False,,2024-11-27
SLA_MONITOR_BATCH,SUCCESS,2024-09-15 16:16:00,2024-09-15 16:25:00,9,15,False,,2024-09-15
CLIENT_STMT_GEN,SUCCESS,2024-07-21 23:24:00,2024-07-21 23:34:00,10,60,False,,2024-07-21
DIVIDEND_PROC,FAILED,2024-11-29 11:56:00,2024-11-29 12:03:00,7,30,False,ABEND S0C7,2024-11-29
EOD_CLOSE_PROC,SUCCESS,2024-08-27 04:43:00,2024-08-27 05:37:00,54,70,False,,2024-08-27
PERF_ATTR_JOB,SUCCESS,2024-10-10 02:23:00,2024-10-10 02:47:00,24,45,False,,2024-10-10
EOD_CLOSE_PROC,FAILED,2024-09-22 11:52:00,2024-09-22 12:26:00,34,70,False,JCL ERROR,2024-09-22
FX_RATE_LOAD,SUCCESS,2024-01-31 04:28:00,2024-01-31 04:36:00,8,10,False,,2024-01-31
EOD_CLOSE_PROC,FAILED,2024-10-22 03:00:00,2024-10-22 03:34:00,34,70,False,ABEND S0C7,2024-10-22
TRANS_LOG_PARSER,SUCCESS,2024-08-20 20:53:00,2024-08-20 21:15:00,22,25,False,,2024-08-20
POSITION_SYNC,SUCCESS,2024-04-30 11:26:00,2024-04-30 11:43:00,17,20,False,,2024-04-30
EOD_CLOSE_PROC,SUCCESS,2024-06-21 01:14:00,2024-06-21 01:50:00,36,70,False,,2024-06-21
RISK_CALC_JOB,SUCCESS,2024-08-05 18:32:00,2024-08-05 18:52:00,20,40,False,,2024-08-05
CLIENT_STMT_GEN,SUCCESS,2024-09-04 20:28:00,2024-09-04 21:15:00,47,60,False,,2024-09-04
CLIENT_STMT_GEN,SUCCESS,2024-07-26 15:44:00,2024-07-26 16:39:00,55,60,False,,2024-07-26
EOD_CLOSE_PROC,RUNNING,2024-10-07 04:11:00,2024-10-07 04:39:00,28,70,False,,2024-10-07
POSITION_SYNC,SUCCESS,2024-08-31 18:41:00,2024-08-31 18:50:00,9,20,False,,2024-08-31
PERF_ATTR_JOB,SUCCESS,2024-01-09 16:28:00,2024-01-09 17:05:00,37,45,False,,2024-01-09
NAV_CALC_BATCH,SUCCESS,2024-06-17 06:32:00,2024-06-17 06:58:00,26,50,False,,2024-06-17
NAV_CALC_BATCH,SUCCESS,2024-01-24 12:30:00,2024-01-24 12:48:00,18,50,False,,2024-01-24
FX_RATE_LOAD,SUCCESS,2024-06-04 21:52:00,2024-06-04 21:58:00,6,10,False,,2024-06-04
TRADE_SETTLE_CHK,SUCCESS,2024-11-12 16:48:00,2024-11-12 17:08:00,20,35,False,,2024-11-12
POSITION_SYNC,SUCCESS,2024-06-10 20:20:00,2024-06-10 20:38:00,18,20,False,,2024-06-10
PORTF_RPT_DAILY,ABENDED,2024-11-22 09:36:00,2024-11-22 09:39:00,3,30,False,RC=12,2024-11-22
COMPLIANCE_RPT,SUCCESS,2024-08-21 01:16:00,2024-08-21 02:02:00,46,55,False,,2024-08-21
COMPLIANCE_RPT,SUCCESS,2024-12-24 02:34:00,2024-12-24 03:04:00,30,55,False,,2024-12-24
NAV_CALC_BATCH,FAILED,2024-01-16 13:25:00,2024-01-16 13:32:00,7,50,False,RC=12,2024-01-16
COMPLIANCE_RPT,SUCCESS,2024-02-05 12:48:00,2024-02-05 13:03:00,15,55,False,,2024-02-05
FX_RATE_LOAD,LATE,2024-12-12 00:30:00,2024-12-12 00:57:00,27,10,True,,2024-12-12
PERF_ATTR_JOB,SUCCESS,2024-03-31 16:53:00,2024-03-31 17:37:00,44,45,False,,2024-03-31
CASH_FLOW_EXTRACT,FAILED,2024-10-17 17:59:00,2024-10-17 18:02:00,3,20,False,ABEND S222,2024-10-17
CASH_FLOW_EXTRACT,SUCCESS,2024-08-02 22:20:00,2024-08-02 22:39:00,19,20,False,,2024-08-02
PERF_ATTR_JOB,SUCCESS,2024-04-29 14:05:00,2024-04-29 14:39:00,34,45,False,,2024-04-29
TRADE_SETTLE_CHK,RUNNING,2024-01-04 17:27:00,2024-01-04 17:58:00,31,35,False,,2024-01-04
COMPLIANCE_RPT,SUCCESS,2024-05-14 05:25:00,2024-05-14 06:07:00,42,55,False,,2024-05-14
SLA_MONITOR_BATCH,SUCCESS,2024-04-15 22:44:00,2024-04-15 22:58:00,14,15,False,,2024-04-15
DIVIDEND_PROC,FAILED,2024-12-06 07:56:00,2024-12-06 07:58:00,2,30,False,RC=12,2024-12-06
TRANS_LOG_PARSER,SUCCESS,2024-11-23 19:44:00,2024-11-23 19:49:00,5,25,False,,2024-11-23
CASH_FLOW_EXTRACT,SUCCESS,2024-10-16 19:26:00,2024-10-16 19:38:00,12,20,False,,2024-10-16
PORTF_RPT_DAILY,LATE,2024-11-02 05:04:00,2024-11-02 06:18:00,74,30,True,,2024-11-02
TRANS_LOG_PARSER,ABENDED,2024-08-12 06:00:00,2024-08-12 06:06:00,6,25,False,ABEND S0C7,2024-08-12
FX_RATE_LOAD,SUCCESS,2024-05-19 07:35:00,2024-05-19 07:44:00,9,10,False,,2024-05-19
TRADE_SETTLE_CHK,FAILED,2024-12-03 07:51:00,2024-12-03 07:53:00,2,35,False,RC=12,2024-12-03
PERF_ATTR_JOB,ABENDED,2024-12-13 23:04:00,2024-12-13 23:19:00,15,45,False,JCL ERROR,2024-12-13
CASH_FLOW_EXTRACT,SUCCESS,2024-09-14 00:24:00,2024-09-14 00:39:00,15,20,False,,2024-09-14
POSITION_SYNC,LATE,2024-05-18 21:14:00,2024-05-18 22:22:00,68,20,True,,2024-05-18
CASH_FLOW_EXTRACT,SUCCESS,2024-11-26 16:37:00,2024-11-26 16:55:00,18,20,False,,2024-11-26
PERF_ATTR_JOB,FAILED,2024-01-27 03:24:00,2024-01-27 03:45:00,21,45,False,ABEND S0C7,2024-01-27
EOD_CLOSE_PROC,FAILED,2024-12-02 04:57:00,2024-12-02 05:30:00,33,70,False,RC=8,2024-12-02
TRANS_LOG_PARSER,SUCCESS,2024-08-17 01:07:00,2024-08-17 01:27:00,20,25,False,,2024-08-17
PORTF_RPT_DAILY,LATE,2024-03-20 13:40:00,2024-03-20 14:34:00,54,30,True,,2024-03-20
PORTF_RPT_DAILY,SUCCESS,2024-01-25 06:01:00,2024-01-25 06:22:00,21,30,False,,2024-01-25
NAV_CALC_BATCH,SUCCESS,2024-09-22 20:57:00,2024-09-22 21:06:00,9,50,False,,2024-09-22
RISK_CALC_JOB,SUCCESS,2024-03-17 16:10:00,2024-03-17 16:41:00,31,40,False,,2024-03-17
DIVIDEND_PROC,SUCCESS,2024-05-31 09:53:00,2024-05-31 10:14:00,21,30,False,,2024-05-31
TRANS_LOG_PARSER,FAILED,2024-01-16 21:54:00,2024-01-16 21:55:00,1,25,False,ABEND S222,2024-01-16
INVEST_RECON_JOB,SUCCESS,2024-12-03 18:21:00,2024-12-03 19:02:00,41,45,False,,2024-12-03
INVEST_RECON_JOB,SUCCESS,2024-08-27 20:17:00,2024-08-27 20:27:00,10,45,False,,2024-08-27
CASH_FLOW_EXTRACT,SUCCESS,2024-01-02 13:59:00,2024-01-02 14:13:00,14,20,False,,2024-01-02
NAV_CALC_BATCH,SUCCESS,2024-11-03 12:54:00,2024-11-03 13:06:00,12,50,False,,2024-11-03
INVEST_RECON_JOB,FAILED,2024-07-26 12:08:00,2024-07-26 12:09:00,1,45,False,JCL ERROR,2024-07-26
PORTF_RPT_DAILY,SUCCESS,2024-01-09 07:39:00,2024-01-09 07:47:00,8,30,False,,2024-01-09
RISK_CALC_JOB,SUCCESS,2024-03-30 13:12:00,2024-03-30 13:33:00,21,40,False,,2024-03-30
SLA_MONITOR_BATCH,SUCCESS,2024-06-15 19:24:00,2024-06-15 19:31:00,7,15,False,,2024-06-15
NAV_CALC_BATCH,SUCCESS,2024-09-24 21:52:00,2024-09-24 22:28:00,36,50,False,,2024-09-24
EOD_CLOSE_PROC,SUCCESS,2024-04-01 00:47:00,2024-04-01 01:29:00,42,70,False,,2024-04-01
PERF_ATTR_JOB,FAILED,2024-12-02 04:19:00,2024-12-02 04:25:00,6,45,False,ABEND S0C7,2024-12-02
CLIENT_STMT_GEN,SUCCESS,2024-01-10 18:05:00,2024-01-10 18:19:00,14,60,False,,2024-01-10
CLIENT_STMT_GEN,SUCCESS,2024-05-07 00:11:00,2024-05-07 00:51:00,40,60,False,,2024-05-07
EOD_CLOSE_PROC,SUCCESS,2024-08-19 12:52:00,2024-08-19 13:04:00,12,70,False,,2024-08-19
CLIENT_STMT_GEN,SUCCESS,2024-11-28 14:00:00,2024-11-28 14:13:00,13,60,False,,2024-11-28
EOD_CLOSE_PROC,FAILED,2024-05-04 12:20:00,2024-05-04 12:29:00,9,70,False,ABEND S0C7,2024-05-04
PORTF_RPT_DAILY,SUCCESS,2024-04-23 22:48:00,2024-04-23 23:06:00,18,30,False,,2024-04-23
SLA_MONITOR_BATCH,SUCCESS,2024-02-10 22:34:00,2024-02-10 22:46:00,12,15,False,,2024-02-10
PERF_ATTR_JOB,SUCCESS,2024-05-22 21:01:00,2024-05-22 21:21:00,20,45,False,,2024-05-22
COMPLIANCE_RPT,SUCCESS,2024-12-25 08:53:00,2024-12-25 09:30:00,37,55,False,,2024-12-25
DIVIDEND_PROC,SUCCESS,2024-06-29 22:36:00,2024-06-29 22:55:00,19,30,False,,2024-06-29
RISK_CALC_JOB,SUCCESS,2024-07-08 08:45:00,2024-07-08 09:15:00,30,40,False,,2024-07-08
POSITION_SYNC,SUCCESS,2024-04-11 04:14:00,2024-04-11 04:25:00,11,20,False,,2024-04-11
PORTF_RPT_DAILY,SUCCESS,2024-08-25 19:49:00,2024-08-25 20:13:00,24,30,False,,2024-08-25
DIVIDEND_PROC,SUCCESS,2024-10-26 02:08:00,2024-10-26 02:24:00,16,30,False,,2024-10-26
FX_RATE_LOAD,SUCCESS,2024-09-05 21:57:00,2024-09-05 22:03:00,6,10,False,,2024-09-05
INVEST_RECON_JOB,FAILED,2024-05-11 05:38:00,2024-05-11 05:55:00,17,45,False,ABEND S222,2024-05-11
INVEST_RECON_JOB,SUCCESS,2024-07-29 18:39:00,2024-07-29 18:52:00,13,45,False,,2024-07-29
PORTF_RPT_DAILY,SUCCESS,2024-07-22 02:29:00,2024-07-22 02:52:00,23,30,False,,2024-07-22
FX_RATE_LOAD,SUCCESS,2024-04-06 11:24:00,2024-04-06 11:33:00,9,10,False,,2024-04-06
FX_RATE_LOAD,RUNNING,2024-11-03 21:52:00,2024-11-03 21:58:00,6,10,False,,2024-11-03
FX_RATE_LOAD,RUNNING,2024-11-04 23:35:00,2024-11-04 23:41:00,6,10,False,,2024-11-04
CLIENT_STMT_GEN,SUCCESS,2024-10-10 23:30:00,2024-10-11 00:00:00,30,60,False,,2024-10-10
DIVIDEND_PROC,SUCCESS,2024-12-29 15:28:00,2024-12-29 15:52:00,24,30,False,,2024-12-29
INVEST_RECON_JOB,SUCCESS,2024-08-10 00:19:00,2024-08-10 00:31:00,12,45,False,,2024-08-10
CLIENT_STMT_GEN,SUCCESS,2024-03-29 01:33:00,2024-03-29 02:29:00,56,60,False,,2024-03-29
SLA_MONITOR_BATCH,RUNNING,2024-05-06 03:20:00,2024-05-06 03:28:00,8,15,False,,2024-05-06
FX_RATE_LOAD,SUCCESS,2024-04-07 19:05:00,2024-04-07 19:11:00,6,10,False,,2024-04-07
INVEST_RECON_JOB,SUCCESS,2024-01-16 00:57:00,2024-01-16 01:06:00,9,45,False,,2024-01-16
SLA_MONITOR_BATCH,SUCCESS,2024-11-30 21:44:00,2024-11-30 21:56:00,12,15,False,,2024-11-30
EOD_CLOSE_PROC,SUCCESS,2024-11-11 23:47:00,2024-11-12 00:00:00,13,70,False,,2024-11-11
PERF_ATTR_JOB,SUCCESS,2024-11-29 21:14:00,2024-11-29 21:21:00,7,45,False,,2024-11-29
COMPLIANCE_RPT,SUCCESS,2024-10-15 02:13:00,2024-10-15 02:37:00,24,55,False,,2024-10-15
CASH_FLOW_EXTRACT,SUCCESS,2024-09-21 18:31:00,2024-09-21 18:41:00,10,20,False,,2024-09-21
INVEST_RECON_JOB,RUNNING,2024-10-05 15:08:00,2024-10-05 15:15:00,7,45,False,,2024-10-05
FX_RATE_LOAD,SUCCESS,2024-08-10 20:20:00,2024-08-10 20:28:00,8,10,False,,2024-08-10
SLA_MONITOR_BATCH,SUCCESS,2024-12-07 22:08:00,2024-12-07 22:17:00,9,15,False,,2024-12-07
EOD_CLOSE_PROC,SUCCESS,2024-11-13 22:41:00,2024-11-13 23:05:00,24,70,False,,2024-11-13
PORTF_RPT_DAILY,SUCCESS,2024-04-29 10:53:00,2024-04-29 11:05:00,12,30,False,,2024-04-29
PORTF_RPT_DAILY,SUCCESS,2024-09-05 13:27:00,2024-09-05 13:51:00,24,30,False,,2024-09-05
PERF_ATTR_JOB,SUCCESS,2024-05-13 17:57:00,2024-05-13 18:41:00,44,45,False,,2024-05-13
POSITION_SYNC,SUCCESS,2024-10-18 17:58:00,2024-10-18 18:16:00,18,20,False,,2024-10-18
PORTF_RPT_DAILY,SUCCESS,2024-07-08 12:34:00,2024-07-08 12:43:00,9,30,False,,2024-07-08
EOD_CLOSE_PROC,SUCCESS,2024-08-30 21:23:00,2024-08-30 21:59:00,36,70,False,,2024-08-30
NAV_CALC_BATCH,LATE,2024-08-17 19:26:00,2024-08-17 20:47:00,81,50,True,,2024-08-17
CASH_FLOW_EXTRACT,LATE,2024-08-08 18:21:00,2024-08-08 19:16:00,55,20,True,,2024-08-08
INVEST_RECON_JOB,FAILED,2024-11-29 23:41:00,2024-11-29 23:51:00,10,45,False,RC=8,2024-11-29
SLA_MONITOR_BATCH,SUCCESS,2024-06-06 15:16:00,2024-06-06 15:22:00,6,15,False,,2024-06-06
TRADE_SETTLE_CHK,SUCCESS,2024-04-25 02:42:00,2024-04-25 02:53:00,11,35,False,,2024-04-25
RISK_CALC_JOB,FAILED,2024-06-10 12:06:00,2024-06-10 12:07:00,1,40,False,RC=8,2024-06-10
RISK_CALC_JOB,SUCCESS,2024-04-10 20:10:00,2024-04-10 20:19:00,9,40,False,,2024-04-10
RISK_CALC_JOB,LATE,2024-06-28 01:14:00,2024-06-28 02:25:00,71,40,True,,2024-06-28
CASH_FLOW_EXTRACT,FAILED,2024-12-05 05:02:00,2024-12-05 05:05:00,3,20,False,ABEND S0C7,2024-12-05
COMPLIANCE_RPT,SUCCESS,2024-10-25 19:46:00,2024-10-25 19:55:00,9,55,False,,2024-10-25
FX_RATE_LOAD,SUCCESS,2024-09-04 06:13:00,2024-09-04 06:21:00,8,10,False,,2024-09-04
PORTF_RPT_DAILY,SUCCESS,2024-04-04 09:54:00,2024-04-04 10:08:00,14,30,False,,2024-04-04
SLA_MONITOR_BATCH,ABENDED,2024-05-26 17:38:00,2024-05-26 17:39:00,1,15,False,ABEND S0C7,2024-05-26
RISK_CALC_JOB,SUCCESS,2024-08-15 23:34:00,2024-08-16 00:05:00,31,40,False,,2024-08-15
COMPLIANCE_RPT,SUCCESS,2024-04-25 10:04:00,2024-04-25 10:09:00,5,55,False,,2024-04-25
TRADE_SETTLE_CHK,ABENDED,2024-07-30 10:04:00,2024-07-30 10:07:00,3,35,False,ABEND S222,2024-07-30
NAV_CALC_BATCH,SUCCESS,2024-12-18 17:54:00,2024-12-18 18:21:00,27,50,False,,2024-12-18
CASH_FLOW_EXTRACT,SUCCESS,2024-05-02 21:10:00,2024-05-02 21:28:00,18,20,False,,2024-05-02
DIVIDEND_PROC,SUCCESS,2024-02-10 08:22:00,2024-02-10 08:39:00,17,30,False,,2024-02-10
CLIENT_STMT_GEN,LATE,2024-01-19 19:52:00,2024-01-19 21:01:00,69,60,True,,2024-01-19
DIVIDEND_PROC,FAILED,2024-09-17 00:22:00,2024-09-17 00:28:00,6,30,False,JCL ERROR,2024-09-17
TRADE_SETTLE_CHK,SUCCESS,2024-02-18 10:57:00,2024-02-18 11:28:00,31,35,False,,2024-02-18
RISK_CALC_JOB,SUCCESS,2024-11-13 12:42:00,2024-11-13 13:10:00,28,40,False,,2024-11-13
CLIENT_STMT_GEN,SUCCESS,2024-02-29 12:03:00,2024-02-29 12:49:00,46,60,False,,2024-02-29
RISK_CALC_JOB,ABENDED,2024-01-02 01:18:00,2024-01-02 01:19:00,1,40,False,JCL ERROR,2024-01-02
CLIENT_STMT_GEN,RUNNING,2024-01-07 22:19:00,2024-01-07 22:44:00,25,60,False,,2024-01-07
EOD_CLOSE_PROC,SUCCESS,2024-10-03 08:01:00,2024-10-03 08:37:00,36,70,False,,2024-10-03
FX_RATE_LOAD,RUNNING,2024-12-30 17:09:00,2024-12-30 17:15:00,6,10,False,,2024-12-30
CASH_FLOW_EXTRACT,ABENDED,2024-01-13 21:13:00,2024-01-13 21:23:00,10,20,False,ABEND S222,2024-01-13
POSITION_SYNC,FAILED,2024-01-21 07:32:00,2024-01-21 07:38:00,6,20,False,JCL ERROR,2024-01-21
DIVIDEND_PROC,SUCCESS,2024-05-22 20:44:00,2024-05-22 21:12:00,28,30,False,,2024-05-22
PORTF_RPT_DAILY,FAILED,2024-09-30 17:00:00,2024-09-30 17:03:00,3,30,False,ABEND S222,2024-09-30
TRANS_LOG_PARSER,SUCCESS,2024-12-23 10:05:00,2024-12-23 10:22:00,17,25,False,,2024-12-23
SLA_MONITOR_BATCH,FAILED,2024-12-29 19:13:00,2024-12-29 19:20:00,7,15,False,RC=12,2024-12-29
TRADE_SETTLE_CHK,SUCCESS,2024-08-01 04:12:00,2024-08-01 04:18:00,6,35,False,,2024-08-01
EOD_CLOSE_PROC,SUCCESS,2024-08-27 09:16:00,2024-08-27 09:23:00,7,70,False,,2024-08-27
DIVIDEND_PROC,RUNNING,2024-01-28 13:31:00,2024-01-28 13:37:00,6,30,False,,2024-01-28
DIVIDEND_PROC,FAILED,2024-11-05 17:30:00,2024-11-05 17:31:00,1,30,False,JCL ERROR,2024-11-05
INVEST_RECON_JOB,SUCCESS,2024-12-13 22:07:00,2024-12-13 22:50:00,43,45,False,,2024-12-13
TRADE_SETTLE_CHK,SUCCESS,2024-10-03 23:52:00,2024-10-04 00:19:00,27,35,False,,2024-10-03
NAV_CALC_BATCH,RUNNING,2024-05-24 07:05:00,2024-05-24 07:15:00,10,50,False,,2024-05-24
CLIENT_STMT_GEN,FAILED,2024-03-15 12:24:00,2024-03-15 12:28:00,4,60,False,RC=8,2024-03-15
TRANS_LOG_PARSER,SUCCESS,2024-10-10 10:35:00,2024-10-10 10:41:00,6,25,False,,2024-10-10
TRANS_LOG_PARSER,SUCCESS,2024-07-23 07:11:00,2024-07-23 07:19:00,8,25,False,,2024-07-23
CASH_FLOW_EXTRACT,SUCCESS,2024-07-25 01:18:00,2024-07-25 01:30:00,12,20,False,,2024-07-25
PERF_ATTR_JOB,FAILED,2024-03-22 04:01:00,2024-03-22 04:12:00,11,45,False,RC=12,2024-03-22
FX_RATE_LOAD,RUNNING,2024-12-13 00:30:00,2024-12-13 00:38:00,8,10,False,,2024-12-13
SLA_MONITOR_BATCH,SUCCESS,2024-05-22 09:30:00,2024-05-22 09:35:00,5,15,False,,2024-05-22
COMPLIANCE_RPT,SUCCESS,2024-12-13 04:58:00,2024-12-13 05:43:00,45,55,False,,2024-12-13
EOD_CLOSE_PROC,SUCCESS,2024-08-15 02:18:00,2024-08-15 03:12:00,54,70,False,,2024-08-15
TRADE_SETTLE_CHK,SUCCESS,2024-11-12 18:21:00,2024-11-12 18:49:00,28,35,False,,2024-11-12
CLIENT_STMT_GEN,SUCCESS,2024-08-03 15:51:00,2024-08-03 16:20:00,29,60,False,,2024-08-03
POSITION_SYNC,SUCCESS,2024-07-27 05:15:00,2024-07-27 05:25:00,10,20,False,,2024-07-27
TRADE_SETTLE_CHK,FAILED,2024-07-11 00:23:00,2024-07-11 00:31:00,8,35,False,RC=8,2024-07-11
INVEST_RECON_JOB,FAILED,2024-02-07 23:34:00,2024-02-07 23:44:00,10,45,False,RC=8,2024-02-07
INVEST_RECON_JOB,SUCCESS,2024-10-11 14:00:00,2024-10-11 14:18:00,18,45,False,,2024-10-11
EOD_CLOSE_PROC,SUCCESS,2024-07-24 01:21:00,2024-07-24 01:32:00,11,70,False,,2024-07-24
POSITION_SYNC,SUCCESS,2024-07-21 12:15:00,2024-07-21 12:26:00,11,20,False,,2024-07-21
COMPLIANCE_RPT,SUCCESS,2024-01-23 04:46:00,2024-01-23 05:24:00,38,55,False,,2024-01-23
EOD_CLOSE_PROC,SUCCESS,2024-11-27 20:27:00,2024-11-27 21:06:00,39,70,False,,2024-11-27
COMPLIANCE_RPT,SUCCESS,2024-10-06 18:07:00,2024-10-06 18:12:00,5,55,False,,2024-10-06
COMPLIANCE_RPT,SUCCESS,2024-01-23 18:07:00,2024-01-23 18:22:00,15,55,False,,2024-01-23
PORTF_RPT_DAILY,ABENDED,2024-05-01 20:01:00,2024-05-01 20:04:00,3,30,False,ABEND S0C7,2024-05-01
INVEST_RECON_JOB,SUCCESS,2024-05-14 10:10:00,2024-05-14 10:27:00,17,45,False,,2024-05-14
PERF_ATTR_JOB,LATE,2024-07-08 18:29:00,2024-07-08 20:03:00,94,45,True,,2024-07-08
FX_RATE_LOAD,SUCCESS,2024-02-27 18:41:00,2024-02-27 18:47:00,6,10,False,,2024-02-27
POSITION_SYNC,SUCCESS,2024-11-15 22:34:00,2024-11-15 22:45:00,11,20,False,,2024-11-15
PORTF_RPT_DAILY,SUCCESS,2024-08-25 11:58:00,2024-08-25 12:18:00,20,30,False,,2024-08-25
EOD_CLOSE_PROC,SUCCESS,2024-06-13 08:51:00,2024-06-13 09:30:00,39,70,False,,2024-06-13
NAV_CALC_BATCH,SUCCESS,2024-03-11 01:20:00,2024-03-11 01:43:00,23,50,False,,2024-03-11
TRADE_SETTLE_CHK,SUCCESS,2024-11-05 09:44:00,2024-11-05 09:58:00,14,35,False,,2024-11-05
EOD_CLOSE_PROC,SUCCESS,2024-09-20 02:07:00,2024-09-20 02:14:00,7,70,False,,2024-09-20
NAV_CALC_BATCH,SUCCESS,2024-10-07 19:24:00,2024-10-07 19:51:00,27,50,False,,2024-10-07
NAV_CALC_BATCH,SUCCESS,2024-04-18 09:56:00,2024-04-18 10:19:00,23,50,False,,2024-04-18
PERF_ATTR_JOB,SUCCESS,2024-07-26 05:55:00,2024-07-26 06:10:00,15,45,False,,2024-07-26
FX_RATE_LOAD,FAILED,2024-07-08 04:07:00,2024-07-08 04:11:00,4,10,False,JCL ERROR,2024-07-08
RISK_CALC_JOB,SUCCESS,2024-12-24 13:24:00,2024-12-24 13:29:00,5,40,False,,2024-12-24
CLIENT_STMT_GEN,LATE,2024-07-28 03:51:00,2024-07-28 05:22:00,91,60,True,,2024-07-28
COMPLIANCE_RPT,SUCCESS,2024-10-04 13:01:00,2024-10-04 13:34:00,33,55,False,,2024-10-04
PORTF_RPT_DAILY,SUCCESS,2024-11-23 04:48:00,2024-11-23 05:06:00,18,30,False,,2024-11-23
EOD_CLOSE_PROC,RUNNING,2024-01-09 04:12:00,2024-01-09 05:02:00,50,70,False,,2024-01-09
PERF_ATTR_JOB,LATE,2024-07-06 16:23:00,2024-07-06 17:14:00,51,45,True,,2024-07-06
CASH_FLOW_EXTRACT,SUCCESS,2024-04-11 21:00:00,2024-04-11 21:06:00,6,20,False,,2024-04-11
RISK_CALC_JOB,SUCCESS,2024-11-21 02:27:00,2024-11-21 03:03:00,36,40,False,,2024-11-21
PERF_ATTR_JOB,SUCCESS,2024-08-04 01:22:00,2024-08-04 02:00:00,38,45,False,,2024-08-04
RISK_CALC_JOB,SUCCESS,2024-07-10 04:11:00,2024-07-10 04:32:00,21,40,False,,2024-07-10
SLA_MONITOR_BATCH,SUCCESS,2024-05-05 18:20:00,2024-05-05 18:29:00,9,15,False,,2024-05-05
RISK_CALC_JOB,SUCCESS,2024-01-29 22:24:00,2024-01-29 22:45:00,21,40,False,,2024-01-29
TRADE_SETTLE_CHK,FAILED,2024-04-19 03:43:00,2024-04-19 03:54:00,11,35,False,ABEND S222,2024-04-19
FX_RATE_LOAD,SUCCESS,2024-08-23 03:36:00,2024-08-23 03:41:00,5,10,False,,2024-08-23
PERF_ATTR_JOB,SUCCESS,2024-09-25 20:36:00,2024-09-25 21:15:00,39,45,False,,2024-09-25
POSITION_SYNC,SUCCESS,2024-06-02 22:25:00,2024-06-02 22:39:00,14,20,False,,2024-06-02
CLIENT_STMT_GEN,SUCCESS,2024-07-17 03:35:00,2024-07-17 03:55:00,20,60,False,,2024-07-17
CLIENT_STMT_GEN,RUNNING,2024-11-06 15:16:00,2024-11-06 16:01:00,45,60,False,,2024-11-06
NAV_CALC_BATCH,SUCCESS,2024-07-21 17:00:00,2024-07-21 17:28:00,28,50,False,,2024-07-21
NAV_CALC_BATCH,SUCCESS,2024-04-05 07:47:00,2024-04-05 08:36:00,49,50,False,,2024-04-05
RISK_CALC_JOB,ABENDED,2024-02-15 17:16:00,2024-02-15 17:24:00,8,40,False,RC=8,2024-02-15
PERF_ATTR_JOB,SUCCESS,2024-10-15 05:10:00,2024-10-15 05:16:00,6,45,False,,2024-10-15
FX_RATE_LOAD,SUCCESS,2024-09-07 07:13:00,2024-09-07 07:19:00,6,10,False,,2024-09-07
COMPLIANCE_RPT,ABENDED,2024-12-19 22:38:00,2024-12-19 23:01:00,23,55,False,ABEND S222,2024-12-19
CLIENT_STMT_GEN,FAILED,2024-03-09 06:36:00,2024-03-09 07:04:00,28,60,False,ABEND S222,2024-03-09
SLA_MONITOR_BATCH,SUCCESS,2024-04-05 17:58:00,2024-04-05 18:05:00,7,15,False,,2024-04-05
TRANS_LOG_PARSER,SUCCESS,2024-03-24 12:59:00,2024-03-24 13:18:00,19,25,False,,2024-03-24
POSITION_SYNC,SUCCESS,2024-10-30 20:11:00,2024-10-30 20:20:00,9,20,False,,2024-10-30
INVEST_RECON_JOB,SUCCESS,2024-05-01 19:59:00,2024-05-01 20:14:00,15,45,False,,2024-05-01
CLIENT_STMT_GEN,FAILED,2024-06-22 20:09:00,2024-06-22 20:11:00,2,60,False,RC=12,2024-06-22
CLIENT_STMT_GEN,FAILED,2024-01-12 18:06:00,2024-01-12 18:15:00,9,60,False,RC=8,2024-01-12
CASH_FLOW_EXTRACT,SUCCESS,2024-04-06 07:48:00,2024-04-06 08:05:00,17,20,False,,2024-04-06
INVEST_RECON_JOB,SUCCESS,2024-05-30 04:13:00,2024-05-30 04:37:00,24,45,False,,2024-05-30
RISK_CALC_JOB,FAILED,2024-11-05 18:33:00,2024-11-05 18:38:00,5,40,False,JCL ERROR,2024-11-05
PORTF_RPT_DAILY,FAILED,2024-09-04 10:52:00,2024-09-04 10:58:00,6,30,False,RC=8,2024-09-04
TRANS_LOG_PARSER,ABENDED,2024-12-19 10:08:00,2024-12-19 10:15:00,7,25,False,RC=8,2024-12-19
EOD_CLOSE_PROC,RUNNING,2024-06-14 13:36:00,2024-06-14 13:49:00,13,70,False,,2024-06-14
CLIENT_STMT_GEN,SUCCESS,2024-04-23 03:01:00,2024-04-23 03:06:00,5,60,False,,2024-04-23
TRADE_SETTLE_CHK,ABENDED,2024-05-25 07:13:00,2024-05-25 07:18:00,5,35,False,RC=12,2024-05-25
PERF_ATTR_JOB,FAILED,2024-11-16 23:49:00,2024-11-16 23:54:00,5,45,False,RC=12,2024-11-16
RISK_CALC_JOB,SUCCESS,2024-08-27 06:13:00,2024-08-27 06:22:00,9,40,False,,2024-08-27
POSITION_SYNC,RUNNING,2024-09-16 22:02:00,2024-09-16 22:13:00,11,20,False,,2024-09-16
POSITION_SYNC,RUNNING,2024-09-01 00:59:00,2024-09-01 01:16:00,17,20,False,,2024-09-01
RISK_CALC_JOB,SUCCESS,2024-10-12 11:03:00,2024-10-12 11:23:00,20,40,False,,2024-10-12
POSITION_SYNC,FAILED,2024-06-20 19:20:00,2024-06-20 19:23:00,3,20,False,JCL ERROR,2024-06-20
DIVIDEND_PROC,FAILED,2024-03-10 20:18:00,2024-03-10 20:20:00,2,30,False,RC=8,2024-03-10
NAV_CALC_BATCH,SUCCESS,2024-12-28 09:46:00,2024-12-28 09:54:00,8,50,False,,2024-12-28
INVEST_RECON_JOB,RUNNING,2024-05-18 00:43:00,2024-05-18 01:15:00,32,45,False,,2024-05-18
RISK_CALC_JOB,FAILED,2024-07-06 16:10:00,2024-07-06 16:24:00,14,40,False,ABEND S222,2024-07-06
POSITION_SYNC,SUCCESS,2024-10-18 00:53:00,2024-10-18 01:12:00,19,20,False,,2024-10-18
POSITION_SYNC,ABENDED,2024-01-08 01:15:00,2024-01-08 01:22:00,7,20,False,RC=12,2024-01-08
PERF_ATTR_JOB,SUCCESS,2024-07-01 20:54:00,2024-07-01 21:24:00,30,45,False,,2024-07-01
EOD_CLOSE_PROC,LATE,2024-05-14 13:46:00,2024-05-14 15:05:00,79,70,True,,2024-05-14
SLA_MONITOR_BATCH,SUCCESS,2024-05-16 10:38:00,2024-05-16 10:50:00,12,15,False,,2024-05-16
NAV_CALC_BATCH,SUCCESS,2024-02-23 16:59:00,2024-02-23 17:17:00,18,50,False,,2024-02-23
FX_RATE_LOAD,FAILED,2024-10-19 21:31:00,2024-10-19 21:36:00,5,10,False,JCL ERROR,2024-10-19
TRADE_SETTLE_CHK,SUCCESS,2024-11-02 02:16:00,2024-11-02 02:40:00,24,35,False,,2024-11-02
EOD_CLOSE_PROC,FAILED,2024-08-06 01:37:00,2024-08-06 01:58:00,21,70,False,ABEND S0C7,2024-08-06
PORTF_RPT_DAILY,ABENDED,2024-11-01 22:51:00,2024-11-01 23:02:00,11,30,False,RC=12,2024-11-01
INVEST_RECON_JOB,ABENDED,2024-08-11 09:13:00,2024-08-11 09:18:00,5,45,False,RC=12,2024-08-11
TRADE_SETTLE_CHK,SUCCESS,2024-10-29 08:57:00,2024-10-29 09:14:00,17,35,False,,2024-10-29
CASH_FLOW_EXTRACT,SUCCESS,2024-03-21 22:35:00,2024-03-21 22:49:00,14,20,False,,2024-03-21
